term_ID,description,frequency,plot_X,plot_Y,plot_size,log10 p-value,uniqueness,dispensability,representative,eliminated
GO:0000278,"mitotic cell cycle",4.034%, 0.552,-1.107,3.005,-55.8633,0.849,0.000,278,0
GO:0002376,"immune system process",3.068%, 0.047, 0.232,2.886,-17.4472,0.994,0.000,2376,0
GO:0008152,"metabolic process",60.606%, 0.242, 0.276,4.182,-95.1908,0.998,0.000,8152,0
GO:0009987,"cellular process",65.697%, 0.050, 0.270,4.217,-129.7828,0.998,0.000,9987,0
GO:0023052,"signaling",19.268%, 0.067, 0.701,3.684,-70.7736,0.995,0.000,23052,0
GO:0032501,"multicellular organismal process",30.233%, 0.076, 0.050,3.880,-38.9219,0.996,0.000,32501,0
GO:0032502,"developmental process",25.377%, 0.043, 0.044,3.804,-77.2536,0.996,0.000,32502,0
GO:0040007,"growth",3.519%,-0.005, 0.030,2.946,-37.4192,0.994,0.000,40007,0
GO:0040011,"locomotion",5.151%,-0.015, 0.068,3.111,-20.8886,0.995,0.000,40011,0
GO:0044699,"single-organism process",63.339%, 0.054, 0.785,4.201,-76.6392,0.998,0.000,44699,0
GO:0050896,"response to stimulus",27.759%, 0.068, 0.660,3.842,-66.0741,0.996,0.000,50896,0
GO:0051179,"localization",20.122%,-0.004, 0.077,3.703,-67.5046,0.995,0.000,51179,0
GO:0051239,"regulation of multicellular organismal process",4.780%, 0.651,-7.194,3.079,-58.4186,0.784,0.000,51239,0
GO:0051649,"establishment of localization in cell",4.876%,-0.365, 3.249,3.087,-48.5652,0.903,0.000,51649,0
GO:0051704,"multi-organism process",9.465%, 0.135, 0.487,3.375,-24.6690,0.995,0.000,51704,0
GO:0065007,"biological regulation",35.572%, 0.097, 0.191,3.950,-180.2490,0.996,0.000,65007,0
GO:0071840,"cellular component organization or biogenesis",19.057%, 0.072, 0.740,3.679,-98.7520,0.995,0.000,71840,0
GO:0070647,"protein modification by small protein conjugation or removal",1.145%, 4.373, 3.880,2.459,-22.8618,0.848,0.038,70647,0
GO:0033554,"cellular response to stress",4.086%, 1.511,-2.256,3.011,-46.3408,0.902,0.045,33554,0
GO:0008283,"cell proliferation",2.338%,-0.018, 0.039,2.769,-28.5583,0.953,0.048,8283,0
GO:0009056,"catabolic process",10.267%, 0.185, 0.969,3.411,-17.0470,0.950,0.058,9056,0
GO:0044763,"single-organism cellular process",51.700%,-0.873, 1.313,4.113,-158.5619,0.884,0.087,44763,0
GO:0007163,"establishment or maintenance of cell polarity",1.628%,-0.213,-0.006,2.612,-26.8766,0.914,0.087,7163,0
GO:0012501,"programmed cell death",2.270%, 0.304,-0.695,2.756,-24.9319,0.893,0.091,12501,0
GO:0008219,"cell death",2.454%,null,null,2.790,-25.0104,0.892,0.962,12501,1
GO:0006915,"apoptotic process",1.464%,null,null,2.566,-14.0162,0.898,0.903,12501,1
GO:0030029,"actin filament-based process",2.582%,-0.290,-0.122,2.812,-27.4341,0.909,0.093,30029,0
GO:0000226,"microtubule cytoskeleton organization",3.188%,-2.531,-0.388,2.903,-40.6399,0.802,0.096,226,0
GO:0009058,"biosynthetic process",17.245%, 0.643, 1.575,3.636,-13.6471,0.945,0.098,9058,0
GO:0051301,"cell division",3.819%,-0.691,-0.323,2.981,-19.6599,0.904,0.098,51301,0
GO:0007017,"microtubule-based process",4.345%,-0.609,-0.308,3.037,-51.2722,0.902,0.100,7017,0
GO:0007267,"cell-cell signaling",4.816%, 1.152,-3.035,3.082,-31.7762,0.868,0.103,7267,0
GO:0007049,"cell cycle",6.065%,-0.930,-0.459,3.182,-44.5840,0.898,0.109,7049,0
GO:0006928,"movement of cell or subcellular component",5.662%,-0.737,-0.351,3.152,-31.6489,0.899,0.112,6928,0
GO:0044281,"small molecule metabolic process",11.424%, 0.188, 1.050,3.457,-20.2072,0.896,0.118,44281,0
GO:1901360,"organic cyclic compound metabolic process",23.737%, 2.961, 2.809,3.775,-92.0560,0.911,0.127,1901360,0
GO:0006807,"nitrogen compound metabolic process",26.031%, 1.361, 2.213,3.815,-35.8112,0.940,0.142,6807,0
GO:0007154,"cell communication",19.544%,-1.644,-1.515,3.690,-79.8297,0.875,0.146,7154,0
GO:0019233,"sensory perception of pain",0.028%,-4.123,-1.416,0.903,-15.8883,0.925,0.149,19233,0
GO:0044710,"single-organism metabolic process",23.965%, 0.887, 2.205,3.779,-37.2534,0.882,0.160,44710,0
GO:0006725,"cellular aromatic compound metabolic process",23.466%, 3.060, 4.107,3.770,-95.0609,0.852,0.176,6725,0
GO:0044237,"cellular metabolic process",41.210%, 1.961, 2.631,4.014,-98.0473,0.888,0.186,44237,0
GO:0090066,"regulation of anatomical structure size",1.680%, 3.789,-5.737,2.625,-15.2429,0.883,0.187,90066,0
GO:0042127,"regulation of cell proliferation",1.105%, 3.743,-5.880,2.444,-15.2418,0.831,0.195,42127,0
GO:0002682,"regulation of immune system process",1.277%, 3.800,-5.551,2.507,-12.9791,0.883,0.199,2682,0
GO:0040008,"regulation of growth",2.027%, 3.661,-5.737,2.707,-29.0024,0.864,0.212,40008,0
GO:0065009,"regulation of molecular function",4.964%, 4.047,-5.965,3.095,-15.0295,0.872,0.220,65009,0
GO:0044265,"cellular macromolecule catabolic process",1.943%, 4.099, 4.172,2.688,-18.5260,0.836,0.222,44265,0
GO:0010604,"positive regulation of macromolecule metabolic process",2.865%, 5.722,-3.824,2.857,-55.4506,0.720,0.223,10604,0
GO:0031325,"positive regulation of cellular metabolic process",3.523%,null,null,2.946,-49.9117,0.698,0.930,10604,1
GO:0043412,"macromolecule modification",9.979%, 3.611, 2.916,3.398,-61.9822,0.891,0.227,43412,0
GO:0000398,"mRNA splicing, via spliceosome",1.544%, 4.477, 3.493,2.589,-15.9699,0.815,0.230,398,0
GO:0000377,"RNA splicing, via transesterification reactions with bulged adenosine as nucleophile",1.544%,null,null,2.589,-15.9699,0.815,0.984,398,1
GO:0000375,"RNA splicing, via transesterification reactions",1.548%,null,null,2.590,-16.1669,0.815,0.967,398,1
GO:0006397,"mRNA processing",2.039%,null,null,2.709,-17.5233,0.810,0.922,398,1
GO:0071704,"organic substance metabolic process",48.376%, 2.146, 2.741,4.084,-95.2436,0.930,0.245,71704,0
GO:0044238,"primary metabolic process",45.882%, 2.076, 2.814,4.061,-88.1167,0.931,0.262,44238,0
GO:2000026,"regulation of multicellular organismal development",3.699%,-1.557,-6.840,2.968,-49.9426,0.675,0.263,2000026,0
GO:0042692,"muscle cell differentiation",1.077%,-5.733,-3.224,2.433,-12.5236,0.793,0.265,42692,0
GO:0048585,"negative regulation of response to stimulus",2.282%, 4.193,-6.488,2.758,-26.7950,0.816,0.265,48585,0
GO:0042330,"taxis",2.717%, 1.338,-2.106,2.834,-17.9315,0.951,0.272,42330,0
GO:0002181,"cytoplasmic translation",0.048%, 3.953, 2.663,1.114,-13.4928,0.863,0.276,2181,0
GO:0043170,"macromolecule metabolic process",35.600%, 3.547, 3.588,3.951,-72.3346,0.903,0.303,43170,0
GO:0035272,"exocrine system development",1.337%,-5.848,-3.273,2.526,-13.7350,0.811,0.315,35272,0
GO:0006793,"phosphorus metabolic process",16.427%, 2.995, 4.741,3.615,-31.6839,0.862,0.320,6793,0
GO:0060429,"epithelium development",4.700%,-6.335,-3.275,3.072,-43.9800,0.796,0.322,60429,0
GO:0035295,"tube development",1.660%,-5.821,-3.299,2.620,-32.5290,0.815,0.324,35295,0
GO:0001709,"cell fate determination",1.109%,-5.596,-3.229,2.446,-12.2066,0.798,0.328,1709,0
GO:0061061,"muscle structure development",2.242%,-5.791,-3.196,2.751,-17.7066,0.822,0.334,61061,0
GO:0050794,"regulation of cellular process",30.401%, 4.531,-6.565,3.882,-160.3449,0.767,0.348,50794,0
GO:0061024,"membrane organization",1.297%,-2.825,-0.284,2.513,-18.7101,0.870,0.350,61024,0
GO:0007528,"neuromuscular junction development",1.321%,-2.460,-0.291,2.521,-15.9800,0.831,0.351,7528,0
GO:0051124,"synaptic growth at neuromuscular junction",1.109%,null,null,2.446,-13.9989,0.700,0.905,7528,1
GO:0007416,"synapse assembly",1.341%,null,null,2.528,-15.6252,0.703,0.925,7528,1
GO:0003002,"regionalization",3.196%,-6.497,-3.540,2.904,-13.3401,0.803,0.356,3002,0
GO:0046483,"heterocycle metabolic process",23.155%, 3.069, 4.257,3.764,-91.4020,0.852,0.358,46483,0
GO:0007389,"pattern specification process",3.451%,-6.533,-3.552,2.938,-16.1879,0.801,0.360,7389,0
GO:0050808,"synapse organization",1.716%,-2.874,-0.426,2.634,-21.8201,0.835,0.363,50808,0
GO:0065008,"regulation of biological quality",8.519%, 4.117,-6.120,3.330,-60.0219,0.861,0.365,65008,0
GO:0044087,"regulation of cellular component biogenesis",1.999%, 2.162,-5.380,2.701,-28.6382,0.779,0.365,44087,0
GO:0048736,"appendage development",4.182%,-5.777,-3.312,3.021,-16.4490,0.791,0.370,48736,0
GO:0009790,"embryo development",3.787%,-5.920,-3.370,2.978,-14.8467,0.794,0.372,9790,0
GO:0044260,"cellular macromolecule metabolic process",27.568%, 4.464, 4.362,3.839,-74.9883,0.811,0.381,44260,0
GO:0051716,"cellular response to stimulus",19.444%, 1.746,-2.497,3.688,-82.4234,0.891,0.383,51716,0
GO:0044707,"single-multicellular organism process",27.588%,-5.551,-1.767,3.840,-70.0969,0.837,0.386,44707,0
GO:0032879,"regulation of localization",2.893%, 4.238,-4.144,2.861,-26.0074,0.816,0.390,32879,0
GO:0042325,"regulation of phosphorylation",1.584%, 5.374,-3.889,2.600,-17.9154,0.763,0.394,42325,0
GO:0007167,"enzyme linked receptor protein signaling pathway",2.458%, 3.949,-6.142,2.790,-13.8363,0.773,0.395,7167,0
GO:0048518,"positive regulation of biological process",7.904%, 4.607,-6.857,3.297,-103.9725,0.850,0.395,48518,0
GO:0006139,"nucleobase-containing compound metabolic process",22.608%, 4.285, 4.008,3.753,-90.5918,0.796,0.397,6139,0
GO:0048519,"negative regulation of biological process",8.136%, 4.643,-6.907,3.310,-72.2010,0.849,0.398,48519,0
GO:0046903,"secretion",1.373%,-0.459, 3.389,2.538,-18.0504,0.899,0.399,46903,0
GO:0044267,"cellular protein metabolic process",14.229%, 4.513, 4.241,3.552,-20.4414,0.800,0.411,44267,0
GO:0008104,"protein localization",4.345%,-0.438, 3.442,3.037,-39.2774,0.920,0.416,8104,0
GO:0051049,"regulation of transport",1.891%, 3.983,-3.779,2.677,-13.3088,0.821,0.417,51049,0
GO:0048812,"neuron projection morphogenesis",4.573%,-5.610,-2.973,3.060,-34.9488,0.627,0.418,48812,0
GO:0048858,"cell projection morphogenesis",4.876%,null,null,3.087,-35.1372,0.654,0.939,48812,1
GO:0010467,"gene expression",15.091%, 3.829, 3.239,3.578,-20.9698,0.883,0.418,10467,0
GO:0009605,"response to external stimulus",6.592%, 1.491,-2.257,3.218,-37.8126,0.955,0.425,9605,0
GO:0018205,"peptidyl-lysine modification",0.431%, 4.208, 3.776,2.037,-14.1593,0.864,0.426,18205,0
GO:0048869,"cellular developmental process",17.453%,-5.501,-3.695,3.641,-125.1191,0.728,0.430,48869,0
GO:0050793,"regulation of developmental process",5.143%,-1.104,-7.079,3.111,-67.6229,0.724,0.434,50793,0
GO:0048583,"regulation of response to stimulus",7.386%, 4.370,-6.568,3.268,-62.0079,0.830,0.436,48583,0
GO:0006950,"response to stress",8.004%, 1.391,-2.086,3.303,-52.2210,0.953,0.445,6950,0
GO:0016310,"phosphorylation",7.426%, 2.883, 3.829,3.270,-37.8411,0.873,0.448,16310,0
GO:0006897,"endocytosis",3.264%,-0.533, 3.587,2.913,-28.1570,0.927,0.452,6897,0
GO:0010646,"regulation of cell communication",6.412%, 3.794,-6.824,3.206,-53.6384,0.766,0.454,10646,0
GO:0009791,"post-embryonic development",6.121%,-5.952,-3.406,3.186,-38.1649,0.784,0.457,9791,0
GO:0009888,"tissue development",6.763%,-5.838,-3.339,3.229,-45.2605,0.814,0.461,9888,0
GO:0045165,"cell fate commitment",3.563%,-5.747,-3.446,2.951,-31.2500,0.766,0.462,45165,0
GO:0032446,"protein modification by small protein conjugation",0.950%, 4.060, 3.457,2.378,-16.9659,0.849,0.463,32446,0
GO:0016567,"protein ubiquitination",0.874%,null,null,2.342,-14.5696,0.850,0.940,32446,1
GO:0019538,"protein metabolic process",20.581%, 4.043, 3.356,3.713,-17.9597,0.874,0.464,19538,0
GO:0048569,"post-embryonic organ development",4.792%,-6.484,-3.594,3.080,-25.9285,0.768,0.466,48569,0
GO:0016192,"vesicle-mediated transport",4.748%,-0.425, 3.516,3.076,-44.6041,0.926,0.480,16192,0
GO:0032268,"regulation of cellular protein metabolic process",2.342%, 6.165,-2.499,2.769,-30.5749,0.714,0.483,32268,0
GO:0071702,"organic substance transport",4.501%,-0.447, 3.554,3.053,-16.4225,0.926,0.485,71702,0
GO:0019222,"regulation of metabolic process",16.308%, 4.740,-6.027,3.612,-88.6218,0.801,0.490,19222,0
GO:0007219,"Notch signaling pathway",0.954%, 3.968,-5.835,2.380,-13.1309,0.798,0.505,7219,0
GO:0018193,"peptidyl-amino acid modification",2.697%, 4.583, 4.533,2.831,-21.4936,0.831,0.523,18193,0
GO:0033043,"regulation of organelle organization",2.163%, 2.270,-5.430,2.735,-31.3549,0.744,0.525,33043,0
GO:1903506,"regulation of nucleic acid-templated transcription",4.236%, 5.856,-2.276,3.026,-40.5512,0.643,0.525,1903506,0
GO:0006366,"transcription from RNA polymerase II promoter",3.459%,null,null,2.939,-39.1269,0.754,1.343,1903506,1
GO:0006357,"regulation of transcription from RNA polymerase II promoter",3.124%,null,null,2.894,-35.3764,0.657,1.322,1903506,1
GO:0006355,"regulation of transcription, DNA-templated",7.964%,null,null,3.300,-40.5512,0.606,1.540,1903506,1
GO:0006351,"transcription, DNA-templated",8.615%,null,null,3.334,-44.7483,0.715,1.759,1903506,1
GO:0045893,"positive regulation of transcription, DNA-templated",2.043%,null,null,2.710,-28.1571,0.639,1.243,1903506,1
GO:0045944,"positive regulation of transcription from RNA polymerase II promoter",1.488%,null,null,2.573,-18.0494,0.653,1.189,1903506,1
GO:1903508,"positive regulation of nucleic acid-templated transcription",6.938%,null,null,3.240,-28.1571,0.573,1.686,1903506,1
GO:0032535,"regulation of cellular component size",1.173%, 1.868,-4.964,2.470,-12.1214,0.770,0.528,32535,0
GO:0016071,"mRNA metabolic process",2.230%, 4.699, 4.024,2.748,-19.2450,0.821,0.529,16071,0
GO:0051234,"establishment of localization",17.213%,-0.609, 4.074,3.635,-59.0764,0.917,0.536,51234,0
GO:0007417,"central nervous system development",2.007%,-5.817,-3.320,2.702,-15.4391,0.791,0.539,7417,0
GO:0007431,"salivary gland development",1.337%,-5.763,-3.241,2.526,-13.7350,0.804,0.540,7431,0
GO:0048646,"anatomical structure formation involved in morphogenesis",4.042%,-5.850,-3.325,3.006,-28.1562,0.803,0.541,48646,0
GO:0048732,"gland development",1.480%,-5.766,-3.267,2.571,-18.1363,0.802,0.547,48732,0
GO:0033036,"macromolecule localization",5.466%,-0.397, 3.345,3.137,-46.3864,0.930,0.549,33036,0
GO:0007399,"nervous system development",11.815%,-6.731,-3.677,3.472,-120.5043,0.743,0.552,7399,0
GO:0051246,"regulation of protein metabolic process",3.970%, 5.980,-3.340,2.998,-33.1626,0.742,0.552,51246,0
GO:0016570,"histone modification",0.974%, 1.983, 2.889,2.389,-18.3061,0.726,0.554,16570,0
GO:0016569,"covalent chromatin modification",0.974%,null,null,2.389,-18.1988,0.855,0.917,16570,1
GO:0006396,"RNA processing",3.072%, 4.303, 3.277,2.887,-24.4892,0.808,0.554,6396,0
GO:0009653,"anatomical structure morphogenesis",13.878%,-6.044,-3.422,3.541,-51.6175,0.791,0.557,9653,0
GO:0051641,"cellular localization",5.905%,-0.340, 3.118,3.171,-56.6905,0.930,0.558,51641,0
GO:0009057,"macromolecule catabolic process",2.478%, 3.507, 3.132,2.794,-17.2334,0.892,0.561,9057,0
GO:0016043,"cellular component organization",18.686%,-3.156,-0.188,3.671,-95.9346,0.813,0.564,16043,0
GO:0007552,"metamorphosis",5.355%,-5.899,-3.343,3.128,-28.9314,0.773,0.566,7552,0
GO:0044700,"single organism signaling",19.268%, 1.608,-2.555,3.684,-70.7736,0.897,0.568,44700,0
GO:0050789,"regulation of biological process",33.198%, 4.449,-6.661,3.920,-172.1471,0.823,0.581,50789,0
GO:0051128,"regulation of cellular component organization",5.291%, 2.388,-5.569,3.123,-70.1494,0.733,0.581,51128,0
GO:0060255,"regulation of macromolecule metabolic process",13.135%, 5.648,-3.383,3.518,-87.3582,0.716,0.585,60255,0
GO:0097659,"nucleic acid-templated transcription",1.186%, 4.372, 3.033,2.474,-44.7483,0.812,0.587,97659,0
GO:0035556,"intracellular signal transduction",5.742%, 3.792,-6.678,3.158,-34.8674,0.746,0.590,35556,0
GO:0030030,"cell projection organization",5.690%,-2.614,-0.586,3.154,-37.8860,0.807,0.591,30030,0
GO:0030154,"cell differentiation",16.830%,-5.590,-3.794,3.625,-118.7578,0.703,0.592,30154,0
GO:0023051,"regulation of signaling",6.340%, 4.614,-6.847,3.201,-53.6384,0.835,0.604,23051,0
GO:0043933,"macromolecular complex subunit organization",6.400%,-2.641,-0.347,3.205,-15.7902,0.840,0.606,43933,0
GO:0018130,"heterocycle biosynthetic process",10.857%, 3.493, 3.613,3.435,-48.8811,0.803,0.607,18130,0
GO:0048477,"oogenesis",4.441%,-6.101,-3.660,3.047,-19.3052,0.707,0.613,48477,0
GO:0007281,"germ cell development",5.139%,null,null,3.110,-20.4458,0.701,0.900,48477,1
GO:0044085,"cellular component biogenesis",6.763%,-2.721,-0.323,3.229,-56.3956,0.877,0.614,44085,0
GO:0048731,"system development",17.660%,-5.906,-3.406,3.646,-90.4288,0.737,0.619,48731,0
GO:0070925,"organelle assembly",1.548%,-2.550,-0.243,2.590,-15.4408,0.845,0.622,70925,0
GO:0016070,"RNA metabolic process",12.270%, 4.757, 4.147,3.488,-77.9080,0.777,0.627,16070,0
GO:0009968,"negative regulation of signal transduction",2.051%, 3.816,-6.019,2.712,-24.0029,0.740,0.630,9968,0
GO:0080134,"regulation of response to stress",1.624%, 3.719,-5.531,2.611,-15.2220,0.844,0.635,80134,0
GO:0007275,"multicellular organismal development",21.658%,-6.351,-3.561,3.735,-77.9248,0.748,0.636,7275,0
GO:0000075,"cell cycle checkpoint",0.678%, 0.983,-0.495,2.233,-12.5071,0.878,0.642,75,0
GO:0048584,"positive regulation of response to stimulus",2.482%, 4.394,-6.434,2.794,-21.4342,0.793,0.646,48584,0
GO:0048563,"post-embryonic organ morphogenesis",4.481%,-6.630,-3.617,3.051,-21.0420,0.741,0.646,48563,0
GO:0048707,"instar larval or pupal morphogenesis",5.163%,null,null,3.112,-29.0998,0.748,0.922,48563,1
GO:0032989,"cellular component morphogenesis",6.995%,-5.495,-2.858,3.244,-57.1158,0.655,0.649,32989,0
GO:1902589,"single-organism organelle organization",8.643%,-3.174,-0.826,3.336,-80.4156,0.783,0.650,1902589,0
GO:0010605,"negative regulation of macromolecule metabolic process",3.703%, 5.698,-3.886,2.968,-21.4963,0.730,0.651,10605,0
GO:0031324,"negative regulation of cellular metabolic process",3.256%,null,null,2.912,-18.2873,0.720,0.919,10605,1
GO:0051241,"negative regulation of multicellular organismal process",0.387%, 0.234,-6.934,1.991,-21.8513,0.790,0.654,51241,0
GO:0048513,"organ development",10.805%,-6.732,-3.671,3.433,-37.8853,0.746,0.655,48513,0
GO:0010647,"positive regulation of cell communication",1.919%, 4.351,-6.582,2.683,-19.0615,0.747,0.656,10647,0
GO:0023056,"positive regulation of signaling",1.847%, 4.571,-6.579,2.667,-19.0615,0.777,0.656,23056,0
GO:1901362,"organic cyclic compound biosynthetic process",11.041%, 3.415, 2.704,3.442,-47.1057,0.843,0.658,1901362,0
GO:0051129,"negative regulation of cellular component organization",1.002%, 2.213,-5.453,2.401,-12.6379,0.748,0.660,51129,0
GO:0007166,"cell surface receptor signaling pathway",9.656%, 3.412,-6.443,3.384,-34.7608,0.725,0.667,7166,0
GO:0010648,"negative regulation of cell communication",2.207%, 4.199,-6.693,2.744,-22.6507,0.763,0.668,10648,0
GO:0090304,"nucleic acid metabolic process",15.366%, 4.495, 3.697,3.586,-85.9027,0.795,0.669,90304,0
GO:0023057,"negative regulation of signaling",2.195%, 4.391,-6.730,2.741,-22.6507,0.793,0.670,23057,0
GO:0019438,"aromatic compound biosynthetic process",10.817%, 3.514, 3.816,3.433,-47.9063,0.803,0.671,19438,0
GO:0006974,"cellular response to DNA damage stimulus",2.426%, 1.448,-2.143,2.785,-19.1800,0.908,0.672,6974,0
GO:0051240,"positive regulation of multicellular organismal process",0.491%, 0.395,-6.936,2.093,-14.4994,0.768,0.672,51240,0
GO:0065003,"macromolecular complex assembly",2.853%,-2.668,-0.250,2.855,-17.2334,0.837,0.672,65003,0
GO:1901575,"organic substance catabolic process",9.393%, 2.659, 3.122,3.372,-18.0057,0.900,0.674,1901575,0
GO:0006913,"nucleocytoplasmic transport",0.770%,-0.365, 3.162,2.288,-12.7075,0.918,0.675,6913,0
GO:0044772,"mitotic cell cycle phase transition",1.029%, 1.111,-0.579,2.413,-17.8561,0.861,0.676,44772,0
GO:1901987,"regulation of cell cycle phase transition",0.946%,null,null,2.377,-15.9313,0.774,0.978,44772,1
GO:1901990,"regulation of mitotic cell cycle phase transition",0.946%,null,null,2.377,-15.9313,0.773,0.978,44772,1
GO:0044770,"cell cycle phase transition",1.041%, 1.093,-0.585,2.418,-18.5927,0.867,0.677,44770,0
GO:0051169,"nuclear transport",0.770%,-0.354, 3.173,2.288,-12.9688,0.918,0.679,51169,0
GO:0009967,"positive regulation of signal transduction",1.804%, 3.929,-5.925,2.656,-15.9859,0.725,0.679,9967,0
GO:0009893,"positive regulation of metabolic process",3.591%, 4.479,-5.914,2.955,-53.7389,0.761,0.679,9893,0
GO:0034641,"cellular nitrogen compound metabolic process",23.749%, 3.241, 3.462,3.775,-33.6988,0.818,0.681,34641,0
GO:0070271,"protein complex biogenesis",2.203%,-2.747,-0.277,2.743,-12.8331,0.881,0.681,70271,0
GO:0006796,"phosphate-containing compound metabolic process",16.387%, 3.103, 4.728,3.614,-31.7730,0.854,0.685,6796,0
GO:0000077,"DNA damage checkpoint",0.539%, 1.824,-2.168,2.134,-12.0581,0.849,0.686,77,0
GO:0009887,"organ morphogenesis",6.516%,-5.984,-3.435,3.213,-15.1523,0.738,0.688,9887,0
GO:0009889,"regulation of biosynthetic process",9.389%, 4.987,-5.051,3.372,-46.6326,0.736,0.691,9889,0
GO:0034622,"cellular macromolecular complex assembly",2.003%,-2.449,-0.231,2.702,-13.8463,0.843,0.693,34622,0
GO:0051493,"regulation of cytoskeleton organization",1.237%, 2.159,-5.326,2.493,-16.1075,0.754,0.695,51493,0
GO:0010564,"regulation of cell cycle process",1.281%, 3.952,-5.416,2.508,-26.0476,0.771,0.696,10564,0
GO:0051130,"positive regulation of cellular component organization",1.552%, 2.375,-5.485,2.591,-19.3735,0.717,0.696,51130,0
GO:0006996,"organelle organization",11.531%,-2.579,-0.297,3.461,-55.9281,0.825,0.699,6996,0
GO:1902578,"single-organism localization",15.115%,-0.457, 3.391,3.579,-56.6023,0.867,0.702,1902578,0
GO:0044767,"single-organism developmental process",25.042%,-6.451,-3.326,3.798,-74.7845,0.757,0.702,44767,0
GO:0010468,"regulation of gene expression",10.418%, 5.713,-3.369,3.417,-58.6255,0.704,0.707,10468,0
GO:0009892,"negative regulation of metabolic process",4.010%, 4.445,-6.019,3.003,-21.9685,0.765,0.708,9892,0
GO:0022008,"neurogenesis",10.215%,-5.991,-3.849,3.408,-111.5760,0.686,0.709,22008,0
GO:0006464,"cellular protein modification process",9.656%, 4.108, 3.580,3.384,-60.2957,0.795,0.710,6464,0
GO:0048856,"anatomical structure development",22.724%,-5.941,-3.407,3.756,-69.8583,0.789,0.714,48856,0
GO:0051171,"regulation of nitrogen compound metabolic process",10.881%, 5.047,-4.747,3.436,-58.1269,0.733,0.715,51171,0
GO:0007010,"cytoskeleton organization",5.590%,-2.567,-0.267,3.147,-70.7943,0.832,0.717,7010,0
GO:0051094,"positive regulation of developmental process",1.101%,-1.118,-6.895,2.442,-16.9642,0.708,0.721,51094,0
GO:0006810,"transport",16.687%,-0.606, 4.102,3.621,-52.1860,0.911,0.722,6810,0
GO:0032940,"secretion by cell",1.333%,-0.594, 3.583,2.525,-19.4613,0.840,0.726,32940,0
GO:0023061,"signal release",0.866%,null,null,2.338,-13.8165,0.822,0.933,32940,1
GO:0045786,"negative regulation of cell cycle",0.379%, 3.638,-5.155,1.982,-15.9313,0.779,0.726,45786,0
GO:0051297,"centrosome organization",0.810%,-2.728,-0.183,2.310,-19.6879,0.828,0.726,51297,0
GO:0051298,"centrosome duplication",0.483%,null,null,2.086,-14.8043,0.796,0.929,51297,1
GO:0007098,"centrosome cycle",0.595%,null,null,2.176,-15.5723,0.791,0.948,51297,1
GO:0044249,"cellular biosynthetic process",16.711%, 3.605, 4.175,3.622,-13.7610,0.805,0.729,44249,0
GO:0031023,"microtubule organizing center organization",0.862%,-2.447,-0.198,2.336,-19.0237,0.829,0.732,31023,0
GO:0048468,"cell development",11.631%,-5.779,-3.782,3.465,-64.6114,0.712,0.733,48468,0
GO:1902531,"regulation of intracellular signal transduction",3.256%, 3.788,-6.072,2.912,-21.2670,0.746,0.734,1902531,0
GO:0051656,"establishment of organelle localization",1.576%,-0.373, 3.251,2.598,-23.2584,0.915,0.742,51656,0
GO:0007293,"germarium-derived egg chamber formation",0.786%,-6.305,-3.345,2.297,-12.4025,0.751,0.745,7293,0
GO:0051252,"regulation of RNA metabolic process",8.623%, 6.074,-2.450,3.335,-50.3714,0.648,0.748,51252,0
GO:0002009,"morphogenesis of an epithelium",2.610%,-6.058,-3.287,2.816,-24.8574,0.764,0.749,2009,0
GO:0051093,"negative regulation of developmental process",1.480%,-1.126,-6.931,2.571,-24.8544,0.718,0.750,51093,0
GO:0007405,"neuroblast proliferation",0.527%,-6.215,-3.592,2.124,-12.0581,0.772,0.752,7405,0
GO:0032774,"RNA biosynthetic process",8.710%, 5.039, 4.096,3.339,-44.9328,0.753,0.753,32774,0
GO:0032270,"positive regulation of cellular protein metabolic process",0.706%, 6.151,-2.700,2.250,-19.2238,0.711,0.754,32270,0
GO:0048729,"tissue morphogenesis",2.781%,-5.786,-3.325,2.844,-25.1178,0.771,0.756,48729,0
GO:0051247,"positive regulation of protein metabolic process",0.730%, 5.882,-3.400,2.265,-19.8317,0.745,0.757,51247,0
GO:0051640,"organelle localization",1.847%,-0.366, 3.193,2.667,-24.3555,0.916,0.759,51640,0
GO:0048699,"generation of neurons",6.887%,-5.805,-3.606,3.237,-61.1545,0.702,0.760,48699,0
GO:1902580,"single-organism cellular localization",1.875%,-0.409, 3.327,2.673,-33.2329,0.878,0.761,1902580,0
GO:0001932,"regulation of protein phosphorylation",0.930%, 6.202,-2.298,2.369,-15.8575,0.733,0.761,1932,0
GO:0080090,"regulation of primary metabolic process",14.129%, 5.670,-4.855,3.549,-83.7704,0.733,0.761,80090,0
GO:0051726,"regulation of cell cycle",2.478%, 4.202,-5.983,2.794,-44.4075,0.761,0.762,51726,0
GO:0030036,"actin cytoskeleton organization",2.478%,-2.537,-0.344,2.794,-27.4317,0.808,0.762,30036,0
GO:0072089,"stem cell proliferation",0.642%,-0.120,-0.340,2.210,-15.0352,0.951,0.768,72089,0
GO:0031323,"regulation of cellular metabolic process",13.662%, 5.891,-3.882,3.535,-81.9918,0.694,0.769,31323,0
GO:0071822,"protein complex subunit organization",4.353%,-3.112,-0.192,3.038,-15.9035,0.838,0.769,71822,0
GO:0007165,"signal transduction",16.379%, 3.164,-6.443,3.613,-52.2723,0.702,0.769,7165,0
GO:0022604,"regulation of cell morphogenesis",1.863%,-1.809,-6.064,2.670,-15.0019,0.601,0.773,22604,0
GO:0007264,"small GTPase mediated signal transduction",2.961%, 4.000,-6.344,2.871,-12.0661,0.767,0.776,7264,0
GO:0044765,"single-organism transport",14.093%,-0.669, 4.068,3.548,-46.6218,0.860,0.777,44765,0
GO:0060284,"regulation of cell development",1.943%,-1.442,-6.856,2.688,-23.3159,0.665,0.778,60284,0
GO:0022412,"cellular process involved in reproduction in multicellular organism",5.514%,-4.667,-2.120,3.141,-20.7305,0.812,0.780,22412,0
GO:0010948,"negative regulation of cell cycle process",0.762%, 3.870,-5.477,2.283,-12.5318,0.758,0.781,10948,0
GO:0048522,"positive regulation of cellular process",7.090%, 4.726,-6.985,3.250,-87.9127,0.755,0.783,48522,0
GO:0048638,"regulation of developmental growth",1.289%,-1.484,-6.829,2.511,-21.3337,0.726,0.783,48638,0
GO:2000112,"regulation of cellular macromolecule biosynthetic process",8.882%, 5.854,-2.402,3.348,-48.3802,0.649,0.784,2000112,0
GO:0048523,"negative regulation of cellular process",7.202%, 4.625,-7.073,3.257,-65.4288,0.778,0.788,48523,0
GO:0006909,"phagocytosis",2.003%,-0.349, 3.108,2.702,-14.4119,0.892,0.792,6909,0
GO:1902582,"single-organism intracellular transport",2.526%,-0.641, 3.982,2.802,-14.4739,0.867,0.795,1902582,0
GO:0022607,"cellular component assembly",6.324%,-2.882,-0.318,3.200,-53.4457,0.826,0.795,22607,0
GO:0006468,"protein phosphorylation",5.127%, 4.072, 3.418,3.109,-29.3294,0.807,0.796,6468,0
GO:1903047,"mitotic cell cycle process",3.420%, 0.604,-0.761,2.933,-44.7265,0.846,0.799,1903047,0
GO:0031399,"regulation of protein modification process",1.213%, 5.898,-2.390,2.484,-17.4710,0.729,0.807,31399,0
GO:0032990,"cell part morphogenesis",4.900%,-5.544,-2.807,3.090,-36.3900,0.661,0.811,32990,0
GO:0045596,"negative regulation of cell differentiation",0.978%,-1.258,-6.935,2.391,-13.6400,0.680,0.813,45596,0
GO:0022603,"regulation of anatomical structure morphogenesis",2.661%,-1.566,-6.999,2.825,-24.6047,0.691,0.813,22603,0
GO:0034613,"cellular protein localization",2.677%,-0.383, 3.281,2.827,-25.2128,0.904,0.813,34613,0
GO:1901576,"organic substance biosynthetic process",16.850%, 3.657, 2.978,3.626,-12.5943,0.852,0.815,1901576,0
GO:0008380,"RNA splicing",1.656%, 4.190, 3.165,2.619,-17.5949,0.816,0.816,8380,0
GO:0045595,"regulation of cell differentiation",2.785%,-1.290,-6.920,2.844,-33.2492,0.664,0.819,45595,0
GO:0051960,"regulation of nervous system development",2.310%,-1.789,-6.743,2.763,-30.4990,0.673,0.820,51960,0
GO:0044839,"cell cycle G2/M phase transition",0.160%, 1.107,-0.528,1.613,-12.4467,0.885,0.820,44839,0
GO:0003006,"developmental process involved in reproduction",5.782%,-6.487,-3.056,3.161,-21.7844,0.801,0.822,3006,0
GO:0009966,"regulation of signal transduction",5.790%, 3.540,-6.193,3.162,-49.1285,0.727,0.824,9966,0
GO:0046907,"intracellular transport",3.284%,-0.479, 3.670,2.916,-26.1379,0.905,0.827,46907,0
GO:0008360,"regulation of cell shape",1.061%,-1.860,-5.889,2.427,-12.4382,0.623,0.828,8360,0
GO:0007067,"mitotic nuclear division",1.764%,-1.918,-0.792,2.646,-17.6512,0.773,0.831,7067,0
GO:0070727,"cellular macromolecule localization",3.128%,-0.661, 4.039,2.895,-26.0634,0.904,0.833,70727,0
GO:0000904,"cell morphogenesis involved in differentiation",4.261%,-5.610,-2.792,3.029,-31.1653,0.658,0.833,904,0
GO:0022402,"cell cycle process",4.541%, 0.352,-0.859,3.057,-28.5579,0.847,0.835,22402,0
GO:0015031,"protein transport",2.917%,-0.625, 4.111,2.865,-17.2022,0.918,0.839,15031,0
GO:0006886,"intracellular protein transport",1.903%,null,null,2.679,-13.0498,0.901,0.909,15031,1
GO:0007346,"regulation of mitotic cell cycle",1.464%, 4.108,-5.625,2.566,-24.9777,0.769,0.840,7346,0
GO:0019219,"regulation of nucleobase-containing compound metabolic process",10.610%, 5.984,-2.986,3.425,-52.0350,0.667,0.842,19219,0
GO:0034654,"nucleobase-containing compound biosynthetic process",10.342%, 3.999, 3.008,3.414,-48.6400,0.781,0.842,34654,0
GO:0007411,"axon guidance",2.207%,-4.940,-4.197,2.744,-21.3240,0.632,0.847,7411,0
GO:0007409,"axonogenesis",2.737%,null,null,2.837,-21.3088,0.650,0.937,7411,1
GO:0097485,"neuron projection guidance",2.250%,null,null,2.752,-22.6323,0.632,0.965,7411,1
GO:0006935,"chemotaxis",2.330%,null,null,2.767,-22.0188,0.950,0.926,7411,1
GO:0030707,"ovarian follicle cell development",2.131%,-5.974,-3.364,2.728,-14.6496,0.705,0.851,30707,0
GO:0002064,"epithelial cell development",2.294%,null,null,2.760,-15.7830,0.734,0.914,30707,1
GO:0002066,"columnar/cuboidal epithelial cell development",2.135%,null,null,2.729,-14.8190,0.736,0.977,30707,1
GO:0002065,"columnar/cuboidal epithelial cell differentiation",2.147%,null,null,2.732,-15.1265,0.744,0.915,30707,1
GO:0045184,"establishment of protein localization",2.985%,-0.341, 3.181,2.874,-18.2897,0.919,0.851,45184,0
GO:0050767,"regulation of neurogenesis",1.488%,-1.851,-6.777,2.573,-17.6285,0.647,0.854,50767,0
GO:0030182,"neuron differentiation",6.432%,-5.915,-3.647,3.208,-51.3968,0.698,0.855,30182,0
GO:0000902,"cell morphogenesis",6.252%,-5.569,-2.851,3.195,-50.7302,0.649,0.855,902,0
GO:0044248,"cellular catabolic process",9.034%, 2.823, 4.389,3.355,-17.9220,0.852,0.857,44248,0
GO:0048589,"developmental growth",2.637%,-5.889,-3.393,2.821,-28.9909,0.819,0.857,48589,0
GO:0007292,"female gamete generation",4.493%,-5.076,-1.840,3.052,-19.7456,0.846,0.857,7292,0
GO:0048667,"cell morphogenesis involved in neuron differentiation",3.886%,-5.478,-2.885,2.989,-29.1426,0.636,0.859,48667,0
GO:0006511,"ubiquitin-dependent protein catabolic process",1.169%, 3.746, 3.290,2.468,-14.3565,0.828,0.860,6511,0
GO:0044257,"cellular protein catabolic process",1.265%,null,null,2.502,-15.6878,0.827,0.954,6511,1
GO:0019941,"modification-dependent protein catabolic process",1.185%,null,null,2.474,-14.3565,0.828,0.985,6511,1
GO:0051603,"proteolysis involved in cellular protein catabolic process",1.261%,null,null,2.501,-15.6878,0.827,0.978,6511,1
GO:0010628,"positive regulation of gene expression",2.087%, 5.783,-3.688,2.719,-35.5520,0.717,0.864,10628,0
GO:1902680,"positive regulation of RNA biosynthetic process",2.079%,null,null,2.718,-28.1571,0.655,0.939,10628,1
GO:0031328,"positive regulation of cellular biosynthetic process",2.498%,null,null,2.797,-30.6406,0.687,0.962,10628,1
GO:0051254,"positive regulation of RNA metabolic process",2.103%,null,null,2.723,-27.0159,0.666,0.965,10628,1
GO:0045935,"positive regulation of nucleobase-containing compound metabolic process",2.203%,null,null,2.743,-26.8897,0.689,0.951,10628,1
GO:0010557,"positive regulation of macromolecule biosynthetic process",2.254%,null,null,2.753,-34.5091,0.701,0.901,10628,1
GO:0035220,"wing disc development",4.549%,-6.139,-3.464,3.057,-23.3792,0.729,0.865,35220,0
GO:0060562,"epithelial tube morphogenesis",0.910%,null,null,2.360,-17.5649,0.772,1.035,35220,1
GO:0035239,"tube morphogenesis",1.125%,null,null,2.452,-18.8971,0.784,1.064,35220,1
GO:0007560,"imaginal disc morphogenesis",4.481%,null,null,3.051,-21.0420,0.701,1.301,35220,1
GO:0007444,"imaginal disc development",5.846%,null,null,3.166,-35.5299,0.718,1.359,35220,1
GO:0007476,"imaginal disc-derived wing morphogenesis",3.563%,null,null,2.951,-12.9551,0.704,1.446,35220,1
GO:0007472,"wing disc morphogenesis",3.623%,null,null,2.959,-13.6615,0.710,1.450,35220,1
GO:0043632,"modification-dependent macromolecule catabolic process",1.193%, 3.948, 3.997,2.477,-14.7981,0.844,0.871,43632,0
GO:0030855,"epithelial cell differentiation",2.781%,-5.859,-3.411,2.844,-18.4549,0.738,0.873,30855,0
GO:0007276,"gamete generation",5.889%,-4.923,-1.885,3.169,-19.0820,0.840,0.877,7276,0
GO:0019953,"sexual reproduction",6.644%,null,null,3.222,-16.7831,0.947,0.909,7276,1
GO:0061564,"axon development",2.805%,-5.569,-2.798,2.848,-21.3210,0.668,0.878,61564,0
GO:0030163,"protein catabolic process",1.401%, 3.602, 2.906,2.547,-15.8730,0.875,0.879,30163,0
GO:0051173,"positive regulation of nitrogen compound metabolic process",2.366%, 4.990,-4.736,2.774,-30.8892,0.734,0.879,51173,0
GO:0002165,"instar larval or pupal development",5.770%,-6.081,-3.458,3.160,-32.7814,0.769,0.880,2165,0
GO:0009886,"post-embryonic morphogenesis",5.227%,null,null,3.118,-30.7660,0.749,0.904,2165,1
GO:0043067,"regulation of programmed cell death",1.217%, 3.960,-5.866,2.486,-12.5798,0.807,0.883,43067,0
GO:0031175,"neuron projection development",4.664%,-5.481,-2.890,3.068,-35.8755,0.646,0.884,31175,0
GO:0035120,"post-embryonic appendage morphogenesis",4.002%,-5.996,-3.421,3.002,-16.8207,0.749,0.885,35120,0
GO:0035114,"imaginal disc-derived appendage morphogenesis",4.106%,null,null,3.013,-15.4223,0.759,0.954,35120,1
GO:0035107,"appendage morphogenesis",4.114%,null,null,3.014,-15.8960,0.759,0.955,35120,1
GO:0048737,"imaginal disc-derived appendage development",4.174%,null,null,3.020,-16.0548,0.780,0.955,35120,1
GO:0048609,"multicellular organismal reproductive process",6.636%,-5.064,-1.855,3.221,-17.7698,0.867,0.885,48609,0
GO:0044703,"multi-organism reproductive process",6.711%,null,null,3.226,-16.7831,0.952,0.906,48609,1
GO:0009891,"positive regulation of biosynthetic process",2.498%, 4.930,-4.974,2.797,-30.6406,0.728,0.886,9891,0
GO:0048666,"neuron development",5.606%,-5.864,-3.580,3.148,-43.7708,0.698,0.886,48666,0
GO:2001141,"regulation of RNA biosynthetic process",8.104%, 6.057,-2.368,3.308,-40.5512,0.633,0.887,2001141,0
GO:0036211,"protein modification process",9.656%, 3.917, 2.946,3.384,-60.2957,0.857,0.888,36211,0
GO:0010556,"regulation of macromolecule biosynthetic process",9.022%, 5.855,-3.046,3.354,-48.4501,0.690,0.888,10556,0
GO:0050807,"regulation of synapse organization",0.950%, 2.156,-5.432,2.378,-12.5438,0.744,0.890,50807,0
GO:0006461,"protein complex assembly",2.199%,-2.460,-0.237,2.742,-13.0454,0.840,0.894,6461,0
GO:0010941,"regulation of cell death",1.377%, 3.910,-5.790,2.539,-12.1398,0.804,0.896,10941,0
GO:0007015,"actin filament organization",1.428%,-2.557,-0.220,2.555,-16.5715,0.812,0.897,7015,0
GO:0010629,"negative regulation of gene expression",2.773%, 5.772,-3.773,2.843,-12.6939,0.728,0.897,10629,0
GO:0031326,"regulation of cellular biosynthetic process",9.385%, 5.939,-3.579,3.372,-46.9154,0.674,0.898,31326,0
