term_ID,description,frequency,plot_X,plot_Y,plot_size,log10 p-value,uniqueness,dispensability,representative,eliminated
GO:0006928,"movement of cell or subcellular component",3.830%,-2.815,-1.664,3.527,-15.2188,0.891,0.000,6928,0
GO:0008152,"metabolic process",54.733%, 1.754,-5.007,4.682,-22.0966,0.997,0.000,8152,0
GO:0009605,"response to external stimulus",4.459%,-3.665,-1.394,3.593,-3.8712,0.975,0.000,9605,0
GO:0009987,"cellular process",59.614%, 1.912,-3.570,4.719,-6.6261,0.998,0.000,9987,0
GO:0032501,"multicellular organismal process",15.657%, 0.731,-3.793,4.138,-1.7648,0.995,0.000,32501,0
GO:0032502,"developmental process",13.055%, 0.701,-3.032,4.059,-16.0607,0.995,0.000,32502,0
GO:0032879,"regulation of localization",4.330%,-2.714, 6.531,3.580,-11.1708,0.839,0.000,32879,0
GO:0040011,"locomotion",3.285%, 0.602,-1.009,3.460,-10.8539,0.994,0.000,40011,0
GO:0051179,"localization",18.927%, 0.434,-0.089,4.220,-7.3087,0.995,0.000,51179,0
GO:0071840,"cellular component organization or biogenesis",12.603%, 1.444,-6.355,4.044,-38.9412,0.995,0.000,71840,0
GO:0008283,"cell proliferation",4.075%, 0.419,-2.387,3.554,-2.4271,0.975,0.029,8283,0
GO:0022607,"cellular component assembly",4.569%,-1.497,-7.088,3.603,-14.4416,0.789,0.066,22607,0
GO:0071822,"protein complex subunit organization",3.467%,null,null,3.483,-10.7999,0.797,0.568,22607,1
GO:0016043,"cellular component organization",12.380%,null,null,4.036,-37.5349,0.777,0.708,22607,1
GO:0043241,"protein complex disassembly",0.373%,null,null,2.516,-4.2962,0.808,0.622,22607,1
GO:0051259,"protein oligomerization",0.921%,null,null,2.908,-0.9855,0.812,0.853,22607,1
GO:0061024,"membrane organization",1.629%,null,null,3.156,-7.5097,0.826,0.508,22607,1
GO:0051260,"protein homooligomerization",0.561%,null,null,2.693,-1.4997,0.821,0.695,22607,1
GO:0010638,"positive regulation of organelle organization",0.833%,null,null,2.865,-0.7165,0.710,0.708,22607,1
GO:0070271,"protein complex biogenesis",2.588%,null,null,3.356,-6.0691,0.851,0.853,22607,1
GO:0043624,"cellular protein complex disassembly",0.344%,null,null,2.481,-2.6527,0.809,0.980,22607,1
GO:0043623,"cellular protein complex assembly",1.060%,null,null,2.969,-0.8897,0.809,0.868,22607,1
GO:0044085,"cellular component biogenesis",4.871%,null,null,3.631,-15.2144,0.855,0.593,22607,1
GO:0044087,"regulation of cellular component biogenesis",1.045%,null,null,2.963,-2.4810,0.810,0.752,22607,1
GO:0065003,"macromolecular complex assembly",2.983%,null,null,3.418,-7.0839,0.792,0.871,22607,1
GO:0032984,"macromolecular complex disassembly",0.392%,null,null,2.538,-3.0207,0.810,0.882,22607,1
GO:0030100,"regulation of endocytosis",0.359%,null,null,2.500,-4.1371,0.698,0.646,22607,1
GO:0048259,"regulation of receptor-mediated endocytosis",0.099%,null,null,1.944,-0.8491,0.729,0.852,22607,1
GO:0043933,"macromolecular complex subunit organization",5.276%,null,null,3.666,-11.8097,0.800,0.720,22607,1
GO:0033043,"regulation of organelle organization",1.797%,null,null,3.198,-4.0545,0.723,0.775,22607,1
GO:0070925,"organelle assembly",0.934%,null,null,2.914,-2.6208,0.814,0.741,22607,1
GO:0006415,"translational termination",0.130%,null,null,2.061,-1.8980,0.694,0.902,22607,1
GO:0006996,"organelle organization",7.033%,null,null,3.790,-23.1055,0.793,0.763,22607,1
GO:0045807,"positive regulation of endocytosis",0.191%,null,null,2.228,-1.7864,0.686,0.838,22607,1
GO:0051128,"regulation of cellular component organization",3.835%,null,null,3.527,-14.3094,0.716,0.577,22607,1
GO:0030031,"cell projection assembly",0.692%,null,null,2.784,-1.4002,0.807,0.713,22607,1
GO:0051130,"positive regulation of cellular component organization",1.698%,null,null,3.173,-5.0447,0.697,0.511,22607,1
GO:0034622,"cellular macromolecular complex assembly",1.656%,null,null,3.163,-2.3896,0.803,0.879,22607,1
GO:0051129,"negative regulation of cellular component organization",0.961%,null,null,2.926,-3.3476,0.733,0.719,22607,1
GO:0030030,"cell projection organization",2.744%,null,null,3.382,-2.9930,0.790,0.548,22607,1
GO:0006461,"protein complex assembly",2.584%,null,null,3.356,-6.0691,0.790,0.853,22607,1
GO:0070125,"mitochondrial translational elongation",0.006%,null,null,0.778,-1.3038,0.754,0.764,22607,1
GO:0070126,"mitochondrial translational termination",0.001%,null,null,0.301,-1.5146,0.764,0.650,22607,1
GO:0044093,"positive regulation of molecular function",3.848%, 1.213, 3.099,3.529,-8.3736,0.878,0.102,44093,0
GO:0050790,"regulation of catalytic activity",5.262%,null,null,3.665,-7.0411,0.746,0.841,44093,1
GO:0051338,"regulation of transferase activity",1.829%,null,null,3.206,-1.6822,0.777,0.718,44093,1
GO:0051336,"regulation of hydrolase activity",3.070%,null,null,3.431,-2.8599,0.761,0.773,44093,1
GO:0065009,"regulation of molecular function",6.209%, 0.941, 4.175,3.736,-7.7396,0.920,0.110,65009,0
GO:0010604,"positive regulation of macromolecule metabolic process",4.917%, 5.507, 1.353,3.635,-9.2429,0.674,0.114,10604,0
GO:0001932,"regulation of protein phosphorylation",2.262%,null,null,3.298,-4.4804,0.603,0.886,10604,1
GO:0032270,"positive regulation of cellular protein metabolic process",1.974%,null,null,3.239,-7.2729,0.607,0.795,10604,1
GO:0032268,"regulation of cellular protein metabolic process",3.398%,null,null,3.475,-4.6893,0.626,0.829,10604,1
GO:0031328,"positive regulation of cellular biosynthetic process",3.341%,null,null,3.467,-2.2394,0.626,0.860,10604,1
GO:0031325,"positive regulation of cellular metabolic process",5.082%,null,null,3.649,-10.9340,0.642,0.921,10604,1
GO:0051246,"regulation of protein metabolic process",4.423%,null,null,3.589,-6.4331,0.702,0.533,10604,1
GO:0051247,"positive regulation of protein metabolic process",2.220%,null,null,3.290,-8.4978,0.667,0.809,10604,1
GO:0010628,"positive regulation of gene expression",2.987%,null,null,3.419,-1.2000,0.685,0.846,10604,1
GO:0043085,"positive regulation of catalytic activity",3.352%,null,null,3.469,-6.8326,0.718,0.861,10604,1
GO:0043087,"regulation of GTPase activity",1.804%,null,null,3.200,-1.3043,0.775,0.836,10604,1
GO:0051345,"positive regulation of hydrolase activity",2.284%,null,null,3.302,-1.8044,0.730,0.873,10604,1
GO:0010557,"positive regulation of macromolecule biosynthetic process",3.143%,null,null,3.441,-1.2379,0.659,0.954,10604,1
GO:0043547,"positive regulation of GTPase activity",1.718%,null,null,3.179,-1.3025,0.739,0.780,10604,1
GO:0031399,"regulation of protein modification process",2.771%,null,null,3.386,-6.2863,0.628,0.870,10604,1
GO:0031401,"positive regulation of protein modification process",1.764%,null,null,3.190,-5.1785,0.606,0.935,10604,1
GO:0009891,"positive regulation of biosynthetic process",3.388%,null,null,3.473,-2.7749,0.696,0.862,10604,1
GO:0051173,"positive regulation of nitrogen compound metabolic process",3.225%,null,null,3.452,-0.6761,0.714,0.856,10604,1
GO:0050793,"regulation of developmental process",4.431%,-0.168, 5.241,3.590,-7.1507,0.831,0.115,50793,0
GO:0044707,"single-multicellular organism process",15.092%,null,null,4.122,-24.4368,0.898,0.638,50793,1
GO:0048513,"organ development",7.380%,null,null,3.811,-7.0692,0.837,0.745,50793,1
GO:0007399,"nervous system development",4.932%,null,null,3.636,-5.9878,0.846,0.633,50793,1
GO:0060429,"epithelium development",2.640%,null,null,3.365,-0.7520,0.902,0.524,50793,1
GO:0051239,"regulation of multicellular organismal process",5.506%,null,null,3.684,-11.8473,0.855,0.653,50793,1
GO:0044767,"single-organism developmental process",12.982%,null,null,4.057,-15.3547,0.865,0.843,50793,1
GO:0022604,"regulation of cell morphogenesis",0.849%,null,null,2.873,-1.6428,0.669,0.817,50793,1
GO:0007275,"multicellular organismal development",11.228%,null,null,3.994,-16.3306,0.836,0.815,50793,1
GO:0048468,"cell development",4.830%,null,null,3.627,-6.0131,0.795,0.576,50793,1
GO:0000902,"cell morphogenesis",2.742%,null,null,3.381,-2.4527,0.709,0.743,50793,1
GO:0022008,"neurogenesis",3.440%,null,null,3.480,-3.4347,0.775,0.838,50793,1
GO:0009653,"anatomical structure morphogenesis",5.999%,null,null,3.721,-7.4726,0.890,0.712,50793,1
GO:0032989,"cellular component morphogenesis",2.952%,null,null,3.414,-3.8581,0.707,0.686,50793,1
GO:0030154,"cell differentiation",8.015%,null,null,3.847,-14.1246,0.783,0.809,50793,1
GO:0048856,"anatomical structure development",11.534%,null,null,4.005,-17.4154,0.885,0.685,50793,1
GO:0030182,"neuron differentiation",2.824%,null,null,3.394,-2.0517,0.780,0.927,50793,1
GO:0048869,"cellular developmental process",8.570%,null,null,3.876,-13.9697,0.790,0.767,50793,1
GO:0048646,"anatomical structure formation involved in morphogenesis",2.581%,null,null,3.355,-3.2690,0.897,0.737,50793,1
GO:0009888,"tissue development",4.199%,null,null,3.567,-4.2937,0.896,0.616,50793,1
GO:0009887,"organ morphogenesis",2.260%,null,null,3.298,-0.7358,0.854,0.723,50793,1
GO:0048699,"generation of neurons",3.160%,null,null,3.443,-3.1334,0.777,0.716,50793,1
GO:0048731,"system development",9.834%,null,null,3.936,-12.2363,0.833,0.790,50793,1
GO:0009628,"response to abiotic stimulus",2.264%,-2.241,-3.763,3.298,-1.4077,0.977,0.115,9628,0
GO:1903047,"mitotic cell cycle process",1.493%,-1.448,-1.113,3.118,-1.2840,0.899,0.116,1903047,0
GO:0000278,"mitotic cell cycle",1.725%,null,null,3.180,-1.2023,0.898,0.768,1903047,1
GO:0030029,"actin filament-based process",1.610%,-1.051, 0.072,3.150,-5.7708,0.902,0.117,30029,0
GO:1901700,"response to oxygen-containing compound",3.064%,-3.779,-4.005,3.430,-2.5176,0.970,0.120,1901700,0
GO:1901701,"cellular response to oxygen-containing compound",1.893%,null,null,3.221,-0.7348,0.892,0.599,1901700,1
GO:0006644,"phospholipid metabolic process",0.826%, 4.914,-1.342,2.861,-5.6098,0.779,0.124,6644,0
GO:0044255,"cellular lipid metabolic process",2.183%,null,null,3.283,-3.3961,0.792,0.776,6644,1
GO:0045017,"glycerolipid biosynthetic process",0.440%,null,null,2.588,-3.7174,0.790,0.784,6644,1
GO:0006650,"glycerophospholipid metabolic process",0.635%,null,null,2.747,-3.1254,0.782,0.911,6644,1
GO:0046474,"glycerophospholipid biosynthetic process",0.363%,null,null,2.505,-2.4097,0.765,0.865,6644,1
GO:0046486,"glycerolipid metabolic process",0.810%,null,null,2.852,-2.1445,0.812,0.778,6644,1
GO:0008654,"phospholipid biosynthetic process",0.452%,null,null,2.600,-4.5173,0.760,0.734,6644,1
GO:0008610,"lipid biosynthetic process",1.351%,null,null,3.074,-1.4733,0.813,0.823,6644,1
GO:0048519,"negative regulation of biological process",8.588%, 1.170, 7.269,3.877,-11.2810,0.911,0.128,48519,0
GO:0065008,"regulation of biological quality",7.337%, 0.650, 4.483,3.809,-8.0410,0.918,0.129,65008,0
GO:1902531,"regulation of intracellular signal transduction",3.702%,-2.635, 2.695,3.512,-9.7562,0.744,0.132,1902531,0
GO:0023051,"regulation of signaling",6.570%,null,null,3.761,-15.9244,0.880,0.534,1902531,1
GO:0023056,"positive regulation of signaling",2.489%,null,null,3.339,-9.1308,0.844,0.728,1902531,1
GO:0023057,"negative regulation of signaling",2.197%,null,null,3.285,-2.4015,0.852,0.715,1902531,1
GO:0035556,"intracellular signal transduction",6.704%,null,null,3.770,-19.6580,0.746,0.512,1902531,1
GO:0010646,"regulation of cell communication",6.570%,null,null,3.761,-15.0474,0.764,0.529,1902531,1
GO:0010648,"negative regulation of cell communication",2.203%,null,null,3.286,-2.1875,0.767,0.715,1902531,1
GO:0010647,"positive regulation of cell communication",2.500%,null,null,3.341,-8.9934,0.741,0.728,1902531,1
GO:0007264,"small GTPase mediated signal transduction",2.633%,null,null,3.364,-2.9890,0.768,0.727,1902531,1
GO:0051056,"regulation of small GTPase mediated signal transduction",1.620%,null,null,3.153,-1.3933,0.766,0.719,1902531,1
GO:0043408,"regulation of MAPK cascade",1.237%,null,null,3.036,-1.1098,0.570,0.950,1902531,1
GO:0043405,"regulation of MAP kinase activity",0.610%,null,null,2.729,-1.1338,0.584,0.878,1902531,1
GO:1902533,"positive regulation of intracellular signal transduction",1.490%,null,null,3.117,-4.1332,0.733,0.905,1902531,1
GO:0000165,"MAPK cascade",1.448%,null,null,3.104,-4.6992,0.637,0.670,1902531,1
GO:0009967,"positive regulation of signal transduction",2.348%,null,null,3.314,-9.1332,0.723,0.757,1902531,1
GO:0009968,"negative regulation of signal transduction",2.090%,null,null,3.264,-1.9743,0.752,0.744,1902531,1
GO:0009966,"regulation of signal transduction",5.885%,null,null,3.713,-14.7007,0.731,0.830,1902531,1
GO:0023014,"signal transduction by protein phosphorylation",1.554%,null,null,3.135,-4.8090,0.641,0.671,1902531,1
GO:0008219,"cell death",4.485%,-3.500,-2.660,3.595,-4.7621,0.864,0.136,8219,0
GO:0043067,"regulation of programmed cell death",3.163%,null,null,3.444,-3.1360,0.781,0.953,8219,1
GO:0012501,"programmed cell death",4.106%,null,null,3.557,-4.1549,0.865,0.941,8219,1
GO:0010941,"regulation of cell death",3.315%,null,null,3.464,-2.9431,0.781,0.910,8219,1
GO:0042981,"regulation of apoptotic process",3.144%,null,null,3.441,-3.0746,0.782,0.902,8219,1
GO:0097190,"apoptotic signaling pathway",1.253%,null,null,3.042,-0.6380,0.776,0.791,8219,1
GO:0006915,"apoptotic process",4.058%,null,null,3.552,-4.1668,0.865,0.939,8219,1
GO:0044237,"cellular metabolic process",42.121%, 7.065, 2.972,4.568,-34.7530,0.827,0.141,44237,0
GO:0006950,"response to stress",8.191%,-2.416, 0.286,3.857,-3.1854,0.974,0.141,6950,0
GO:0009056,"catabolic process",7.851%, 5.090, 3.083,3.838,-10.2394,0.912,0.160,9056,0
GO:0043112,"receptor metabolic process",0.289%, 5.385,-4.245,2.407,-1.5217,0.848,0.191,43112,0
GO:0006793,"phosphorus metabolic process",17.457%, 8.001, 1.732,4.185,-21.4416,0.812,0.209,6793,0
GO:0019222,"regulation of metabolic process",17.756%, 4.828, 5.375,4.193,-10.8222,0.840,0.210,19222,0
GO:0030155,"regulation of cell adhesion",0.746%,-1.426, 4.173,2.817,-0.6760,0.852,0.215,30155,0
GO:0009058,"biosynthetic process",19.017%, 6.589, 3.917,4.222,-6.5584,0.896,0.216,9058,0
GO:0016567,"protein ubiquitination",1.323%, 6.606,-3.526,3.065,-5.7864,0.772,0.231,16567,0
GO:0032446,"protein modification by small protein conjugation",1.403%,null,null,3.091,-5.2036,0.771,0.956,16567,1
GO:0000209,"protein polyubiquitination",0.252%,null,null,2.346,-0.9319,0.808,0.816,16567,1
GO:0048518,"positive regulation of biological process",28.712%, 0.904, 6.917,4.401,-9.9826,0.892,0.236,48518,0
GO:0002697,"regulation of immune effector process",19.446%, 0.595, 5.871,4.232,-1.5612,0.890,0.243,2697,0
GO:0051240,"positive regulation of multicellular organismal process",1.418%,-4.841, 1.775,3.095,-7.0780,0.841,0.245,51240,0
GO:0022603,"regulation of anatomical structure morphogenesis",1.794%,null,null,3.197,-3.0110,0.833,0.807,51240,1
GO:0001819,"positive regulation of cytokine production",0.581%,null,null,2.708,-1.2725,0.856,0.583,51240,1
GO:2000026,"regulation of multicellular organismal development",3.472%,null,null,3.484,-5.2308,0.788,0.719,51240,1
GO:0045597,"positive regulation of cell differentiation",1.436%,null,null,3.101,-1.6650,0.706,0.783,51240,1
GO:0045595,"regulation of cell differentiation",3.246%,null,null,3.455,-4.3961,0.718,0.878,51240,1
GO:0060284,"regulation of cell development",1.721%,null,null,3.179,-1.8850,0.736,0.802,51240,1
GO:0051094,"positive regulation of developmental process",1.985%,null,null,3.241,-2.5313,0.814,0.818,51240,1
GO:0044710,"single-organism metabolic process",26.477%, 7.134, 3.894,4.366,-20.8176,0.869,0.249,44710,0
GO:0006807,"nitrogen compound metabolic process",26.566%, 7.194, 3.641,4.368,-7.5954,0.889,0.249,6807,0
GO:0009057,"macromolecule catabolic process",2.264%, 6.827,-4.402,3.298,-5.2976,0.812,0.249,9057,0
GO:0044712,"single-organism catabolic process",5.557%,null,null,3.688,-4.3430,0.816,0.842,9057,1
GO:0031331,"positive regulation of cellular catabolic process",0.268%,null,null,2.373,-1.3927,0.706,0.732,9057,1
GO:0031329,"regulation of cellular catabolic process",2.423%,null,null,3.328,-4.0063,0.677,0.638,9057,1
GO:0044257,"cellular protein catabolic process",1.212%,null,null,3.027,-3.8255,0.737,0.929,9057,1
GO:0043161,"proteasome-mediated ubiquitin-dependent protein catabolic process",0.459%,null,null,2.606,-2.4191,0.756,0.888,9057,1
GO:0044248,"cellular catabolic process",6.840%,null,null,3.778,-9.4536,0.784,0.743,9057,1
GO:0044265,"cellular macromolecule catabolic process",1.775%,null,null,3.193,-3.0796,0.759,0.902,9057,1
GO:0019941,"modification-dependent protein catabolic process",1.077%,null,null,2.976,-2.8303,0.734,0.986,9057,1
GO:1901575,"organic substance catabolic process",7.339%,null,null,3.809,-9.1308,0.816,0.886,9057,1
GO:0043632,"modification-dependent macromolecule catabolic process",1.081%,null,null,2.978,-3.0308,0.771,0.883,9057,1
GO:0042176,"regulation of protein catabolic process",0.460%,null,null,2.607,-1.2198,0.706,0.776,9057,1
GO:0010506,"regulation of autophagy",0.174%,null,null,2.188,-2.2795,0.752,0.701,9057,1
GO:0016236,"macroautophagy",0.138%,null,null,2.086,-1.6817,0.785,0.845,9057,1
GO:0010498,"proteasomal protein catabolic process",0.487%,null,null,2.631,-3.1224,0.755,0.893,9057,1
GO:0030163,"protein catabolic process",1.538%,null,null,3.131,-4.9913,0.780,0.608,9057,1
GO:0009896,"positive regulation of catabolic process",0.386%,null,null,2.531,-2.6227,0.756,0.761,9057,1
GO:0009894,"regulation of catabolic process",2.662%,null,null,3.369,-5.2477,0.747,0.633,9057,1
GO:0051603,"proteolysis involved in cellular protein catabolic process",1.180%,null,null,3.016,-3.5775,0.731,0.860,9057,1
GO:0006511,"ubiquitin-dependent protein catabolic process",1.057%,null,null,2.968,-2.8096,0.734,0.970,9057,1
GO:0006914,"autophagy",0.414%,null,null,2.561,-5.0546,0.845,0.506,9057,1
GO:0044711,"single-organism biosynthetic process",4.776%, 4.484,-4.565,3.622,-5.0077,0.827,0.249,44711,0
GO:0032774,"RNA biosynthetic process",10.939%,null,null,3.982,-1.0725,0.693,0.818,44711,1
GO:0009059,"macromolecule biosynthetic process",14.776%,null,null,4.113,-1.3825,0.763,0.746,44711,1
GO:0044249,"cellular biosynthetic process",18.384%,null,null,4.208,-7.2002,0.752,0.568,44711,1
GO:0044271,"cellular nitrogen compound biosynthetic process",13.670%,null,null,4.079,-1.0246,0.745,0.730,44711,1
GO:1901576,"organic substance biosynthetic process",18.650%,null,null,4.214,-6.1638,0.791,0.797,44711,1
GO:0019438,"aromatic compound biosynthetic process",13.512%,null,null,4.074,-2.0312,0.749,0.728,44711,1
GO:0018130,"heterocycle biosynthetic process",13.553%,null,null,4.075,-1.6672,0.749,0.728,44711,1
GO:1901362,"organic cyclic compound biosynthetic process",13.849%,null,null,4.085,-1.6979,0.786,0.732,44711,1
GO:0034654,"nucleobase-containing compound biosynthetic process",13.254%,null,null,4.066,-1.7499,0.727,0.724,44711,1
GO:0034645,"cellular macromolecule biosynthetic process",14.343%,null,null,4.100,-1.0500,0.701,0.739,44711,1
GO:0044763,"single-organism cellular process",45.302%, 3.646, 0.895,4.599,-1.8727,0.880,0.252,44763,0
GO:0032101,"regulation of response to external stimulus",1.256%,-1.139, 1.936,3.043,-1.7693,0.906,0.254,32101,0
GO:0042127,"regulation of cell proliferation",3.148%,-0.283, 6.549,3.442,-1.0933,0.821,0.261,42127,0
GO:0043170,"macromolecule metabolic process",29.866%, 7.626, 0.006,4.418,-13.1022,0.835,0.263,43170,0
GO:1901135,"carbohydrate derivative metabolic process",10.573%, 7.890,-0.604,3.968,-3.5187,0.866,0.281,1901135,0
GO:0006629,"lipid metabolic process",3.159%, 5.424,-2.354,3.443,-1.5941,0.855,0.301,6629,0
GO:0044238,"primary metabolic process",41.881%, 7.503, 2.815,4.565,-17.4096,0.876,0.314,44238,0
GO:0071704,"organic substance metabolic process",42.826%, 7.302, 2.623,4.575,-21.2107,0.875,0.319,71704,0
GO:0006725,"cellular aromatic compound metabolic process",24.907%, 7.193, 1.636,4.340,-7.1470,0.798,0.319,6725,0
GO:0051604,"protein maturation",0.786%, 5.351,-4.328,2.839,-1.6776,0.837,0.321,51604,0
GO:0048522,"positive regulation of cellular process",8.548%, 1.506, 6.929,3.875,-21.8286,0.784,0.325,48522,0
GO:0032543,"mitochondrial translation",0.031%, 2.370,-6.381,1.447,-1.9630,0.725,0.328,32543,0
GO:0006414,"translational elongation",0.313%,null,null,2.441,-1.0026,0.782,0.555,32543,1
GO:0060627,"regulation of vesicle-mediated transport",0.665%,-2.750, 6.149,2.767,-10.1904,0.767,0.331,60627,0
GO:0070201,"regulation of establishment of protein localization",0.998%,null,null,2.943,-1.3961,0.821,0.748,60627,1
GO:0032880,"regulation of protein localization",1.216%,null,null,3.029,-0.8690,0.821,0.766,60627,1
GO:0050708,"regulation of protein secretion",0.463%,null,null,2.610,-1.1023,0.732,0.873,60627,1
GO:0051050,"positive regulation of transport",1.381%,null,null,3.084,-4.4311,0.807,0.779,60627,1
GO:0051049,"regulation of transport",3.246%,null,null,3.455,-8.8406,0.815,0.712,60627,1
GO:0045055,"regulated secretory pathway",0.134%,null,null,2.076,-1.4517,0.833,0.597,60627,1
GO:1903530,"regulation of secretion by cell",0.196%,null,null,2.238,-3.3297,0.760,0.590,60627,1
GO:0050817,"coagulation",0.929%,-6.221,-1.680,2.912,-3.2739,0.927,0.359,50817,0
GO:0046483,"heterocycle metabolic process",24.799%, 7.473, 1.617,4.338,-7.1082,0.798,0.359,46483,0
GO:0003013,"circulatory system process",1.113%,-6.420,-1.804,2.990,-1.3099,0.922,0.367,3013,0
GO:0008015,"blood circulation",1.109%,null,null,2.989,-1.1365,0.922,0.673,3013,1
GO:0001816,"cytokine production",1.263%,-6.033,-1.440,3.045,-1.0917,0.924,0.372,1816,0
GO:0050878,"regulation of body fluid levels",1.269%,-6.406,-0.970,3.047,-6.8906,0.871,0.372,50878,0
GO:0048871,"multicellular organismal homeostasis",0.562%,null,null,2.694,-1.0122,0.882,0.507,50878,1
GO:1901360,"organic cyclic compound metabolic process",25.430%, 7.206, 0.126,4.349,-6.4204,0.841,0.376,1901360,0
GO:0007033,"vacuole organization",0.138%,-1.360,-6.741,2.086,-0.5706,0.855,0.378,7033,0
GO:0048284,"organelle fusion",0.165%,-1.370,-6.971,2.164,-0.8730,0.853,0.386,48284,0
GO:0044260,"cellular macromolecule metabolic process",25.627%, 7.094,-0.592,4.352,-24.9006,0.731,0.388,44260,0
GO:0019538,"protein metabolic process",17.009%,null,null,4.174,-7.5918,0.803,0.541,44260,1
GO:0010467,"gene expression",15.379%,null,null,4.130,-6.2740,0.808,0.524,44260,1
GO:0044281,"small molecule metabolic process",13.539%, 5.408, 0.549,4.075,-5.2719,0.854,0.388,44281,0
GO:0048870,"cell motility",2.570%,-4.406, 4.899,3.353,-9.5084,0.794,0.397,48870,0
GO:0030334,"regulation of cell migration",1.088%,null,null,2.980,-0.9367,0.725,0.960,48870,1
GO:0050900,"leukocyte migration",0.509%,null,null,2.651,-5.4177,0.822,0.798,48870,1
GO:0051270,"regulation of cellular component movement",1.289%,null,null,3.054,-2.6445,0.734,0.783,48870,1
GO:2000145,"regulation of cell motility",1.154%,null,null,3.006,-1.7646,0.723,0.878,48870,1
GO:0042330,"taxis",1.276%,null,null,3.050,-1.0312,0.942,0.824,48870,1
GO:0040012,"regulation of locomotion",1.268%,null,null,3.047,-2.6964,0.902,0.823,48870,1
GO:0006935,"chemotaxis",1.276%,null,null,3.050,-1.0312,0.937,0.824,48870,1
GO:0016477,"cell migration",2.372%,null,null,3.319,-8.1366,0.796,0.964,48870,1
GO:0051674,"localization of cell",2.570%,-3.874, 5.475,3.353,-9.5084,0.910,0.397,51674,0
GO:0006508,"proteolysis",4.713%, 6.726,-2.869,3.617,-5.1718,0.805,0.398,6508,0
GO:0044267,"cellular protein metabolic process",12.981%,null,null,4.057,-21.6533,0.717,0.577,6508,1
GO:0033554,"cellular response to stress",3.483%,-3.985, 1.127,3.485,-4.4830,0.876,0.403,33554,0
GO:0042060,"wound healing",1.314%,null,null,3.062,-1.4399,0.961,0.842,33554,1
GO:0009611,"response to wounding",2.056%,null,null,3.256,-1.4740,0.962,0.634,33554,1
GO:0007596,"blood coagulation",0.909%,null,null,2.903,-3.7200,0.851,0.570,33554,1
GO:0007599,"hemostasis",0.920%,null,null,2.907,-3.6416,0.873,0.918,33554,1
GO:0080134,"regulation of response to stress",1.961%,null,null,3.236,-3.8262,0.896,0.630,33554,1
GO:1901137,"carbohydrate derivative biosynthetic process",2.961%, 6.066,-4.772,3.415,-0.7220,0.837,0.410,1901137,0
GO:0007267,"cell-cell signaling",2.522%,-5.035, 0.170,3.345,-2.7307,0.862,0.415,7267,0
GO:0046907,"intracellular transport",3.541%,-3.928, 6.067,3.493,-6.0995,0.874,0.417,46907,0
GO:0006839,"mitochondrial transport",0.326%,null,null,2.458,-0.8916,0.888,0.625,46907,1
GO:0006887,"exocytosis",0.769%,null,null,2.830,-2.7125,0.804,0.840,46907,1
GO:0032940,"secretion by cell",1.997%,null,null,3.244,-4.9012,0.793,0.761,46907,1
GO:0016197,"endosomal transport",0.316%,null,null,2.444,-2.7221,0.888,0.607,46907,1
GO:0051046,"regulation of secretion",1.298%,null,null,3.057,-3.7279,0.810,0.893,46907,1
GO:0007034,"vacuolar transport",0.067%,null,null,1.778,-1.4589,0.901,0.519,46907,1
GO:0009306,"protein secretion",0.561%,null,null,2.693,-1.5127,0.808,0.811,46907,1
GO:1902580,"single-organism cellular localization",1.731%,null,null,3.182,-3.7829,0.873,0.706,46907,1
GO:0051640,"organelle localization",0.880%,null,null,2.888,-1.0559,0.896,0.647,46907,1
GO:0051649,"establishment of localization in cell",5.403%,null,null,3.676,-7.1093,0.869,0.834,46907,1
GO:0046903,"secretion",2.293%,-3.958, 5.990,3.304,-5.8979,0.888,0.426,46903,0
GO:0006366,"transcription from RNA polymerase II promoter",3.963%, 7.153,-2.722,3.541,-2.4189,0.714,0.429,6366,0
GO:0006357,"regulation of transcription from RNA polymerase II promoter",3.684%,null,null,3.510,-1.6506,0.609,1.271,6366,1
GO:0006355,"regulation of transcription, DNA-templated",10.156%,null,null,3.950,-1.2524,0.547,1.833,6366,1
GO:0006351,"transcription, DNA-templated",10.635%,null,null,3.970,-1.5628,0.666,1.518,6366,1
GO:1903506,"regulation of nucleic acid-templated transcription",2.620%,null,null,3.362,-1.0489,0.629,1.208,6366,1
GO:0097659,"nucleic acid-templated transcription",1.480%,null,null,3.114,-1.1895,0.768,0.530,6366,1
GO:0030162,"regulation of proteolysis",1.024%, 5.851,-2.146,2.954,-4.9450,0.719,0.430,30162,0
GO:0045861,"negative regulation of proteolysis",0.088%,null,null,1.892,-0.7579,0.723,0.715,30162,1
GO:1903317,"regulation of protein maturation",0.357%,null,null,2.497,-3.6809,0.749,0.853,30162,1
GO:0070613,"regulation of protein processing",0.357%,null,null,2.497,-3.5515,0.741,0.583,30162,1
GO:0016485,"protein processing",0.743%,null,null,2.815,-1.4700,0.821,0.912,30162,1
GO:0007167,"enzyme linked receptor protein signaling pathway",2.356%,-2.813, 3.223,3.316,-2.2921,0.777,0.436,7167,0
GO:0048013,"ephrin receptor signaling pathway",0.101%,null,null,1.954,-1.1990,0.837,0.664,7167,1
GO:0007169,"transmembrane receptor protein tyrosine kinase signaling pathway",1.599%,null,null,3.147,-1.7431,0.786,0.558,7167,1
GO:0008104,"protein localization",4.788%,-3.941, 5.802,3.624,-10.0296,0.882,0.437,8104,0
GO:0015031,"protein transport",3.600%,null,null,3.500,-5.1399,0.878,0.877,8104,1
GO:0070727,"cellular macromolecule localization",3.140%,null,null,3.440,-5.8403,0.869,0.834,8104,1
GO:1990778,"protein localization to cell periphery",0.307%,null,null,2.431,-1.8292,0.894,0.615,8104,1
GO:0034613,"cellular protein localization",3.129%,null,null,3.439,-5.6729,0.866,0.834,8104,1
GO:0045184,"establishment of protein localization",3.785%,null,null,3.522,-7.1939,0.879,0.859,8104,1
GO:0007005,"mitochondrion organization",0.649%,-1.565,-6.808,2.757,-7.3706,0.833,0.451,7005,0
GO:0033275,"actin-myosin filament sliding",0.047%,null,null,1.623,-1.2907,0.904,0.856,7005,1
GO:1902589,"single-organism organelle organization",5.234%,null,null,3.662,-14.3359,0.762,0.751,7005,1
GO:0007015,"actin filament organization",0.768%,null,null,2.829,-0.6320,0.785,0.894,7005,1
GO:0007010,"cytoskeleton organization",2.674%,null,null,3.371,-6.6138,0.806,0.570,7005,1
GO:0030036,"actin cytoskeleton organization",1.465%,null,null,3.110,-4.9640,0.786,0.629,7005,1
GO:0030049,"muscle filament sliding",0.047%,null,null,1.623,-1.2907,0.866,0.683,7005,1
GO:0006139,"nucleobase-containing compound metabolic process",24.258%, 7.374, 0.316,4.328,-6.5107,0.742,0.452,6139,0
GO:0055086,"nucleobase-containing small molecule metabolic process",9.487%,null,null,3.920,-2.4793,0.733,0.556,6139,1
GO:0016070,"RNA metabolic process",12.843%,null,null,4.052,-4.9881,0.717,0.605,6139,1
GO:1901564,"organonitrogen compound metabolic process",11.844%,null,null,4.017,-1.3726,0.834,0.548,6139,1
GO:0090304,"nucleic acid metabolic process",15.268%,null,null,4.127,-2.7145,0.727,0.636,6139,1
GO:0072521,"purine-containing compound metabolic process",8.772%,null,null,3.886,-1.2860,0.785,0.545,6139,1
GO:0034641,"cellular nitrogen compound metabolic process",25.263%,null,null,4.346,-5.3234,0.766,0.697,6139,1
GO:0030198,"extracellular matrix organization",0.708%,-2.111,-6.820,2.794,-1.9014,0.819,0.456,30198,0
GO:0043062,"extracellular structure organization",0.709%,-2.101,-6.850,2.794,-1.9719,0.819,0.456,43062,0
GO:0022411,"cellular component disassembly",0.713%,-2.091,-6.451,2.797,-6.2723,0.819,0.456,22411,0
GO:0009892,"negative regulation of metabolic process",3.994%, 4.033, 5.174,3.545,-1.5555,0.762,0.456,9892,0
GO:0048523,"negative regulation of cellular process",7.863%,null,null,3.839,-8.8395,0.781,0.779,9892,1
GO:0048585,"negative regulation of response to stimulus",2.501%,null,null,3.342,-1.3331,0.887,0.650,9892,1
GO:0010605,"negative regulation of macromolecule metabolic process",3.670%,null,null,3.508,-1.3066,0.712,0.688,9892,1
GO:0010256,"endomembrane system organization",0.734%,-1.802,-6.592,2.810,-6.9956,0.840,0.458,10256,0
GO:0016050,"vesicle organization",0.329%,-1.598,-7.118,2.462,-3.1439,0.844,0.459,16050,0
GO:0051641,"cellular localization",6.184%,-3.773, 5.643,3.735,-12.6051,0.900,0.464,51641,0
GO:0051234,"establishment of localization",16.610%,null,null,4.164,-1.5054,0.886,0.590,51641,1
GO:0006810,"transport",16.357%,null,null,4.157,-1.0892,0.880,0.749,51641,1
GO:0043412,"macromolecule modification",10.189%, 7.359,-1.634,3.951,-22.0440,0.822,0.465,43412,0
GO:0019220,"regulation of phosphate metabolic process",4.763%, 4.156, 5.068,3.621,-6.0210,0.651,0.469,19220,0
GO:0001934,"positive regulation of protein phosphorylation",1.425%,null,null,3.098,-3.2986,0.588,0.949,19220,1
GO:0045860,"positive regulation of protein kinase activity",0.938%,null,null,2.916,-2.2291,0.593,0.961,19220,1
GO:0045859,"regulation of protein kinase activity",1.558%,null,null,3.136,-1.6299,0.601,0.953,19220,1
GO:0006796,"phosphate-containing compound metabolic process",17.353%,null,null,4.183,-21.4513,0.756,0.602,19220,1
GO:0016310,"phosphorylation",10.160%,null,null,3.950,-12.5891,0.778,0.714,19220,1
GO:0045937,"positive regulation of phosphate metabolic process",1.863%,null,null,3.214,-5.7190,0.646,0.824,19220,1
GO:0071900,"regulation of protein serine/threonine kinase activity",0.948%,null,null,2.921,-2.8657,0.621,0.751,19220,1
GO:0051347,"positive regulation of transferase activity",1.092%,null,null,2.982,-2.1368,0.747,0.913,19220,1
GO:0009117,"nucleotide metabolic process",9.281%,null,null,3.911,-1.3182,0.690,0.897,19220,1
GO:0006163,"purine nucleotide metabolic process",8.677%,null,null,3.882,-1.4641,0.691,0.907,19220,1
GO:0010562,"positive regulation of phosphorus metabolic process",1.863%,null,null,3.214,-5.7190,0.651,0.824,19220,1
GO:0043549,"regulation of kinase activity",1.684%,null,null,3.170,-2.4587,0.666,0.899,19220,1
GO:0009150,"purine ribonucleotide metabolic process",8.621%,null,null,3.879,-1.3444,0.689,0.831,19220,1
GO:0006753,"nucleoside phosphate metabolic process",9.316%,null,null,3.913,-1.4761,0.690,0.884,19220,1
GO:0009259,"ribonucleotide metabolic process",8.662%,null,null,3.881,-1.3113,0.691,0.912,19220,1
GO:0042325,"regulation of phosphorylation",2.769%,null,null,3.386,-5.7380,0.672,0.873,19220,1
GO:0042327,"positive regulation of phosphorylation",1.686%,null,null,3.171,-4.1603,0.644,0.969,19220,1
GO:0019637,"organophosphate metabolic process",10.352%,null,null,3.958,-9.2847,0.764,0.717,19220,1
GO:0019693,"ribose phosphate metabolic process",8.670%,null,null,3.881,-1.5291,0.758,0.687,19220,1
GO:0033674,"positive regulation of kinase activity",0.978%,null,null,2.934,-2.5482,0.651,0.908,19220,1
GO:0051174,"regulation of phosphorus metabolic process",4.788%,null,null,3.624,-6.0210,0.673,0.512,19220,1
GO:0033036,"macromolecule localization",5.646%,-4.143, 5.557,3.695,-11.5358,0.901,0.477,33036,0
GO:0009893,"positive regulation of metabolic process",5.415%, 3.906, 5.541,3.677,-12.0162,0.761,0.480,9893,0
GO:0080090,"regulation of primary metabolic process",15.914%,null,null,4.145,-8.7003,0.707,0.757,9893,1
GO:0031323,"regulation of cellular metabolic process",15.735%,null,null,4.140,-8.3479,0.643,0.771,9893,1
GO:0051252,"regulation of RNA metabolic process",10.497%,null,null,3.964,-1.0940,0.591,0.822,9893,1
GO:2001141,"regulation of RNA biosynthetic process",10.349%,null,null,3.958,-1.0267,0.566,0.820,9893,1
GO:0019219,"regulation of nucleobase-containing compound metabolic process",12.840%,null,null,4.052,-1.4001,0.611,0.717,9893,1
GO:0010468,"regulation of gene expression",11.954%,null,null,4.021,-0.5169,0.670,0.704,9893,1
GO:0060255,"regulation of macromolecule metabolic process",14.730%,null,null,4.112,-9.3682,0.677,0.588,9893,1
GO:0090407,"organophosphate biosynthetic process",2.638%, 6.997,-2.030,3.365,-3.8803,0.761,0.482,90407,0
GO:0071702,"organic substance transport",5.810%,-4.160, 5.870,3.708,-1.9058,0.895,0.490,71702,0
GO:0034976,"response to endoplasmic reticulum stress",0.253%,-5.328, 1.292,2.348,-3.7602,0.905,0.492,34976,0
GO:0070647,"protein modification by small protein conjugation or removal",1.542%, 6.933,-3.754,3.132,-4.1098,0.773,0.493,70647,0
GO:0018193,"peptidyl-amino acid modification",2.453%,null,null,3.333,-1.8243,0.759,0.532,70647,1
GO:0036211,"protein modification process",9.809%,null,null,3.935,-21.0393,0.765,0.883,70647,1
GO:0006464,"cellular protein modification process",9.809%,null,null,3.935,-21.0393,0.708,0.695,70647,1
GO:0006468,"protein phosphorylation",5.136%,null,null,3.654,-10.6691,0.699,0.792,70647,1
GO:0048534,"hematopoietic or lymphoid organ development",1.755%,-6.322,-0.112,3.188,-4.6278,0.856,0.495,48534,0
GO:0002520,"immune system development",1.845%,null,null,3.210,-3.8561,0.862,0.521,48534,1
GO:0002521,"leukocyte differentiation",1.015%,null,null,2.950,-1.1952,0.798,0.908,48534,1
GO:0030098,"lymphocyte differentiation",0.714%,null,null,2.798,-1.2049,0.806,0.872,48534,1
GO:0030097,"hemopoiesis",1.659%,null,null,3.163,-4.0041,0.857,0.963,48534,1
GO:0044802,"single-organism membrane organization",1.380%,-2.450,-6.434,3.084,-5.7548,0.793,0.497,44802,0
GO:0061025,"membrane fusion",0.229%,null,null,2.305,-1.2357,0.845,0.782,44802,1
GO:0072657,"protein localization to membrane",0.687%,null,null,2.781,-1.4228,0.721,0.874,44802,1
GO:0072659,"protein localization to plasma membrane",0.280%,null,null,2.393,-1.7944,0.743,0.858,44802,1
GO:0090174,"organelle membrane fusion",0.022%,null,null,1.301,-0.6531,0.853,0.637,44802,1
GO:0007009,"plasma membrane organization",0.409%,null,null,2.556,-2.9039,0.815,0.828,44802,1
GO:0006906,"vesicle fusion",0.100%,null,null,1.949,-0.5706,0.770,0.812,44802,1
