term_ID,description,frequency,plot_X,plot_Y,plot_size,log10 p-value,uniqueness,dispensability,representative,eliminated
GO:0006928,"movement of cell or subcellular component",3.830%, 0.615, 0.034,3.527,-15.2188,0.891,0.000,6928,0
GO:0008152,"metabolic process",54.733%, 0.272,-1.117,4.682,-22.0966,0.997,0.000,8152,0
GO:0009605,"response to external stimulus",4.459%, 0.444,-0.367,3.593,-3.8712,0.975,0.000,9605,0
GO:0009987,"cellular process",59.614%, 0.380,-0.996,4.719,-6.6261,0.998,0.000,9987,0
GO:0032501,"multicellular organismal process",15.657%, 0.268,-0.922,4.138,-1.7648,0.995,0.000,32501,0
GO:0032502,"developmental process",13.055%, 0.260,-0.894,4.059,-16.0607,0.995,0.000,32502,0
GO:0032879,"regulation of localization",4.330%, 3.076, 5.863,3.580,-11.1708,0.839,0.000,32879,0
GO:0040011,"locomotion",3.285%, 0.285,-0.675,3.460,-10.8539,0.994,0.000,40011,0
GO:0051179,"localization",18.927%, 0.161,-0.510,4.220,-7.3087,0.995,0.000,51179,0
GO:0071840,"cellular component organization or biogenesis",12.603%, 0.594,-1.559,4.044,-38.9412,0.995,0.000,71840,0
GO:0008283,"cell proliferation",4.075%, 0.290,-0.851,3.554,-2.4271,0.975,0.029,8283,0
GO:0022607,"cellular component assembly",4.569%, 4.208,-6.176,3.603,-14.4416,0.789,0.066,22607,0
GO:0044093,"positive regulation of molecular function",3.848%,-1.256, 0.531,3.529,-8.3736,0.878,0.102,44093,0
GO:0065009,"regulation of molecular function",6.209%,-0.579, 0.108,3.736,-7.7396,0.920,0.110,65009,0
GO:0010604,"positive regulation of macromolecule metabolic process",4.917%,-6.504, 0.222,3.635,-9.2429,0.674,0.114,10604,0
GO:0031325,"positive regulation of cellular metabolic process",5.082%,null,null,3.649,-10.9340,0.642,0.921,10604,1
GO:0050793,"regulation of developmental process",4.431%, 2.120, 1.861,3.590,-7.1507,0.831,0.115,50793,0
GO:0009628,"response to abiotic stimulus",2.264%, 0.588,-0.856,3.298,-1.4077,0.977,0.115,9628,0
GO:1903047,"mitotic cell cycle process",1.493%, 0.505,-0.399,3.118,-1.2840,0.899,0.116,1903047,0
GO:0030029,"actin filament-based process",1.610%, 0.347,-0.257,3.150,-5.7708,0.902,0.117,30029,0
GO:1901700,"response to oxygen-containing compound",3.064%, 0.891,-0.705,3.430,-2.5176,0.970,0.120,1901700,0
GO:0006644,"phospholipid metabolic process",0.826%,-3.994,-1.839,2.861,-5.6098,0.779,0.124,6644,0
GO:0048519,"negative regulation of biological process",8.588%,-1.182, 1.517,3.877,-11.2810,0.911,0.128,48519,0
GO:0065008,"regulation of biological quality",7.337%,-0.698, 0.383,3.809,-8.0410,0.918,0.129,65008,0
GO:1902531,"regulation of intracellular signal transduction",3.702%,-0.733, 3.241,3.512,-9.7562,0.744,0.132,1902531,0
GO:0008219,"cell death",4.485%, 0.959, 0.010,3.595,-4.7621,0.864,0.136,8219,0
GO:0043067,"regulation of programmed cell death",3.163%,null,null,3.444,-3.1360,0.781,0.953,8219,1
GO:0012501,"programmed cell death",4.106%,null,null,3.557,-4.1549,0.865,0.941,8219,1
GO:0010941,"regulation of cell death",3.315%,null,null,3.464,-2.9431,0.781,0.910,8219,1
GO:0042981,"regulation of apoptotic process",3.144%,null,null,3.441,-3.0746,0.782,0.902,8219,1
GO:0006915,"apoptotic process",4.058%,null,null,3.552,-4.1668,0.865,0.939,8219,1
GO:0044237,"cellular metabolic process",42.121%,-4.019,-1.831,4.568,-34.7530,0.827,0.141,44237,0
GO:0006950,"response to stress",8.191%, 0.275, 0.164,3.857,-3.1854,0.974,0.141,6950,0
GO:0009056,"catabolic process",7.851%,-1.381,-1.761,3.838,-10.2394,0.912,0.160,9056,0
GO:0043112,"receptor metabolic process",0.289%,-4.218,-2.254,2.407,-1.5217,0.848,0.191,43112,0
GO:0006793,"phosphorus metabolic process",17.457%,-5.706,-1.981,4.185,-21.4416,0.812,0.209,6793,0
GO:0019222,"regulation of metabolic process",17.756%,-3.376, 0.745,4.193,-10.8222,0.840,0.210,19222,0
GO:0030155,"regulation of cell adhesion",0.746%,-0.801, 2.694,2.817,-0.6760,0.852,0.215,30155,0
GO:0009058,"biosynthetic process",19.017%,-2.753,-1.943,4.222,-6.5584,0.896,0.216,9058,0
GO:0016567,"protein ubiquitination",1.323%,-5.746,-2.747,3.065,-5.7864,0.772,0.231,16567,0
GO:0032446,"protein modification by small protein conjugation",1.403%,null,null,3.091,-5.2036,0.771,0.956,16567,1
GO:0048518,"positive regulation of biological process",28.712%,-1.763, 3.590,4.401,-9.9826,0.892,0.236,48518,0
GO:0002697,"regulation of immune effector process",19.446%,-1.143, 2.695,4.232,-1.5612,0.890,0.243,2697,0
GO:0051240,"positive regulation of multicellular organismal process",1.418%, 0.921, 2.746,3.095,-7.0780,0.841,0.245,51240,0
GO:0044710,"single-organism metabolic process",26.477%,-3.432,-1.996,4.366,-20.8176,0.869,0.249,44710,0
GO:0006807,"nitrogen compound metabolic process",26.566%,-3.415,-1.945,4.368,-7.5954,0.889,0.249,6807,0
GO:0009057,"macromolecule catabolic process",2.264%,-5.552,-2.421,3.298,-5.2976,0.812,0.249,9057,0
GO:0044711,"single-organism biosynthetic process",4.776%,-3.010,-3.536,3.622,-5.0077,0.827,0.249,44711,0
GO:0044763,"single-organism cellular process",45.302%,-1.324,-1.932,4.599,-1.8727,0.880,0.252,44763,0
GO:0032101,"regulation of response to external stimulus",1.256%, 0.016, 0.445,3.043,-1.7693,0.906,0.254,32101,0
GO:0042127,"regulation of cell proliferation",3.148%,-1.131, 3.508,3.442,-1.0933,0.821,0.261,42127,0
GO:0043170,"macromolecule metabolic process",29.866%,-6.644,-2.753,4.418,-13.1022,0.835,0.263,43170,0
GO:1901135,"carbohydrate derivative metabolic process",10.573%,-4.886,-2.586,3.968,-3.5187,0.866,0.281,1901135,0
GO:0006629,"lipid metabolic process",3.159%,-3.717,-2.656,3.443,-1.5941,0.855,0.301,6629,0
GO:0044238,"primary metabolic process",41.881%,-4.260,-1.694,4.565,-17.4096,0.876,0.314,44238,0
GO:0071704,"organic substance metabolic process",42.826%,-4.252,-1.653,4.575,-21.2107,0.875,0.319,71704,0
GO:0006725,"cellular aromatic compound metabolic process",24.907%,-5.519,-1.731,4.340,-7.1470,0.798,0.319,6725,0
GO:0051604,"protein maturation",0.786%,-4.372,-2.498,2.839,-1.6776,0.837,0.321,51604,0
GO:0048522,"positive regulation of cellular process",8.548%,-1.918, 4.906,3.875,-21.8286,0.784,0.325,48522,0
GO:0032543,"mitochondrial translation",0.031%,-0.759,-6.635,1.447,-1.9630,0.725,0.328,32543,0
GO:0060627,"regulation of vesicle-mediated transport",0.665%, 1.949, 5.978,2.767,-10.1904,0.767,0.331,60627,0
GO:0050817,"coagulation",0.929%, 2.194, 0.952,2.912,-3.2739,0.927,0.359,50817,0
GO:0046483,"heterocycle metabolic process",24.799%,-5.778,-1.800,4.338,-7.1082,0.798,0.359,46483,0
GO:0003013,"circulatory system process",1.113%, 2.630, 1.066,2.990,-1.3099,0.922,0.367,3013,0
GO:0001816,"cytokine production",1.263%, 2.002, 0.961,3.045,-1.0917,0.924,0.372,1816,0
GO:0050878,"regulation of body fluid levels",1.269%, 2.281, 1.095,3.047,-6.8906,0.871,0.372,50878,0
GO:1901360,"organic cyclic compound metabolic process",25.430%,-5.528,-2.362,4.349,-6.4204,0.841,0.376,1901360,0
GO:0007033,"vacuole organization",0.138%, 3.811,-5.758,2.086,-0.5706,0.855,0.378,7033,0
GO:0048284,"organelle fusion",0.165%, 3.864,-5.817,2.164,-0.8730,0.853,0.386,48284,0
GO:0044260,"cellular macromolecule metabolic process",25.627%,-7.203,-2.727,4.352,-24.9006,0.731,0.388,44260,0
GO:0044281,"small molecule metabolic process",13.539%,-2.772,-2.351,4.075,-5.2719,0.854,0.388,44281,0
GO:0048870,"cell motility",2.570%, 3.505, 5.020,3.353,-9.5084,0.794,0.397,48870,0
GO:0016477,"cell migration",2.372%,null,null,3.319,-8.1366,0.796,0.964,48870,1
GO:0051674,"localization of cell",2.570%, 3.358, 4.906,3.353,-9.5084,0.910,0.397,51674,0
GO:0006508,"proteolysis",4.713%,-5.328,-2.872,3.617,-5.1718,0.805,0.398,6508,0
GO:0033554,"cellular response to stress",3.483%, 0.125, 1.262,3.485,-4.4830,0.876,0.403,33554,0
GO:1901137,"carbohydrate derivative biosynthetic process",2.961%,-4.225,-3.556,3.415,-0.7220,0.837,0.410,1901137,0
GO:0007267,"cell-cell signaling",2.522%, 0.262, 1.759,3.345,-2.7307,0.862,0.415,7267,0
GO:0046907,"intracellular transport",3.541%, 3.848, 5.360,3.493,-6.0995,0.874,0.417,46907,0
GO:0046903,"secretion",2.293%, 3.774, 5.209,3.304,-5.8979,0.888,0.426,46903,0
GO:0006366,"transcription from RNA polymerase II promoter",3.963%,-7.066,-3.289,3.541,-2.4189,0.714,0.429,6366,0
GO:0006357,"regulation of transcription from RNA polymerase II promoter",3.684%,null,null,3.510,-1.6506,0.609,1.271,6366,1
GO:0006355,"regulation of transcription, DNA-templated",10.156%,null,null,3.950,-1.2524,0.547,1.833,6366,1
GO:0006351,"transcription, DNA-templated",10.635%,null,null,3.970,-1.5628,0.666,1.518,6366,1
GO:1903506,"regulation of nucleic acid-templated transcription",2.620%,null,null,3.362,-1.0489,0.629,1.208,6366,1
GO:0030162,"regulation of proteolysis",1.024%,-6.172,-0.482,2.954,-4.9450,0.719,0.430,30162,0
GO:0007167,"enzyme linked receptor protein signaling pathway",2.356%,-0.814, 3.482,3.316,-2.2921,0.777,0.436,7167,0
GO:0008104,"protein localization",4.788%, 3.740, 5.229,3.624,-10.0296,0.882,0.437,8104,0
GO:0007005,"mitochondrion organization",0.649%, 3.858,-5.789,2.757,-7.3706,0.833,0.451,7005,0
GO:0006139,"nucleobase-containing compound metabolic process",24.258%,-6.833,-2.293,4.328,-6.5107,0.742,0.452,6139,0
GO:0030198,"extracellular matrix organization",0.708%, 3.967,-5.813,2.794,-1.9014,0.819,0.456,30198,0
GO:0043062,"extracellular structure organization",0.709%, 4.004,-5.840,2.794,-1.9719,0.819,0.456,43062,0
GO:0022411,"cellular component disassembly",0.713%, 3.791,-5.649,2.797,-6.2723,0.819,0.456,22411,0
GO:0009892,"negative regulation of metabolic process",3.994%,-3.888, 1.941,3.545,-1.5555,0.762,0.456,9892,0
GO:0010256,"endomembrane system organization",0.734%, 3.812,-5.681,2.810,-6.9956,0.840,0.458,10256,0
GO:0016050,"vesicle organization",0.329%, 4.160,-6.164,2.462,-3.1439,0.844,0.459,16050,0
GO:0051641,"cellular localization",6.184%, 3.379, 4.971,3.735,-12.6051,0.900,0.464,51641,0
GO:0043412,"macromolecule modification",10.189%,-5.785,-2.990,3.951,-22.0440,0.822,0.465,43412,0
GO:0019220,"regulation of phosphate metabolic process",4.763%,-5.517, 1.945,3.621,-6.0210,0.651,0.469,19220,0
GO:0033036,"macromolecule localization",5.646%, 3.606, 5.132,3.695,-11.5358,0.901,0.477,33036,0
GO:0009893,"positive regulation of metabolic process",5.415%,-3.965, 2.200,3.677,-12.0162,0.761,0.480,9893,0
GO:0090407,"organophosphate biosynthetic process",2.638%,-5.577,-2.761,3.365,-3.8803,0.761,0.482,90407,0
GO:0071702,"organic substance transport",5.810%, 3.883, 5.337,3.708,-1.9058,0.895,0.490,71702,0
GO:0034976,"response to endoplasmic reticulum stress",0.253%, 0.324, 1.257,2.348,-3.7602,0.905,0.492,34976,0
GO:0070647,"protein modification by small protein conjugation or removal",1.542%,-6.549,-3.297,3.132,-4.1098,0.773,0.493,70647,0
GO:0048534,"hematopoietic or lymphoid organ development",1.755%, 3.454, 1.791,3.188,-4.6278,0.856,0.495,48534,0
GO:0002521,"leukocyte differentiation",1.015%,null,null,2.950,-1.1952,0.798,0.908,48534,1
GO:0030097,"hemopoiesis",1.659%,null,null,3.163,-4.0041,0.857,0.963,48534,1
GO:0044802,"single-organism membrane organization",1.380%, 4.223,-5.721,3.084,-5.7548,0.793,0.497,44802,0
GO:0006914,"autophagy",0.414%,-2.398,-0.944,2.561,-5.0546,0.845,0.506,6914,0
GO:0048871,"multicellular organismal homeostasis",0.562%, 1.775, 0.995,2.694,-1.0122,0.882,0.507,48871,0
GO:0061024,"membrane organization",1.629%, 4.224,-6.133,3.156,-7.5097,0.826,0.508,61024,0
GO:0051130,"positive regulation of cellular component organization",1.698%, 2.965,-3.744,3.173,-5.0447,0.697,0.511,51130,0
GO:0035556,"intracellular signal transduction",6.704%,-0.657, 3.864,3.770,-19.6580,0.746,0.512,35556,0
GO:0051174,"regulation of phosphorus metabolic process",4.788%,-4.899, 1.628,3.624,-6.0210,0.673,0.512,51174,0
GO:0007034,"vacuolar transport",0.067%, 3.437, 4.944,1.778,-1.4589,0.901,0.519,7034,0
GO:0002520,"immune system development",1.845%, 3.386, 1.763,3.210,-3.8561,0.862,0.521,2520,0
GO:0010467,"gene expression",15.379%,-6.166,-3.080,4.130,-6.2740,0.808,0.524,10467,0
GO:0060429,"epithelium development",2.640%, 3.485, 0.855,3.365,-0.7520,0.902,0.524,60429,0
GO:0010646,"regulation of cell communication",6.570%,-0.802, 3.541,3.761,-15.0474,0.764,0.529,10646,0
GO:0097659,"nucleic acid-templated transcription",1.480%,-6.093,-3.054,3.114,-1.1895,0.768,0.530,97659,0
GO:0018193,"peptidyl-amino acid modification",2.453%,-7.072,-3.485,3.333,-1.8243,0.759,0.532,18193,0
GO:0051246,"regulation of protein metabolic process",4.423%,-7.281,-0.906,3.589,-6.4331,0.702,0.533,51246,0
GO:0023051,"regulation of signaling",6.570%,-1.144, 2.763,3.761,-15.9244,0.880,0.534,23051,0
GO:0019538,"protein metabolic process",17.009%,-6.295,-3.072,4.174,-7.5918,0.803,0.541,19538,0
GO:0072521,"purine-containing compound metabolic process",8.772%,-5.577,-2.014,3.886,-1.2860,0.785,0.545,72521,0
GO:0030030,"cell projection organization",2.744%, 3.926,-5.319,3.382,-2.9930,0.790,0.548,30030,0
GO:1901564,"organonitrogen compound metabolic process",11.844%,-5.583,-2.721,4.017,-1.3726,0.834,0.548,1901564,0
GO:0006414,"translational elongation",0.313%,-5.403,-3.222,2.441,-1.0026,0.782,0.555,6414,0
GO:0055086,"nucleobase-containing small molecule metabolic process",9.487%,-5.572,-2.595,3.920,-2.4793,0.733,0.556,55086,0
GO:0007169,"transmembrane receptor protein tyrosine kinase signaling pathway",1.599%,-0.818, 3.440,3.147,-1.7431,0.786,0.558,7169,0
GO:0044249,"cellular biosynthetic process",18.384%,-5.973,-3.194,4.208,-7.2002,0.752,0.568,44249,0
GO:0071822,"protein complex subunit organization",3.467%, 4.360,-6.333,3.483,-10.7999,0.797,0.568,71822,0
GO:0007010,"cytoskeleton organization",2.674%, 3.922,-5.850,3.371,-6.6138,0.806,0.570,7010,0
GO:0007596,"blood coagulation",0.909%, 1.794, 1.202,2.903,-3.7200,0.851,0.570,7596,0
GO:0007599,"hemostasis",0.920%,null,null,2.907,-3.6416,0.873,0.918,7596,1
GO:0048468,"cell development",4.830%, 2.727, 1.199,3.627,-6.0131,0.795,0.576,48468,0
GO:0051128,"regulation of cellular component organization",3.835%, 3.166,-4.042,3.527,-14.3094,0.716,0.577,51128,0
GO:0044267,"cellular protein metabolic process",12.981%,-7.088,-2.947,4.057,-21.6533,0.717,0.577,44267,0
GO:0001819,"positive regulation of cytokine production",0.581%, 0.979, 2.299,2.708,-1.2725,0.856,0.583,1819,0
GO:0070613,"regulation of protein processing",0.357%,-5.695,-0.362,2.497,-3.5515,0.741,0.583,70613,0
GO:0016485,"protein processing",0.743%,null,null,2.815,-1.4700,0.821,0.912,70613,1
GO:0060255,"regulation of macromolecule metabolic process",14.730%,-6.386,-0.093,4.112,-9.3682,0.677,0.588,60255,0
GO:0051234,"establishment of localization",16.610%, 4.174, 5.616,4.164,-1.5054,0.886,0.590,51234,0
GO:1903530,"regulation of secretion by cell",0.196%, 2.068, 5.781,2.238,-3.3297,0.760,0.590,1903530,0
GO:0044085,"cellular component biogenesis",4.871%, 4.100,-5.989,3.631,-15.2144,0.855,0.593,44085,0
GO:0045055,"regulated secretory pathway",0.134%, 3.593, 4.991,2.076,-1.4517,0.833,0.597,45055,0
GO:1901701,"cellular response to oxygen-containing compound",1.893%, 0.304, 1.313,3.221,-0.7348,0.892,0.599,1901701,0
GO:0006796,"phosphate-containing compound metabolic process",17.353%,-6.267,-1.832,4.183,-21.4513,0.756,0.602,6796,0
GO:0016070,"RNA metabolic process",12.843%,-7.222,-2.900,4.052,-4.9881,0.717,0.605,16070,0
GO:0016197,"endosomal transport",0.316%, 3.683, 5.136,2.444,-2.7221,0.888,0.607,16197,0
GO:0030163,"protein catabolic process",1.538%,-5.350,-2.363,3.131,-4.9913,0.780,0.608,30163,0
GO:0044265,"cellular macromolecule catabolic process",1.775%,null,null,3.193,-3.0796,0.759,0.902,30163,1
GO:1990778,"protein localization to cell periphery",0.307%, 3.730, 5.199,2.431,-1.8292,0.894,0.615,1990778,0
GO:0009888,"tissue development",4.199%, 2.437, 0.882,3.567,-4.2937,0.896,0.616,9888,0
GO:0043241,"protein complex disassembly",0.373%, 4.096,-6.228,2.516,-4.2962,0.808,0.622,43241,0
GO:0043624,"cellular protein complex disassembly",0.344%,null,null,2.481,-2.6527,0.809,0.980,43241,1
GO:0006415,"translational termination",0.130%,null,null,2.061,-1.8980,0.694,0.902,43241,1
GO:0006839,"mitochondrial transport",0.326%, 3.977, 5.355,2.458,-0.8916,0.888,0.625,6839,0
GO:0030036,"actin cytoskeleton organization",1.465%, 3.894,-5.435,3.110,-4.9640,0.786,0.629,30036,0
GO:0080134,"regulation of response to stress",1.961%,-0.008, 0.802,3.236,-3.8262,0.896,0.630,80134,0
GO:0009894,"regulation of catabolic process",2.662%,-4.341, 1.340,3.369,-5.2477,0.747,0.633,9894,0
GO:0007399,"nervous system development",4.932%, 3.585, 1.622,3.636,-5.9878,0.846,0.633,7399,0
GO:0009611,"response to wounding",2.056%, 0.666,-0.394,3.256,-1.4740,0.962,0.634,9611,0
GO:0090304,"nucleic acid metabolic process",15.268%,-6.920,-2.586,4.127,-2.7145,0.727,0.636,90304,0
GO:0090174,"organelle membrane fusion",0.022%, 3.783,-5.555,1.301,-0.6531,0.853,0.637,90174,0
GO:0044707,"single-multicellular organism process",15.092%, 2.659, 1.148,4.122,-24.4368,0.898,0.638,44707,0
GO:0031329,"regulation of cellular catabolic process",2.423%,-5.396, 2.043,3.328,-4.0063,0.677,0.638,31329,0
GO:0030100,"regulation of endocytosis",0.359%, 5.271,-0.782,2.500,-4.1371,0.698,0.646,30100,0
GO:0051640,"organelle localization",0.880%, 3.364, 4.958,2.888,-1.0559,0.896,0.647,51640,0
GO:0048585,"negative regulation of response to stimulus",2.501%,-0.399, 1.095,3.342,-1.3331,0.887,0.650,48585,0
GO:0070126,"mitochondrial translational termination",0.001%,-0.157,-6.547,0.301,-1.5146,0.764,0.650,70126,0
GO:0051239,"regulation of multicellular organismal process",5.506%, 1.044, 2.374,3.684,-11.8473,0.855,0.653,51239,0
GO:0048013,"ephrin receptor signaling pathway",0.101%,-0.588, 3.584,1.954,-1.1990,0.837,0.664,48013,0
GO:0000165,"MAPK cascade",1.448%,-5.073,-0.348,3.104,-4.6992,0.637,0.670,165,0
GO:0043408,"regulation of MAPK cascade",1.237%,null,null,3.036,-1.1098,0.570,0.950,165,1
GO:0023014,"signal transduction by protein phosphorylation",1.554%,-4.979,-0.399,3.135,-4.8090,0.641,0.671,23014,0
GO:0008015,"blood circulation",1.109%, 2.465, 1.029,2.989,-1.1365,0.922,0.673,8015,0
GO:0030049,"muscle filament sliding",0.047%, 2.069, 1.221,1.623,-1.2907,0.866,0.683,30049,0
GO:0048856,"anatomical structure development",11.534%, 2.590, 0.875,4.005,-17.4154,0.885,0.685,48856,0
GO:0032989,"cellular component morphogenesis",2.952%, 4.603,-4.071,3.414,-3.8581,0.707,0.686,32989,0
GO:0019693,"ribose phosphate metabolic process",8.670%,-5.744,-1.837,3.881,-1.5291,0.758,0.687,19693,0
GO:0010605,"negative regulation of macromolecule metabolic process",3.670%,-6.633,-0.057,3.508,-1.3066,0.712,0.688,10605,0
GO:0006464,"cellular protein modification process",9.809%,-6.492,-2.711,3.935,-21.0393,0.708,0.695,6464,0
GO:0051260,"protein homooligomerization",0.561%, 4.193,-6.208,2.693,-1.4997,0.821,0.695,51260,0
GO:0034641,"cellular nitrogen compound metabolic process",25.263%,-5.414,-1.713,4.346,-5.3234,0.766,0.697,34641,0
GO:0010506,"regulation of autophagy",0.174%,-4.200, 2.212,2.188,-2.2795,0.752,0.701,10506,0
GO:0010468,"regulation of gene expression",11.954%,-6.552,-0.335,4.021,-0.5169,0.670,0.704,10468,0
GO:1902580,"single-organism cellular localization",1.731%, 3.498, 5.091,3.182,-3.7829,0.873,0.706,1902580,0
GO:0010638,"positive regulation of organelle organization",0.833%, 3.417,-4.130,2.865,-0.7165,0.710,0.708,10638,0
GO:0016043,"cellular component organization",12.380%, 3.971,-6.407,4.036,-37.5349,0.777,0.708,16043,0
GO:0051049,"regulation of transport",3.246%, 3.054, 5.512,3.455,-8.8406,0.815,0.712,51049,0
GO:0009653,"anatomical structure morphogenesis",5.999%, 2.729, 0.861,3.721,-7.4726,0.890,0.712,9653,0
GO:0030031,"cell projection assembly",0.692%, 3.792,-5.667,2.784,-1.4002,0.807,0.713,30031,0
GO:0016310,"phosphorylation",10.160%,-5.473,-1.515,3.950,-12.5891,0.778,0.714,16310,0
GO:0023057,"negative regulation of signaling",2.197%,-0.674, 2.181,3.285,-2.4015,0.852,0.715,23057,0
GO:0010648,"negative regulation of cell communication",2.203%,-1.065, 3.663,3.286,-2.1875,0.767,0.715,10648,0
GO:0045861,"negative regulation of proteolysis",0.088%,-5.611, 1.017,1.892,-0.7579,0.723,0.715,45861,0
GO:0048699,"generation of neurons",3.160%, 2.682, 1.682,3.443,-3.1334,0.777,0.716,48699,0
GO:0030182,"neuron differentiation",2.824%,null,null,3.394,-2.0517,0.780,0.927,48699,1
GO:0019219,"regulation of nucleobase-containing compound metabolic process",12.840%,-5.965, 1.115,4.052,-1.4001,0.611,0.717,19219,0
GO:0019637,"organophosphate metabolic process",10.352%,-6.027,-1.827,3.958,-9.2847,0.764,0.717,19637,0
GO:0051338,"regulation of transferase activity",1.829%,-3.977, 1.820,3.206,-1.6822,0.777,0.718,51338,0
GO:0051056,"regulation of small GTPase mediated signal transduction",1.620%,-0.787, 3.346,3.153,-1.3933,0.766,0.719,51056,0
GO:0051129,"negative regulation of cellular component organization",0.961%, 3.211,-4.099,2.926,-3.3476,0.733,0.719,51129,0
GO:2000026,"regulation of multicellular organismal development",3.472%, 2.444, 2.021,3.484,-5.2308,0.788,0.719,2000026,0
GO:0043933,"macromolecular complex subunit organization",5.276%, 4.016,-5.945,3.666,-11.8097,0.800,0.720,43933,0
GO:0009887,"organ morphogenesis",2.260%, 2.817, 1.447,3.298,-0.7358,0.854,0.723,9887,0
GO:0034654,"nucleobase-containing compound biosynthetic process",13.254%,-5.892,-2.736,4.066,-1.7499,0.727,0.724,34654,0
GO:0007264,"small GTPase mediated signal transduction",2.633%,-0.779, 3.716,3.364,-2.9890,0.768,0.727,7264,0
GO:0019438,"aromatic compound biosynthetic process",13.512%,-5.484,-3.054,4.074,-2.0312,0.749,0.728,19438,0
GO:0023056,"positive regulation of signaling",2.489%,-1.283, 3.286,3.339,-9.1308,0.844,0.728,23056,0
GO:0018130,"heterocycle biosynthetic process",13.553%,-5.354,-2.874,4.075,-1.6672,0.749,0.728,18130,0
GO:0010647,"positive regulation of cell communication",2.500%,-1.393, 4.201,3.341,-8.9934,0.741,0.728,10647,0
GO:0044271,"cellular nitrogen compound biosynthetic process",13.670%,-5.875,-3.139,4.079,-1.0246,0.745,0.730,44271,0
GO:0031331,"positive regulation of cellular catabolic process",0.268%,-4.524, 2.787,2.373,-1.3927,0.706,0.732,31331,0
GO:1901362,"organic cyclic compound biosynthetic process",13.849%,-5.458,-3.361,4.085,-1.6979,0.786,0.732,1901362,0
GO:0008654,"phospholipid biosynthetic process",0.452%,-4.325,-2.674,2.600,-4.5173,0.760,0.734,8654,0
GO:0048646,"anatomical structure formation involved in morphogenesis",2.581%, 2.455, 0.865,3.355,-3.2690,0.897,0.737,48646,0
GO:0034645,"cellular macromolecule biosynthetic process",14.343%,-6.515,-2.855,4.100,-1.0500,0.701,0.739,34645,0
GO:0070925,"organelle assembly",0.934%, 3.973,-5.950,2.914,-2.6208,0.814,0.741,70925,0
GO:0000902,"cell morphogenesis",2.742%, 4.632,-4.122,3.381,-2.4527,0.709,0.743,902,0
GO:0044248,"cellular catabolic process",6.840%,-5.011,-1.407,3.778,-9.4536,0.784,0.743,44248,0
GO:0009968,"negative regulation of signal transduction",2.090%,-0.936, 3.172,3.264,-1.9743,0.752,0.744,9968,0
GO:0048513,"organ development",7.380%, 3.623, 1.624,3.811,-7.0692,0.837,0.745,48513,0
GO:0009059,"macromolecule biosynthetic process",14.776%,-6.746,-3.630,4.113,-1.3825,0.763,0.746,9059,0
GO:0070201,"regulation of establishment of protein localization",0.998%, 3.892, 5.665,2.943,-1.3961,0.821,0.748,70201,0
GO:0006810,"transport",16.357%, 4.209, 5.642,4.157,-1.0892,0.880,0.749,6810,0
GO:1902589,"single-organism organelle organization",5.234%, 4.336,-5.382,3.662,-14.3359,0.762,0.751,1902589,0
GO:0071900,"regulation of protein serine/threonine kinase activity",0.948%,-6.293, 0.325,2.921,-2.8657,0.621,0.751,71900,0
GO:0044087,"regulation of cellular component biogenesis",1.045%, 3.948,-5.946,2.963,-2.4810,0.810,0.752,44087,0
GO:0009967,"positive regulation of signal transduction",2.348%,-1.180, 3.579,3.314,-9.1332,0.723,0.757,9967,0
GO:1902533,"positive regulation of intracellular signal transduction",1.490%,null,null,3.117,-4.1332,0.733,0.905,9967,1
GO:0080090,"regulation of primary metabolic process",15.914%,-6.492, 1.036,4.145,-8.7003,0.707,0.757,80090,0
GO:0009896,"positive regulation of catabolic process",0.386%,-3.957, 1.645,2.531,-2.6227,0.756,0.761,9896,0
GO:0032940,"secretion by cell",1.997%, 3.780, 5.336,3.244,-4.9012,0.793,0.761,32940,0
GO:0006996,"organelle organization",7.033%, 3.852,-5.838,3.790,-23.1055,0.793,0.763,6996,0
GO:0070125,"mitochondrial translational elongation",0.006%,-0.499,-6.518,0.778,-1.3038,0.754,0.764,70125,0
GO:0032880,"regulation of protein localization",1.216%, 3.741, 5.563,3.029,-0.8690,0.821,0.766,32880,0
GO:0048869,"cellular developmental process",8.570%, 2.479, 1.127,3.876,-13.9697,0.790,0.767,48869,0
GO:0000278,"mitotic cell cycle",1.725%, 1.331,-1.000,3.180,-1.2023,0.898,0.768,278,0
GO:0031323,"regulation of cellular metabolic process",15.735%,-5.612, 1.854,4.140,-8.3479,0.643,0.771,31323,0
GO:0051336,"regulation of hydrolase activity",3.070%,-4.154, 1.893,3.431,-2.8599,0.761,0.773,51336,0
GO:0033043,"regulation of organelle organization",1.797%, 3.448,-4.335,3.198,-4.0545,0.723,0.775,33043,0
GO:0042176,"regulation of protein catabolic process",0.460%,-6.184,-0.429,2.607,-1.2198,0.706,0.776,42176,0
GO:0044255,"cellular lipid metabolic process",2.183%,-4.212,-2.244,3.283,-3.3961,0.792,0.776,44255,0
GO:0046486,"glycerolipid metabolic process",0.810%,-3.355,-2.320,2.852,-2.1445,0.812,0.778,46486,0
GO:0048523,"negative regulation of cellular process",7.863%,-1.686, 4.546,3.839,-8.8395,0.781,0.779,48523,0
GO:0051050,"positive regulation of transport",1.381%, 2.395, 5.721,3.084,-4.4311,0.807,0.779,51050,0
GO:0043547,"positive regulation of GTPase activity",1.718%,-3.769, 2.376,3.179,-1.3025,0.739,0.780,43547,0
GO:0061025,"membrane fusion",0.229%, 4.186,-5.924,2.305,-1.2357,0.845,0.782,61025,0
GO:0051270,"regulation of cellular component movement",1.289%, 1.999, 6.116,3.054,-2.6445,0.734,0.783,51270,0
GO:0045597,"positive regulation of cell differentiation",1.436%, 0.201, 3.735,3.101,-1.6650,0.706,0.783,45597,0
GO:0045017,"glycerolipid biosynthetic process",0.440%,-3.599,-3.293,2.588,-3.7174,0.790,0.784,45017,0
GO:0006650,"glycerophospholipid metabolic process",0.635%,null,null,2.747,-3.1254,0.782,0.911,45017,1
GO:0048731,"system development",9.834%, 2.741, 1.491,3.936,-12.2363,0.833,0.790,48731,0
GO:0097190,"apoptotic signaling pathway",1.253%,-0.757, 3.160,3.042,-0.6380,0.776,0.791,97190,0
GO:0006468,"protein phosphorylation",5.136%,-6.516,-2.537,3.654,-10.6691,0.699,0.792,6468,0
GO:0032270,"positive regulation of cellular protein metabolic process",1.974%,-6.234, 0.725,3.239,-7.2729,0.607,0.795,32270,0
GO:0031401,"positive regulation of protein modification process",1.764%,null,null,3.190,-5.1785,0.606,0.935,32270,1
GO:1901576,"organic substance biosynthetic process",18.650%,-6.158,-3.738,4.214,-6.1638,0.791,0.797,1901576,0
GO:0050900,"leukocyte migration",0.509%, 3.984, 5.570,2.651,-5.4177,0.822,0.798,50900,0
GO:0060284,"regulation of cell development",1.721%, 0.774, 3.199,3.179,-1.8850,0.736,0.802,60284,0
GO:0022603,"regulation of anatomical structure morphogenesis",1.794%, 2.788, 1.159,3.197,-3.0110,0.833,0.807,22603,0
GO:0051247,"positive regulation of protein metabolic process",2.220%,-6.797,-0.176,3.290,-8.4978,0.667,0.809,51247,0
GO:0030154,"cell differentiation",8.015%, 2.650, 1.135,3.847,-14.1246,0.783,0.809,30154,0
GO:0009306,"protein secretion",0.561%, 3.521, 5.184,2.693,-1.5127,0.808,0.811,9306,0
GO:0006906,"vesicle fusion",0.100%, 5.675,-2.389,1.949,-0.5706,0.770,0.812,6906,0
GO:0007275,"multicellular organismal development",11.228%, 3.171, 1.491,3.994,-16.3306,0.836,0.815,7275,0
GO:0000209,"protein polyubiquitination",0.252%,-4.392,-2.306,2.346,-0.9319,0.808,0.816,209,0
GO:0022604,"regulation of cell morphogenesis",0.849%, 4.214,-3.106,2.873,-1.6428,0.669,0.817,22604,0
GO:0032774,"RNA biosynthetic process",10.939%,-7.282,-3.140,3.982,-1.0725,0.693,0.818,32774,0
GO:0051094,"positive regulation of developmental process",1.985%, 1.252, 2.205,3.241,-2.5313,0.814,0.818,51094,0
GO:2001141,"regulation of RNA biosynthetic process",10.349%,-6.219, 0.002,3.958,-1.0267,0.566,0.820,2001141,0
GO:0051252,"regulation of RNA metabolic process",10.497%,-6.261, 0.370,3.964,-1.0940,0.591,0.822,51252,0
GO:0040012,"regulation of locomotion",1.268%, 0.476, 0.357,3.047,-2.6964,0.902,0.823,40012,0
GO:0008610,"lipid biosynthetic process",1.351%,-3.898,-3.423,3.074,-1.4733,0.813,0.823,8610,0
GO:0010562,"positive regulation of phosphorus metabolic process",1.863%,-4.794, 2.307,3.214,-5.7190,0.651,0.824,10562,0
GO:0045937,"positive regulation of phosphate metabolic process",1.863%,-5.015, 2.458,3.214,-5.7190,0.646,0.824,45937,0
GO:0001934,"positive regulation of protein phosphorylation",1.425%,null,null,3.098,-3.2986,0.588,0.949,45937,1
GO:0045860,"positive regulation of protein kinase activity",0.938%,null,null,2.916,-2.2291,0.593,0.961,45937,1
GO:0042327,"positive regulation of phosphorylation",1.686%,null,null,3.171,-4.1603,0.644,0.969,45937,1
GO:0033674,"positive regulation of kinase activity",0.978%,null,null,2.934,-2.5482,0.651,0.908,45937,1
GO:0006935,"chemotaxis",1.276%, 0.620, 0.425,3.050,-1.0312,0.937,0.824,6935,0
GO:0042330,"taxis",1.276%, 0.707, 0.272,3.050,-1.0312,0.942,0.824,42330,0
GO:0007009,"plasma membrane organization",0.409%, 3.837,-5.707,2.556,-2.9039,0.815,0.828,7009,0
GO:0032268,"regulation of cellular protein metabolic process",3.398%,-6.433, 0.328,3.475,-4.6893,0.626,0.829,32268,0
GO:0009966,"regulation of signal transduction",5.885%,-0.751, 3.156,3.713,-14.7007,0.731,0.830,9966,0
GO:0009150,"purine ribonucleotide metabolic process",8.621%,-5.423,-2.009,3.879,-1.3444,0.689,0.831,9150,0
GO:0006163,"purine nucleotide metabolic process",8.677%,null,null,3.882,-1.4641,0.691,0.907,9150,1
GO:0009259,"ribonucleotide metabolic process",8.662%,null,null,3.881,-1.3113,0.691,0.912,9150,1
GO:0034613,"cellular protein localization",3.129%, 3.498, 5.091,3.439,-5.6729,0.866,0.834,34613,0
GO:0051649,"establishment of localization in cell",5.403%, 3.470, 5.083,3.676,-7.1093,0.869,0.834,51649,0
GO:0070727,"cellular macromolecule localization",3.140%, 4.130, 5.619,3.440,-5.8403,0.869,0.834,70727,0
GO:0043087,"regulation of GTPase activity",1.804%,-3.976, 1.823,3.200,-1.3043,0.775,0.836,43087,0
GO:0045807,"positive regulation of endocytosis",0.191%, 4.894,-0.505,2.228,-1.7864,0.686,0.838,45807,0
GO:0022008,"neurogenesis",3.440%, 2.960, 1.741,3.480,-3.4347,0.775,0.838,22008,0
GO:0006887,"exocytosis",0.769%, 3.955, 5.363,2.830,-2.7125,0.804,0.840,6887,0
GO:0050790,"regulation of catalytic activity",5.262%,-4.534, 1.952,3.665,-7.0411,0.746,0.841,50790,0
GO:0044712,"single-organism catabolic process",5.557%,-2.917,-2.477,3.688,-4.3430,0.816,0.842,44712,0
GO:0042060,"wound healing",1.314%, 0.892,-0.605,3.062,-1.4399,0.961,0.842,42060,0
GO:0044767,"single-organism developmental process",12.982%, 3.284, 0.875,4.057,-15.3547,0.865,0.843,44767,0
GO:0016236,"macroautophagy",0.138%,-2.280, 0.254,2.086,-1.6817,0.785,0.845,16236,0
GO:0010628,"positive regulation of gene expression",2.987%,-6.467, 0.018,3.419,-1.2000,0.685,0.846,10628,0
GO:0048259,"regulation of receptor-mediated endocytosis",0.099%, 5.336,-0.954,1.944,-0.8491,0.729,0.852,48259,0
GO:0006461,"protein complex assembly",2.584%, 3.865,-5.795,3.356,-6.0691,0.790,0.853,6461,0
GO:0070271,"protein complex biogenesis",2.588%, 4.174,-6.100,3.356,-6.0691,0.851,0.853,70271,0
GO:1903317,"regulation of protein maturation",0.357%,-6.222,-0.382,2.497,-3.6809,0.749,0.853,1903317,0
GO:0051259,"protein oligomerization",0.921%, 4.209,-6.213,2.908,-0.9855,0.812,0.853,51259,0
GO:0033275,"actin-myosin filament sliding",0.047%, 1.960,-0.720,1.623,-1.2907,0.904,0.856,33275,0
GO:0051173,"positive regulation of nitrogen compound metabolic process",3.225%,-4.450, 1.540,3.452,-0.6761,0.714,0.856,51173,0
GO:0072659,"protein localization to plasma membrane",0.280%, 5.862,-2.030,2.393,-1.7944,0.743,0.858,72659,0
GO:0045184,"establishment of protein localization",3.785%, 3.434, 5.015,3.522,-7.1939,0.879,0.859,45184,0
GO:0051603,"proteolysis involved in cellular protein catabolic process",1.180%,-5.877,-2.227,3.016,-3.5775,0.731,0.860,51603,0
GO:0044257,"cellular protein catabolic process",1.212%,null,null,3.027,-3.8255,0.737,0.929,51603,1
GO:0019941,"modification-dependent protein catabolic process",1.077%,null,null,2.976,-2.8303,0.734,0.986,51603,1
GO:0006511,"ubiquitin-dependent protein catabolic process",1.057%,null,null,2.968,-2.8096,0.734,0.970,51603,1
GO:0031328,"positive regulation of cellular biosynthetic process",3.341%,-5.475, 1.453,3.467,-2.2394,0.626,0.860,31328,0
GO:0010557,"positive regulation of macromolecule biosynthetic process",3.143%,null,null,3.441,-1.2379,0.659,0.954,31328,1
GO:0043085,"positive regulation of catalytic activity",3.352%,-3.999, 2.480,3.469,-6.8326,0.718,0.861,43085,0
GO:0009891,"positive regulation of biosynthetic process",3.388%,-4.569, 0.738,3.473,-2.7749,0.696,0.862,9891,0
GO:0046474,"glycerophospholipid biosynthetic process",0.363%,-4.198,-2.707,2.505,-2.4097,0.765,0.865,46474,0
GO:0043623,"cellular protein complex assembly",1.060%, 4.069,-6.055,2.969,-0.8897,0.809,0.868,43623,0
GO:0031399,"regulation of protein modification process",2.771%,-5.933, 0.389,3.386,-6.2863,0.628,0.870,31399,0
GO:0065003,"macromolecular complex assembly",2.983%, 4.068,-6.026,3.418,-7.0839,0.792,0.871,65003,0
GO:0030098,"lymphocyte differentiation",0.714%, 2.878, 1.650,2.798,-1.2049,0.806,0.872,30098,0
GO:0050708,"regulation of protein secretion",0.463%, 2.064, 5.947,2.610,-1.1023,0.732,0.873,50708,0
GO:0042325,"regulation of phosphorylation",2.769%,-4.993, 1.872,3.386,-5.7380,0.672,0.873,42325,0
GO:0051345,"positive regulation of hydrolase activity",2.284%,-3.872, 2.453,3.302,-1.8044,0.730,0.873,51345,0
GO:0072657,"protein localization to membrane",0.687%, 5.838,-1.983,2.781,-1.4228,0.721,0.874,72657,0
GO:0015031,"protein transport",3.600%, 4.312, 5.628,3.500,-5.1399,0.878,0.877,15031,0
GO:0045595,"regulation of cell differentiation",3.246%, 0.669, 3.308,3.455,-4.3961,0.718,0.878,45595,0
GO:0043405,"regulation of MAP kinase activity",0.610%,-5.474, 0.663,2.729,-1.1338,0.584,0.878,43405,0
GO:2000145,"regulation of cell motility",1.154%, 1.963, 5.981,3.006,-1.7646,0.723,0.878,2000145,0
GO:0030334,"regulation of cell migration",1.088%,null,null,2.980,-0.9367,0.725,0.960,2000145,1
GO:0034622,"cellular macromolecular complex assembly",1.656%, 3.858,-5.781,3.163,-2.3896,0.803,0.879,34622,0
GO:0032984,"macromolecular complex disassembly",0.392%, 3.882,-5.929,2.538,-3.0207,0.810,0.882,32984,0
GO:0043632,"modification-dependent macromolecule catabolic process",1.081%,-6.142,-2.349,2.978,-3.0308,0.771,0.883,43632,0
GO:0036211,"protein modification process",9.809%,-5.917,-3.129,3.935,-21.0393,0.765,0.883,36211,0
GO:0006753,"nucleoside phosphate metabolic process",9.316%,-5.347,-1.936,3.913,-1.4761,0.690,0.884,6753,0
GO:1901575,"organic substance catabolic process",7.339%,-5.273,-2.169,3.809,-9.1308,0.816,0.886,1901575,0
GO:0001932,"regulation of protein phosphorylation",2.262%,-6.621, 0.057,3.298,-4.4804,0.603,0.886,1932,0
GO:0043161,"proteasome-mediated ubiquitin-dependent protein catabolic process",0.459%,-6.022,-2.567,2.606,-2.4191,0.756,0.888,43161,0
GO:0010498,"proteasomal protein catabolic process",0.487%,-5.566,-2.190,2.631,-3.1224,0.755,0.893,10498,0
GO:0051046,"regulation of secretion",1.298%, 3.400, 5.312,3.057,-3.7279,0.810,0.893,51046,0
GO:0007015,"actin filament organization",0.768%, 3.931,-5.674,2.829,-0.6320,0.785,0.894,7015,0
GO:0009117,"nucleotide metabolic process",9.281%,-5.457,-2.016,3.911,-1.3182,0.690,0.897,9117,0
GO:0043549,"regulation of kinase activity",1.684%,-4.941, 2.061,3.170,-2.4587,0.666,0.899,43549,0
GO:0045859,"regulation of protein kinase activity",1.558%,null,null,3.136,-1.6299,0.601,0.953,43549,1
GO:0051347,"positive regulation of transferase activity",1.092%,null,null,2.982,-2.1368,0.747,0.913,43549,1
