term_ID,description,frequency,plot_X,plot_Y,plot_size,log10 p-value,uniqueness,dispensability,representative,eliminated
GO:0002376,"immune system process",8.704%, 1.475, 1.520,3.739,-78.0323,0.995,0.000,2376,0
GO:0007155,"cell adhesion",4.080%, 0.840, 1.324,3.410,-77.2988,0.990,0.000,7155,0
GO:0098609,"cell-cell adhesion",0.851%,null,null,2.730,-66.7480,0.990,0.768,7155,1
GO:0008152,"metabolic process",52.367%, 1.403, 2.203,4.518,-300.0000,0.997,0.000,8152,0
GO:0009719,"response to endogenous stimulus",4.836%,-3.270,-5.565,3.484,-92.5577,0.948,0.000,9719,0
GO:0009987,"cellular process",68.218%, 2.198, 1.261,4.633,-300.0000,0.998,0.000,9987,0
GO:0022610,"biological adhesion",4.122%, 2.504, 1.798,3.415,-76.0976,0.995,0.000,22610,0
GO:0023052,"signaling",26.299%, 2.227, 3.233,4.219,-93.4981,0.996,0.000,23052,0
GO:0032501,"multicellular organismal process",30.741%, 1.113, 0.752,4.287,-133.1947,0.996,0.000,32501,0
GO:0032502,"developmental process",24.064%, 0.714, 1.035,4.181,-243.2358,0.996,0.000,32502,0
GO:0034613,"cellular protein localization",4.512%,-2.267,-0.009,3.454,-119.5013,0.887,0.000,34613,0
GO:0015031,"protein transport",4.668%,null,null,3.469,-89.9169,0.894,0.803,34613,1
GO:0070727,"cellular macromolecule localization",4.547%,null,null,3.457,-121.0027,0.893,0.746,34613,1
GO:0070201,"regulation of establishment of protein localization",1.517%,null,null,2.981,-52.5353,0.816,0.811,34613,1
GO:1902582,"single-organism intracellular transport",3.738%,null,null,3.372,-53.0438,0.865,0.756,34613,1
GO:0033365,"protein localization to organelle",2.049%,null,null,3.111,-73.1438,0.898,0.845,34613,1
GO:0032880,"regulation of protein localization",1.947%,null,null,3.089,-68.5981,0.817,0.703,34613,1
GO:0006886,"intracellular protein transport",2.882%,null,null,3.259,-67.4732,0.886,0.888,34613,1
GO:0034504,"protein localization to nucleus",1.182%,null,null,2.873,-52.6111,0.903,0.783,34613,1
GO:0046907,"intracellular transport",4.931%,null,null,3.492,-100.2175,0.896,0.706,34613,1
GO:1903827,"regulation of cellular protein localization",0.480%,null,null,2.481,-54.9608,0.813,0.699,34613,1
GO:0008104,"protein localization",6.994%,null,null,3.644,-145.6942,0.898,0.806,34613,1
GO:0051050,"positive regulation of transport",2.349%,null,null,3.171,-53.3332,0.766,0.679,34613,1
GO:0051049,"regulation of transport",5.165%,null,null,3.513,-95.3694,0.802,0.763,34613,1
GO:0072594,"establishment of protein localization to organelle",1.354%,null,null,2.931,-49.8318,0.898,0.871,34613,1
GO:1902580,"single-organism cellular localization",2.670%,null,null,3.226,-88.0020,0.878,0.642,34613,1
GO:0060341,"regulation of cellular localization",3.169%,null,null,3.301,-75.6653,0.777,0.659,34613,1
GO:0006913,"nucleocytoplasmic transport",1.360%,null,null,2.933,-54.2521,0.910,0.583,34613,1
GO:0051649,"establishment of localization in cell",7.739%,null,null,3.688,-122.4132,0.891,0.775,34613,1
GO:0045184,"establishment of protein localization",5.033%,null,null,3.501,-107.5309,0.895,0.817,34613,1
GO:0051169,"nuclear transport",1.378%,null,null,2.939,-54.7141,0.910,0.667,34613,1
GO:0040007,"growth",4.350%, 0.520, 0.541,3.438,-64.3881,0.995,0.000,40007,0
GO:0040011,"locomotion",5.518%, 0.488, 1.005,3.541,-75.0907,0.995,0.000,40011,0
GO:0044699,"single-organism process",62.571%, 3.218, 2.835,4.596,-237.7893,0.998,0.000,44699,0
GO:0050896,"response to stimulus",36.212%, 2.247, 2.995,4.358,-127.4571,0.996,0.000,50896,0
GO:0051179,"localization",22.125%, 0.161,-0.001,4.144,-186.8111,0.996,0.000,51179,0
GO:0065007,"biological regulation",49.068%, 1.331, 1.109,4.490,-264.4322,0.997,0.000,65007,0
GO:0071840,"cellular component organization or biogenesis",20.072%, 2.571, 2.196,4.102,-300.0000,0.995,0.000,71840,0
GO:0072359,"circulatory system development",4.469%,-4.248, 6.184,3.450,-88.5613,0.838,0.000,72359,0
GO:1903506,"regulation of nucleic acid-templated transcription",4.812%, 5.933,-2.664,3.482,-198.4459,0.631,0.000,1903506,0
GO:0006366,"transcription from RNA polymerase II promoter",7.671%,null,null,3.684,-177.2417,0.692,1.634,1903506,1
GO:0006357,"regulation of transcription from RNA polymerase II promoter",7.379%,null,null,3.667,-177.0376,0.603,1.620,1903506,1
GO:0009059,"macromolecule biosynthetic process",18.715%,null,null,4.072,-241.0843,0.769,0.500,1903506,1
GO:0045892,"negative regulation of transcription, DNA-templated",4.152%,null,null,3.418,-138.8847,0.593,1.199,1903506,1
GO:0044249,"cellular biosynthetic process",21.728%,null,null,4.136,-228.4259,0.756,0.724,1903506,1
GO:0006355,"regulation of transcription, DNA-templated",13.598%,null,null,3.933,-199.8243,0.557,1.482,1903506,1
GO:0044271,"cellular nitrogen compound biosynthetic process",16.011%,null,null,4.004,-240.0704,0.751,0.661,1903506,1
GO:0006351,"transcription, DNA-templated",14.037%,null,null,3.947,-201.2553,0.654,1.883,1903506,1
GO:0045893,"positive regulation of transcription, DNA-templated",5.610%,null,null,3.549,-154.8430,0.571,1.529,1903506,1
GO:1901576,"organic substance biosynthetic process",22.066%,null,null,4.143,-226.8052,0.790,0.763,1903506,1
GO:0045944,"positive regulation of transcription from RNA polymerase II promoter",4.520%,null,null,3.455,-122.5065,0.585,1.216,1903506,1
GO:0019438,"aromatic compound biosynthetic process",15.832%,null,null,3.999,-218.7399,0.757,0.659,1903506,1
GO:0018130,"heterocycle biosynthetic process",15.824%,null,null,3.999,-215.1659,0.757,0.659,1903506,1
GO:1903508,"positive regulation of nucleic acid-templated transcription",8.123%,null,null,3.709,-154.8430,0.545,1.654,1903506,1
GO:1903507,"negative regulation of nucleic acid-templated transcription",8.125%,null,null,3.709,-135.8084,0.548,1.654,1903506,1
GO:0009889,"regulation of biosynthetic process",15.644%,null,null,3.994,-223.0330,0.685,0.657,1903506,1
GO:0000122,"negative regulation of transcription from RNA polymerase II promoter",2.974%,null,null,3.273,-117.0096,0.616,1.138,1903506,1
GO:1901362,"organic cyclic compound biosynthetic process",16.271%,null,null,4.011,-213.5391,0.787,0.675,1903506,1
GO:0065003,"macromolecular complex assembly",4.301%,-2.041,-0.254,3.433,-121.6783,0.880,0.039,65003,0
GO:0071822,"protein complex subunit organization",5.228%,null,null,3.518,-94.4134,0.884,0.777,65003,1
GO:0022613,"ribonucleoprotein complex biogenesis",0.940%,null,null,2.773,-49.1928,0.935,0.607,65003,1
GO:0006325,"chromatin organization",2.438%,null,null,3.187,-81.0607,0.890,0.691,65003,1
GO:0022607,"cellular component assembly",7.134%,null,null,3.653,-151.6912,0.878,0.820,65003,1
GO:0070271,"protein complex biogenesis",3.733%,null,null,3.372,-90.7215,0.924,0.738,65003,1
GO:0044087,"regulation of cellular component biogenesis",1.933%,null,null,3.086,-59.8753,0.839,0.669,65003,1
GO:0016570,"histone modification",1.617%,null,null,3.009,-71.4950,0.734,0.838,65003,1
GO:0016569,"covalent chromatin modification",1.651%,null,null,3.017,-73.4317,0.895,0.914,65003,1
GO:0034622,"cellular macromolecular complex assembly",2.227%,null,null,3.147,-73.2321,0.889,0.849,65003,1
GO:0006461,"protein complex assembly",3.730%,null,null,3.371,-90.9040,0.882,0.762,65003,1
GO:0022402,"cell cycle process",3.752%,-0.402, 0.260,3.374,-86.8259,0.910,0.055,22402,0
GO:0000278,"mitotic cell cycle",2.660%,null,null,3.225,-69.7878,0.914,0.812,22402,1
GO:0051726,"regulation of cell cycle",3.036%,null,null,3.282,-83.6234,0.832,0.828,22402,1
GO:1903047,"mitotic cell cycle process",2.324%,null,null,3.166,-62.1599,0.916,0.796,22402,1
GO:0030029,"actin filament-based process",2.689%,-0.112, 0.174,3.229,-52.8002,0.926,0.081,30029,0
GO:0001775,"cell activation",3.447%,-0.622, 0.982,3.337,-50.2788,0.923,0.084,1775,0
GO:0044763,"single-organism cellular process",54.297%, 3.570,-0.246,4.534,-224.2647,0.889,0.094,44763,0
GO:0007049,"cell cycle",5.193%,-0.312,-0.780,3.515,-108.9286,0.919,0.098,7049,0
GO:0006928,"movement of cell or subcellular component",6.288%, 0.028,-0.862,3.598,-86.6883,0.916,0.104,6928,0
GO:0008283,"cell proliferation",7.198%, 0.142, 2.062,3.657,-131.3176,0.955,0.108,8283,0
GO:0042592,"homeostatic process",5.779%,-0.342,-4.551,3.561,-60.9631,0.891,0.123,42592,0
GO:0043066,"negative regulation of apoptotic process",2.473%, 0.513,-4.928,3.193,-87.8548,0.753,0.142,43066,0
GO:1901214,"regulation of neuron death",1.040%,null,null,2.817,-53.1248,0.823,0.669,43066,1
GO:0060548,"negative regulation of cell death",2.692%,null,null,3.230,-94.9137,0.752,0.756,43066,1
GO:0043069,"negative regulation of programmed cell death",2.530%,null,null,3.203,-89.3514,0.752,0.954,43066,1
GO:0043065,"positive regulation of apoptotic process",1.386%,null,null,2.942,-65.6106,0.762,0.706,43066,1
GO:0043067,"regulation of programmed cell death",5.190%,null,null,3.515,-135.1789,0.780,0.933,43066,1
GO:0043068,"positive regulation of programmed cell death",1.405%,null,null,2.947,-67.2501,0.762,0.969,43066,1
GO:0012501,"programmed cell death",6.614%,null,null,3.620,-155.2515,0.862,0.916,43066,1
GO:0010942,"positive regulation of cell death",1.495%,null,null,2.975,-72.2377,0.762,0.700,43066,1
GO:0010941,"regulation of cell death",5.372%,null,null,3.530,-143.6746,0.782,0.882,43066,1
GO:0042981,"regulation of apoptotic process",5.126%,null,null,3.509,-134.4419,0.780,0.888,43066,1
GO:0070997,"neuron death",1.174%,null,null,2.870,-54.8081,0.890,0.613,43066,1
GO:0008219,"cell death",6.852%,null,null,3.635,-162.6699,0.861,0.923,43066,1
GO:0097190,"apoptotic signaling pathway",2.504%,null,null,3.198,-65.0075,0.762,0.694,43066,1
GO:0006915,"apoptotic process",6.464%,null,null,3.610,-155.6119,0.862,0.789,43066,1
GO:0071704,"organic substance metabolic process",46.485%, 7.618, 0.827,4.467,-300.0000,0.860,0.162,71704,0
GO:0048518,"positive regulation of biological process",17.954%,-0.217,-6.337,4.054,-300.0000,0.852,0.172,48518,0
GO:0065009,"regulation of molecular function",9.358%,-0.177,-4.660,3.771,-135.0643,0.882,0.177,65009,0
GO:0007154,"cell communication",26.729%,-1.404,-2.350,4.226,-97.2644,0.890,0.182,7154,0
GO:0065008,"regulation of biological quality",12.554%,-0.265,-4.857,3.898,-148.5353,0.876,0.191,65008,0
GO:0007167,"enzyme linked receptor protein signaling pathway",3.203%,-2.134,-7.004,3.305,-73.8896,0.796,0.200,7167,0
GO:0071495,"cellular response to endogenous stimulus",3.220%,-2.832,-5.267,3.307,-82.1825,0.944,0.200,71495,0
GO:0032870,"cellular response to hormone stimulus",1.568%,null,null,2.995,-55.3078,0.895,0.759,71495,1
GO:0009725,"response to hormone",2.719%,null,null,3.234,-54.9718,0.928,0.819,71495,1
GO:0009628,"response to abiotic stimulus",3.822%,-3.711,-5.973,3.382,-52.4028,0.950,0.206,9628,0
GO:0009056,"catabolic process",10.832%, 5.578, 1.530,3.834,-57.8995,0.901,0.206,9056,0
GO:1901700,"response to oxygen-containing compound",4.580%,-4.120,-6.999,3.460,-69.1406,0.932,0.212,1901700,0
GO:0070887,"cellular response to chemical stimulus",7.586%,null,null,3.680,-122.8978,0.881,0.637,1901700,1
GO:0010033,"response to organic substance",8.699%,null,null,3.739,-127.1189,0.926,0.579,1901700,1
GO:0048519,"negative regulation of biological process",15.841%,-0.240,-6.257,3.999,-264.1225,0.856,0.229,48519,0
GO:0070647,"protein modification by small protein conjugation or removal",2.462%, 6.615, 1.809,3.191,-83.2594,0.805,0.236,70647,0
GO:0018193,"peptidyl-amino acid modification",3.450%,null,null,3.337,-80.5192,0.795,0.506,70647,1
GO:0036211,"protein modification process",12.857%,null,null,3.909,-186.5372,0.790,0.851,70647,1
GO:0006464,"cellular protein modification process",12.857%,null,null,3.909,-186.5372,0.744,0.660,70647,1
GO:0048583,"regulation of response to stimulus",12.516%,-2.273,-7.186,3.897,-163.7478,0.826,0.254,48583,0
GO:0060322,"head development",0.368%,-3.181, 5.673,2.367,-62.3070,0.891,0.267,60322,0
GO:0044710,"single-organism metabolic process",22.420%, 6.891, 2.183,4.150,-55.1217,0.839,0.273,44710,0
GO:0009058,"biosynthetic process",22.439%, 6.711, 1.124,4.150,-224.8714,0.884,0.273,9058,0
GO:0009605,"response to external stimulus",7.342%,-3.602,-6.110,3.665,-57.2939,0.945,0.276,9605,0
GO:0019222,"regulation of metabolic process",25.262%, 5.144,-4.088,4.202,-288.1790,0.788,0.288,19222,0
GO:0007267,"cell-cell signaling",3.768%,-2.125,-3.857,3.376,-55.2371,0.895,0.293,7267,0
GO:0006807,"nitrogen compound metabolic process",27.905%, 7.745, 1.361,4.245,-286.0700,0.878,0.302,6807,0
GO:0048589,"developmental growth",1.824%,-3.601, 6.461,3.061,-58.8883,0.874,0.305,48589,0
GO:0006950,"response to stress",11.508%,-3.426,-5.759,3.860,-134.2820,0.941,0.306,6950,0
GO:0044260,"cellular macromolecule metabolic process",31.384%, 7.848, 0.873,4.296,-300.0000,0.763,0.320,44260,0
GO:0006793,"phosphorus metabolic process",16.763%, 8.070, 1.680,4.024,-119.2397,0.833,0.325,6793,0
GO:0042692,"muscle cell differentiation",1.824%,-3.389, 6.022,3.061,-48.4464,0.829,0.328,42692,0
GO:1901360,"organic cyclic compound metabolic process",26.694%, 6.759, 0.867,4.226,-284.1147,0.857,0.331,1901360,0
GO:0030163,"protein catabolic process",2.557%, 6.040, 1.733,3.207,-69.2246,0.826,0.337,30163,0
GO:0009057,"macromolecule catabolic process",3.360%,null,null,3.326,-68.6351,0.854,0.580,30163,1
GO:0044257,"cellular protein catabolic process",1.903%,null,null,3.079,-60.0553,0.794,0.883,30163,1
GO:0044265,"cellular macromolecule catabolic process",2.566%,null,null,3.209,-59.1142,0.813,0.895,30163,1
GO:0019941,"modification-dependent protein catabolic process",1.647%,null,null,3.017,-55.6886,0.797,0.979,30163,1
GO:1901575,"organic substance catabolic process",10.215%,null,null,3.809,-60.1959,0.859,0.715,30163,1
GO:0043632,"modification-dependent macromolecule catabolic process",1.659%,null,null,3.020,-55.4581,0.823,0.885,30163,1
GO:0009894,"regulation of catabolic process",3.842%,null,null,3.384,-48.9933,0.758,0.596,30163,1
GO:0051603,"proteolysis involved in cellular protein catabolic process",1.814%,null,null,3.058,-60.2808,0.794,0.955,30163,1
GO:0006511,"ubiquitin-dependent protein catabolic process",1.605%,null,null,3.005,-55.6954,0.798,0.841,30163,1
GO:0061061,"muscle structure development",2.758%,-3.499, 6.232,3.240,-66.3737,0.861,0.348,61061,0
GO:0010646,"regulation of cell communication",11.000%,-0.592,-6.430,3.841,-159.3507,0.789,0.352,10646,0
GO:0023051,"regulation of signaling",10.959%,-0.674,-6.782,3.839,-160.6387,0.842,0.359,23051,0
GO:0050794,"regulation of cellular process",43.146%, 0.486,-6.244,4.434,-259.9542,0.788,0.368,50794,0
GO:0016477,"cell migration",4.142%,-2.204,-0.142,3.417,-60.4328,0.854,0.374,16477,0
GO:0048870,"cell motility",4.515%,null,null,3.454,-59.3138,0.852,0.942,16477,1
GO:0016192,"vesicle-mediated transport",4.241%,-3.801, 0.358,3.427,-64.7380,0.917,0.375,16192,0
GO:0051234,"establishment of localization",17.684%,null,null,4.047,-143.7459,0.906,0.672,16192,1
GO:0006810,"transport",17.176%,null,null,4.034,-136.4606,0.898,0.579,16192,1
GO:0044765,"single-organism transport",14.037%,null,null,3.947,-94.6152,0.858,0.766,16192,1
GO:0071702,"organic substance transport",7.791%,null,null,3.691,-84.5914,0.910,0.661,16192,1
GO:1902578,"single-organism localization",14.879%,null,null,3.972,-109.0816,0.868,0.641,16192,1
GO:0048646,"anatomical structure formation involved in morphogenesis",4.623%,-3.359, 5.956,3.464,-84.7914,0.859,0.377,48646,0
GO:0060429,"epithelium development",5.317%,null,null,3.525,-82.5938,0.860,0.698,48646,1
GO:0002009,"morphogenesis of an epithelium",2.473%,null,null,3.193,-54.5466,0.848,0.624,48646,1
GO:0060537,"muscle tissue development",2.038%,null,null,3.109,-49.8422,0.878,0.607,48646,1
GO:0000902,"cell morphogenesis",4.858%,null,null,3.486,-66.1525,0.750,0.638,48646,1
GO:0000904,"cell morphogenesis involved in differentiation",3.258%,null,null,3.313,-54.7333,0.756,0.859,48646,1
GO:0032989,"cellular component morphogenesis",5.363%,null,null,3.529,-69.9446,0.747,0.653,48646,1
GO:0009887,"organ morphogenesis",4.649%,null,null,3.467,-72.5453,0.825,0.632,48646,1
GO:0014706,"striated muscle tissue development",1.946%,null,null,3.089,-48.9084,0.878,0.604,48646,1
GO:0048729,"tissue morphogenesis",3.098%,null,null,3.291,-65.9538,0.843,0.593,48646,1
GO:0043170,"macromolecule metabolic process",36.206%, 7.859, 1.106,4.358,-300.0000,0.845,0.377,43170,0
GO:0035295,"tube development",3.352%,-3.953, 5.696,3.325,-64.8872,0.849,0.377,35295,0
GO:0044707,"single-multicellular organism process",29.673%,-3.154, 5.522,4.272,-250.3673,0.884,0.378,44707,0
GO:0048513,"organ development",15.005%,null,null,3.976,-154.1348,0.802,0.690,44707,1
GO:0007399,"nervous system development",8.920%,null,null,3.750,-131.3649,0.819,0.602,44707,1
GO:0044767,"single-organism developmental process",24.005%,null,null,4.180,-241.3583,0.810,0.725,44707,1
GO:0007275,"multicellular organismal development",21.118%,null,null,4.124,-220.8830,0.807,0.675,44707,1
GO:0048468,"cell development",8.894%,null,null,3.749,-136.9452,0.784,0.710,44707,1
GO:0009653,"anatomical structure morphogenesis",11.218%,null,null,3.849,-150.8486,0.850,0.606,44707,1
GO:0030154,"cell differentiation",15.197%,null,null,3.981,-196.1189,0.770,0.612,44707,1
GO:0048856,"anatomical structure development",22.318%,null,null,4.148,-223.4499,0.839,0.739,44707,1
GO:0048869,"cellular developmental process",16.173%,null,null,4.008,-201.5778,0.783,0.623,44707,1
GO:0048731,"system development",19.050%,null,null,4.079,-204.4731,0.799,0.569,44707,1
GO:0051674,"localization of cell",4.515%,-2.650, 0.063,3.454,-59.3138,0.924,0.379,51674,0
GO:0061024,"membrane organization",2.397%,-2.607, 0.697,3.179,-50.4066,0.905,0.380,61024,0
GO:0046483,"heterocycle metabolic process",25.780%, 7.684, 0.618,4.211,-293.3313,0.815,0.380,46483,0
GO:0006725,"cellular aromatic compound metabolic process",25.830%, 7.441, 0.514,4.212,-291.0342,0.815,0.381,6725,0
GO:0044237,"cellular metabolic process",43.133%, 7.709, 0.095,4.434,-300.0000,0.830,0.384,44237,0
GO:0042325,"regulation of phosphorylation",4.696%, 5.110,-3.839,3.471,-97.3311,0.708,0.384,42325,0
GO:0006796,"phosphate-containing compound metabolic process",16.617%,null,null,4.020,-118.6560,0.802,0.613,42325,1
GO:0019220,"regulation of phosphate metabolic process",7.431%,null,null,3.671,-93.5169,0.689,0.850,42325,1
GO:0016310,"phosphorylation",8.867%,null,null,3.747,-125.1697,0.824,0.705,42325,1
GO:0010562,"positive regulation of phosphorus metabolic process",3.217%,null,null,3.307,-67.1571,0.676,0.740,42325,1
GO:0043408,"regulation of MAPK cascade",2.220%,null,null,3.146,-48.9884,0.610,0.943,42325,1
GO:0000165,"MAPK cascade",2.504%,null,null,3.198,-54.5007,0.678,0.655,42325,1
GO:0006468,"protein phosphorylation",6.709%,null,null,3.626,-111.3681,0.748,0.767,42325,1
GO:0051174,"regulation of phosphorus metabolic process",7.444%,null,null,3.671,-93.3732,0.702,0.677,42325,1
GO:0023014,"signal transduction by protein phosphorylation",2.649%,null,null,3.223,-56.1336,0.680,0.689,42325,1
GO:0050793,"regulation of developmental process",7.975%,-5.179, 3.072,3.701,-173.5691,0.761,0.386,50793,0
GO:0043009,"chordate embryonic development",4.046%,-4.074, 5.946,3.407,-74.9688,0.837,0.388,43009,0
GO:0048598,"embryonic morphogenesis",2.996%,null,null,3.276,-55.4751,0.835,0.812,43009,1
GO:0009792,"embryo development ending in birth or egg hatching",4.085%,null,null,3.411,-74.8317,0.837,0.851,43009,1
GO:0001701,"in utero embryonic development",2.697%,null,null,3.230,-49.9170,0.846,0.899,43009,1
GO:0051247,"positive regulation of protein metabolic process",3.636%, 5.790,-2.427,3.360,-125.2673,0.664,0.390,51247,0
GO:0001934,"positive regulation of protein phosphorylation",2.344%,null,null,3.170,-62.9800,0.632,0.889,51247,1
GO:0001932,"regulation of protein phosphorylation",3.657%,null,null,3.363,-87.5792,0.658,0.850,51247,1
GO:0045859,"regulation of protein kinase activity",2.404%,null,null,3.181,-50.3206,0.668,0.798,51247,1
GO:0032269,"negative regulation of cellular protein metabolic process",1.732%,null,null,3.038,-57.8389,0.668,0.761,51247,1
GO:0032270,"positive regulation of cellular protein metabolic process",3.220%,null,null,3.307,-113.7373,0.638,0.834,51247,1
GO:0032268,"regulation of cellular protein metabolic process",5.579%,null,null,3.546,-148.2670,0.666,0.801,51247,1
GO:1902680,"positive regulation of RNA biosynthetic process",5.645%,null,null,3.551,-155.3600,0.601,0.896,51247,1
GO:0031328,"positive regulation of cellular biosynthetic process",6.577%,null,null,3.618,-169.2911,0.627,0.921,51247,1
GO:0031325,"positive regulation of cellular metabolic process",9.548%,null,null,3.779,-248.2981,0.640,0.871,51247,1
GO:0051254,"positive regulation of RNA metabolic process",5.795%,null,null,3.563,-161.1759,0.615,0.906,51247,1
GO:0045937,"positive regulation of phosphate metabolic process",3.217%,null,null,3.307,-67.1571,0.673,0.956,51247,1
GO:0045935,"positive regulation of nucleobase-containing compound metabolic process",6.287%,null,null,3.598,-177.4949,0.634,0.914,51247,1
GO:0010628,"positive regulation of gene expression",6.082%,null,null,3.584,-173.5596,0.663,0.795,51247,1
GO:0050790,"regulation of catalytic activity",7.728%,null,null,3.688,-93.9433,0.743,0.789,51247,1
GO:0010604,"positive regulation of macromolecule metabolic process",9.245%,null,null,3.765,-249.0416,0.646,0.758,51247,1
GO:0051338,"regulation of transferase activity",2.717%,null,null,3.234,-63.1054,0.781,0.710,51247,1
GO:0043085,"positive regulation of catalytic activity",4.734%,null,null,3.475,-69.9179,0.701,0.647,51247,1
GO:0010557,"positive regulation of macromolecule biosynthetic process",6.237%,null,null,3.595,-173.7099,0.634,0.799,51247,1
GO:0043549,"regulation of kinase activity",2.579%,null,null,3.211,-54.4576,0.720,0.950,51247,1
GO:0044093,"positive regulation of molecular function",5.609%,null,null,3.548,-95.2476,0.876,0.724,51247,1
GO:0031400,"negative regulation of protein modification process",1.328%,null,null,2.923,-48.9290,0.673,0.912,51247,1
GO:0031399,"regulation of protein modification process",4.495%,null,null,3.452,-121.8951,0.668,0.747,51247,1
GO:0031401,"positive regulation of protein modification process",2.823%,null,null,3.250,-88.9022,0.639,0.912,51247,1
GO:0042327,"positive regulation of phosphorylation",2.947%,null,null,3.269,-66.9243,0.672,0.914,51247,1
GO:0009891,"positive regulation of biosynthetic process",6.648%,null,null,3.622,-169.8034,0.659,0.809,51247,1
GO:0051173,"positive regulation of nitrogen compound metabolic process",6.434%,null,null,3.608,-182.9208,0.674,0.804,51247,1
GO:0051716,"cellular response to stimulus",28.763%,-3.563,-7.117,4.258,-126.3382,0.879,0.390,51716,0
GO:0044238,"primary metabolic process",44.841%, 7.870, 1.106,4.451,-300.0000,0.861,0.393,44238,0
GO:0051240,"positive regulation of multicellular organismal process",2.203%,-5.767, 1.977,3.143,-103.0540,0.775,0.395,51240,0
GO:0051241,"negative regulation of multicellular organismal process",1.497%,null,null,2.975,-69.8576,0.790,0.528,51240,1
GO:0007507,"heart development",2.716%,-3.838, 5.721,3.234,-68.6748,0.840,0.400,7507,0
GO:0072358,"cardiovascular system development",4.465%,null,null,3.449,-52.8706,0.830,0.884,7507,1
GO:0001944,"vasculature development",2.658%,null,null,3.224,-51.0550,0.842,0.821,7507,1
GO:0001568,"blood vessel development",2.485%,null,null,3.195,-49.3999,0.844,0.814,7507,1
GO:0051130,"positive regulation of cellular component organization",2.703%,-1.884,-3.193,3.231,-103.8137,0.751,0.407,51130,0
GO:0033043,"regulation of organelle organization",2.850%,null,null,3.255,-76.9994,0.805,0.709,51130,1
GO:0051129,"negative regulation of cellular component organization",1.801%,null,null,3.055,-63.2478,0.772,0.667,51130,1
GO:0043412,"macromolecule modification",13.349%, 7.008, 1.194,3.925,-188.0650,0.839,0.409,43412,0
GO:0018205,"peptidyl-lysine modification",0.706%, 6.067, 2.083,2.649,-48.7096,0.834,0.413,18205,0
GO:0042221,"response to chemical",15.186%,-3.683,-6.028,3.981,-110.8712,0.938,0.414,42221,0
GO:0007010,"cytoskeleton organization",4.493%,-1.526,-0.267,3.452,-86.1844,0.892,0.418,7010,0
GO:1902589,"single-organism organelle organization",8.278%,null,null,3.717,-108.5972,0.848,0.694,7010,1
GO:0051094,"positive regulation of developmental process",3.468%,-4.823, 3.205,3.340,-114.9931,0.714,0.422,51094,0
GO:0010720,"positive regulation of cell development",0.843%,null,null,2.726,-61.0245,0.715,0.800,51094,1
GO:0031344,"regulation of cell projection organization",1.525%,null,null,2.983,-57.2650,0.808,0.759,51094,1
GO:0022603,"regulation of anatomical structure morphogenesis",3.089%,null,null,3.289,-70.3900,0.757,0.681,51094,1
GO:0050769,"positive regulation of neurogenesis",0.660%,null,null,2.620,-53.8960,0.706,0.799,51094,1
GO:0050767,"regulation of neurogenesis",2.349%,null,null,3.171,-86.8274,0.710,0.741,51094,1
GO:2000026,"regulation of multicellular organismal development",6.161%,null,null,3.589,-142.0905,0.724,0.757,51094,1
GO:0045664,"regulation of neuron differentiation",1.852%,null,null,3.067,-70.7971,0.718,0.906,51094,1
GO:0051960,"regulation of nervous system development",2.722%,null,null,3.235,-85.9476,0.740,0.668,51094,1
GO:0030182,"neuron differentiation",5.198%,null,null,3.515,-96.8535,0.775,0.897,51094,1
GO:0045597,"positive regulation of cell differentiation",2.546%,null,null,3.205,-89.9371,0.682,0.749,51094,1
GO:0045596,"negative regulation of cell differentiation",2.508%,null,null,3.199,-61.7943,0.689,0.748,51094,1
GO:0045595,"regulation of cell differentiation",5.745%,null,null,3.559,-140.7295,0.706,0.825,51094,1
GO:0031175,"neuron projection development",3.242%,null,null,3.310,-70.1944,0.742,0.749,51094,1
GO:0060284,"regulation of cell development",2.970%,null,null,3.272,-98.1606,0.724,0.677,51094,1
GO:0048666,"neuron development",3.981%,null,null,3.400,-71.8020,0.781,0.843,51094,1
GO:0051093,"negative regulation of developmental process",3.076%,null,null,3.288,-78.7996,0.722,0.680,51094,1
GO:0048699,"generation of neurons",5.763%,null,null,3.560,-112.5413,0.772,0.858,51094,1
GO:0006259,"DNA metabolic process",3.804%, 6.729, 0.683,3.380,-66.4436,0.797,0.424,6259,0
GO:0002520,"immune system development",4.077%,-4.168, 6.126,3.410,-67.7851,0.834,0.426,2520,0
GO:0048534,"hematopoietic or lymphoid organ development",3.881%,null,null,3.388,-62.7560,0.832,0.937,2520,1
GO:0030097,"hemopoiesis",3.688%,null,null,3.366,-56.8386,0.833,0.686,2520,1
GO:0002682,"regulation of immune system process",3.911%,null,null,3.392,-49.6951,0.875,0.692,2520,1
GO:0030030,"cell projection organization",4.817%,-1.442,-1.018,3.482,-77.1055,0.865,0.426,30030,0
GO:0016043,"cellular component organization",19.647%,null,null,4.093,-300.0000,0.869,0.551,30030,1
GO:0044085,"cellular component biogenesis",7.655%,null,null,3.683,-182.7595,0.928,0.612,30030,1
GO:0043933,"macromolecular complex subunit organization",7.677%,null,null,3.685,-197.2041,0.888,0.612,30030,1
GO:0006996,"organelle organization",11.237%,null,null,3.850,-171.8982,0.881,0.673,30030,1
GO:0051128,"regulation of cellular component organization",6.575%,null,null,3.617,-168.6776,0.790,0.590,30030,1
GO:0007417,"central nervous system development",4.244%,-3.809, 5.584,3.427,-66.7213,0.825,0.428,7417,0
GO:0022008,"neurogenesis",6.209%,null,null,3.593,-117.8578,0.773,0.741,7417,1
GO:0007420,"brain development",3.385%,null,null,3.329,-59.2432,0.825,0.673,7417,1
GO:0051641,"cellular localization",9.280%,-2.264, 0.106,3.767,-164.4771,0.916,0.429,51641,0
GO:0009888,"tissue development",8.636%,-3.414, 5.977,3.736,-117.9650,0.857,0.435,9888,0
GO:0035556,"intracellular signal transduction",9.900%,-2.089,-6.964,3.795,-137.7079,0.757,0.435,35556,0
GO:0044700,"single organism signaling",26.299%,null,null,4.219,-93.4756,0.906,0.609,35556,1
GO:0007166,"cell surface receptor signaling pathway",14.995%,null,null,3.975,-119.7049,0.737,0.513,35556,1
GO:0007165,"signal transduction",24.097%,null,null,4.181,-82.0628,0.714,0.714,35556,1
GO:0006396,"RNA processing",2.185%, 6.199, 0.699,3.139,-53.8815,0.805,0.436,6396,0
GO:0009790,"embryo development",5.572%,-3.913, 5.770,3.546,-102.4975,0.837,0.437,9790,0
GO:0007169,"transmembrane receptor protein tyrosine kinase signaling pathway",1.976%,-2.251,-6.917,3.096,-50.8781,0.809,0.438,7169,0
GO:0048732,"gland development",2.433%,-3.699, 5.566,3.186,-55.5254,0.849,0.440,48732,0
GO:0046903,"secretion",3.577%,-3.709, 0.421,3.353,-49.7554,0.886,0.450,46903,0
GO:0050789,"regulation of biological process",46.584%,-0.090,-6.026,4.468,-260.2544,0.835,0.452,50789,0
GO:0031323,"regulation of cellular metabolic process",22.209%, 5.674,-3.522,4.146,-299.2008,0.663,0.453,31323,0
GO:0080090,"regulation of primary metabolic process",22.583%,null,null,4.153,-298.3343,0.688,0.687,31323,1
GO:0031326,"regulation of cellular biosynthetic process",15.457%,null,null,3.989,-220.1299,0.633,0.831,31323,1
GO:2001141,"regulation of RNA biosynthetic process",13.727%,null,null,3.937,-199.1981,0.599,0.824,31323,1
GO:0010556,"regulation of macromolecule biosynthetic process",14.987%,null,null,3.975,-224.1140,0.640,0.818,31323,1
GO:0010468,"regulation of gene expression",16.416%,null,null,4.015,-225.3908,0.669,0.621,31323,1
GO:2000112,"regulation of cellular macromolecule biosynthetic process",14.529%,null,null,3.962,-221.3706,0.612,0.662,31323,1
GO:0060255,"regulation of macromolecule metabolic process",20.936%,null,null,4.120,-290.5306,0.673,0.670,31323,1
GO:0051171,"regulation of nitrogen compound metabolic process",17.511%,null,null,4.043,-240.0212,0.694,0.633,31323,1
GO:0034645,"cellular macromolecule biosynthetic process",18.192%,null,null,4.059,-236.6335,0.720,0.750,31323,1
GO:0009967,"positive regulation of signal transduction",4.258%,-2.465,-6.053,3.429,-90.7727,0.710,0.459,9967,0
GO:0048522,"positive regulation of cellular process",15.830%,null,null,3.999,-300.0000,0.743,0.564,9967,1
GO:0023056,"positive regulation of signaling",4.536%,null,null,3.456,-99.7578,0.771,0.630,9967,1
GO:0023057,"negative regulation of signaling",3.823%,null,null,3.382,-88.8433,0.783,0.613,9967,1
GO:0048584,"positive regulation of response to stimulus",5.944%,null,null,3.574,-108.4308,0.766,0.611,9967,1
GO:0048585,"negative regulation of response to stimulus",4.379%,null,null,3.441,-85.1670,0.783,0.579,9967,1
GO:0010648,"negative regulation of cell communication",3.846%,null,null,3.385,-88.9493,0.759,0.612,9967,1
GO:0010647,"positive regulation of cell communication",4.560%,null,null,3.458,-99.1925,0.745,0.629,9967,1
GO:0033554,"cellular response to stress",5.380%,null,null,3.530,-121.2572,0.896,0.598,9967,1
GO:1902533,"positive regulation of intracellular signal transduction",2.803%,null,null,3.247,-59.6766,0.724,0.877,9967,1
GO:0009893,"positive regulation of metabolic process",10.118%,null,null,3.805,-251.9295,0.697,0.682,9967,1
GO:1902531,"regulation of intracellular signal transduction",6.150%,null,null,3.588,-93.0717,0.752,0.770,9967,1
GO:0009968,"negative regulation of signal transduction",3.635%,null,null,3.360,-80.8902,0.725,0.649,9967,1
GO:0009966,"regulation of signal transduction",9.767%,null,null,3.789,-147.7470,0.735,0.727,9967,1
GO:0080134,"regulation of response to stress",3.082%,null,null,3.288,-70.0950,0.841,0.548,9967,1
GO:0051962,"positive regulation of nervous system development",0.114%,-4.263, 4.660,1.863,-49.5908,0.778,0.459,51962,0
GO:0051239,"regulation of multicellular organismal process",9.620%,-6.020, 0.612,3.783,-163.3270,0.817,0.459,51239,0
GO:0090304,"nucleic acid metabolic process",19.174%, 7.425, 0.599,4.082,-288.9352,0.749,0.461,90304,0
GO:0032774,"RNA biosynthetic process",14.211%,null,null,3.952,-202.6982,0.706,0.766,90304,1
GO:0051252,"regulation of RNA metabolic process",14.176%,null,null,3.951,-212.9184,0.620,0.713,90304,1
GO:0019219,"regulation of nucleobase-containing compound metabolic process",17.290%,null,null,4.037,-233.6761,0.633,0.775,90304,1
GO:0016070,"RNA metabolic process",16.639%,null,null,4.021,-258.0030,0.734,0.600,90304,1
GO:0006139,"nucleobase-containing compound metabolic process",25.135%,null,null,4.200,-296.3615,0.758,0.664,90304,1
GO:0034641,"cellular nitrogen compound metabolic process",26.397%,null,null,4.221,-300.0000,0.775,0.678,90304,1
GO:0034654,"nucleobase-containing compound biosynthetic process",15.516%,null,null,3.990,-215.2007,0.733,0.814,90304,1
GO:0010467,"gene expression",19.982%, 7.335, 1.118,4.100,-282.9870,0.825,0.468,10467,0
GO:0032879,"regulation of localization",7.172%,-1.866,-4.089,3.655,-130.3101,0.808,0.469,32879,0
GO:0008284,"positive regulation of cell proliferation",3.212%,-1.621,-3.830,3.306,-65.2908,0.777,0.471,8284,0
GO:0042127,"regulation of cell proliferation",5.587%,null,null,3.547,-113.4196,0.827,0.772,8284,1
GO:0008285,"negative regulation of cell proliferation",2.381%,null,null,3.176,-49.4611,0.795,0.759,8284,1
GO:0032446,"protein modification by small protein conjugation",2.151%, 6.375, 1.643,3.132,-69.8708,0.806,0.474,32446,0
GO:0016567,"protein ubiquitination",1.982%,null,null,3.097,-59.6218,0.808,0.931,32446,1
GO:0051172,"negative regulation of nitrogen compound metabolic process",4.828%, 4.760,-3.617,3.483,-158.0115,0.690,0.474,51172,0
GO:0048523,"negative regulation of cellular process",14.287%,null,null,3.954,-264.5546,0.757,0.623,51172,1
GO:0031324,"negative regulation of cellular metabolic process",6.760%,null,null,3.629,-184.1454,0.662,0.849,51172,1
GO:1902679,"negative regulation of RNA biosynthetic process",4.223%,null,null,3.425,-136.1355,0.621,0.932,51172,1
GO:0031327,"negative regulation of cellular biosynthetic process",4.876%,null,null,3.488,-143.2119,0.646,0.936,51172,1
GO:0051248,"negative regulation of protein metabolic process",2.028%,null,null,3.107,-64.5406,0.691,0.699,51172,1
GO:0051253,"negative regulation of RNA metabolic process",4.407%,null,null,3.444,-145.0887,0.633,0.814,51172,1
GO:0045934,"negative regulation of nucleobase-containing compound metabolic process",4.738%,null,null,3.475,-154.9741,0.652,0.935,51172,1
GO:0010629,"negative regulation of gene expression",4.622%,null,null,3.464,-149.7694,0.679,0.793,51172,1
GO:0010605,"negative regulation of macromolecule metabolic process",6.707%,null,null,3.626,-178.7915,0.667,0.897,51172,1
GO:0010558,"negative regulation of macromolecule biosynthetic process",4.680%,null,null,3.470,-143.1965,0.652,0.941,51172,1
GO:2000113,"negative regulation of cellular macromolecule biosynthetic process",4.525%,null,null,3.455,-146.3513,0.630,0.817,51172,1
GO:0009892,"negative regulation of metabolic process",7.336%,null,null,3.665,-182.1585,0.717,0.680,51172,1
GO:0009890,"negative regulation of biosynthetic process",4.923%,null,null,3.492,-145.0897,0.678,0.801,51172,1
GO:0019538,"protein metabolic process",20.864%, 7.397, 1.104,4.119,-235.1356,0.822,0.476,19538,0
GO:1901701,"cellular response to oxygen-containing compound",2.765%,-3.968,-7.399,3.241,-53.2204,0.894,0.479,1901701,0
GO:0071407,"cellular response to organic cyclic compound",1.246%,null,null,2.895,-51.8480,0.902,0.598,1901701,1
GO:0071310,"cellular response to organic substance",6.150%,null,null,3.588,-119.5237,0.878,0.747,1901701,1
GO:0033036,"macromolecule localization",8.113%,-3.212, 0.013,3.709,-152.5305,0.918,0.481,33036,0
GO:1901698,"response to nitrogen compound",2.827%,-4.231,-6.810,3.251,-48.2144,0.937,0.481,1901698,0
GO:0014070,"response to organic cyclic compound",2.900%,-3.071,-5.569,3.262,-54.9770,0.932,0.483,14070,0
GO:0070848,"response to growth factor",1.779%,null,null,3.050,-49.9387,0.936,0.589,14070,1
GO:0044267,"cellular protein metabolic process",16.312%, 7.714, 1.133,4.012,-232.5756,0.753,0.484,44267,0
GO:0051246,"regulation of protein metabolic process",7.491%,null,null,3.674,-163.6583,0.700,0.563,44267,1
GO:0006508,"proteolysis",5.861%,null,null,3.567,-73.0113,0.832,0.533,44267,1
GO:0097659,"nucleic acid-templated transcription",2.212%, 6.268, 0.677,3.144,-199.9114,0.783,0.489,97659,0
GO:0080135,"regulation of cellular response to stress",1.552%,-2.061,-6.497,2.991,-58.4051,0.826,0.497,80135,0
GO:0006974,"cellular response to DNA damage stimulus",2.697%,null,null,3.230,-51.5827,0.905,0.711,80135,1
