term_ID,description,frequency,plot_X,plot_Y,plot_size,log10 p-value,uniqueness,dispensability,representative,eliminated
GO:0000003,"reproduction",1.924%, 0.890, 0.035,2.810,-74.4139,1.000,0.000,3,0
GO:0001101,"response to acid chemical",4.625%, 7.531, 0.939,3.190,-116.1000,0.815,0.000,1101,0
GO:0002376,"immune system process",2.850%, 1.307, 0.242,2.980,-28.3236,0.994,0.000,2376,0
GO:0008152,"metabolic process",70.113%, 2.345,-0.237,4.371,-204.9263,0.998,0.000,8152,0
GO:0009987,"cellular process",60.344%, 1.791,-0.448,4.305,-300.0000,0.998,0.000,9987,0
GO:0022414,"reproductive process",6.127%, 0.549, 0.047,3.312,-73.7544,0.995,0.000,22414,0
GO:0023052,"signaling",9.052%, 3.558,-0.940,3.482,-104.6395,0.995,0.000,23052,0
GO:0032501,"multicellular organismal process",10.803%, 1.438, 0.115,3.558,-118.7560,0.995,0.000,32501,0
GO:0032502,"developmental process",11.296%, 1.084, 0.059,3.578,-136.7883,0.995,0.000,32502,0
GO:0040007,"growth",2.725%, 0.385, 0.176,2.960,-25.7394,0.994,0.000,40007,0
GO:0044699,"single-organism process",48.042%, 3.639,-0.225,4.206,-300.0000,0.997,0.000,44699,0
GO:0046907,"intracellular transport",4.156%,-0.376, 1.850,3.144,-49.7987,0.892,0.000,46907,0
GO:0015031,"protein transport",4.224%,null,null,3.151,-35.1320,0.894,0.918,46907,1
GO:0070727,"cellular macromolecule localization",3.567%,null,null,3.077,-37.4346,0.889,0.872,46907,1
GO:1902582,"single-organism intracellular transport",3.451%,null,null,3.063,-18.3626,0.844,0.900,46907,1
GO:0033365,"protein localization to organelle",1.628%,null,null,2.737,-25.0961,0.896,0.783,46907,1
GO:0006886,"intracellular protein transport",3.310%,null,null,3.045,-35.5193,0.884,0.888,46907,1
GO:0006605,"protein targeting",2.614%,null,null,2.943,-28.3505,0.841,0.919,46907,1
GO:0072594,"establishment of protein localization to organelle",1.556%,null,null,2.718,-27.2748,0.896,0.774,46907,1
GO:1902580,"single-organism cellular localization",2.671%,null,null,2.952,-18.7238,0.851,0.835,46907,1
GO:0034613,"cellular protein localization",3.483%,null,null,3.067,-35.2415,0.886,0.950,46907,1
GO:0006913,"nucleocytoplasmic transport",0.589%,null,null,2.297,-14.6254,0.913,0.704,46907,1
GO:0051649,"establishment of localization in cell",4.646%,null,null,3.192,-53.1231,0.891,0.909,46907,1
GO:0045184,"establishment of protein localization",4.275%,null,null,3.156,-35.1320,0.894,0.939,46907,1
GO:0051169,"nuclear transport",0.589%,null,null,2.297,-14.6254,0.913,0.704,46907,1
GO:0048519,"negative regulation of biological process",3.636%, 0.467,-8.483,3.086,-79.5562,0.828,0.000,48519,0
GO:0048608,"reproductive structure development",4.604%,-2.973,-4.222,3.188,-68.6405,0.788,0.000,48608,0
GO:0044707,"single-multicellular organism process",9.993%,null,null,3.525,-112.5783,0.846,0.860,48608,1
GO:0044702,"single organism reproductive process",5.109%,null,null,3.233,-59.6806,0.895,0.900,48608,1
GO:0003006,"developmental process involved in reproduction",5.769%,null,null,3.286,-69.8343,0.836,0.884,48608,1
GO:0010228,"vegetative to reproductive phase transition of meristem",1.234%,null,null,2.617,-27.2618,0.817,0.786,48608,1
GO:0090567,"reproductive shoot system development",2.731%,null,null,2.961,-52.9065,0.795,0.879,48608,1
GO:0044767,"single-organism developmental process",11.024%,null,null,3.567,-136.8495,0.803,0.732,48608,1
GO:0010154,"fruit development",1.784%,null,null,2.777,-18.8273,0.811,0.827,48608,1
GO:0007275,"multicellular organismal development",9.904%,null,null,3.521,-110.7602,0.791,0.856,48608,1
GO:0048438,"floral whorl development",1.401%,null,null,2.672,-14.3298,0.809,0.889,48608,1
GO:0048437,"floral organ development",1.667%,null,null,2.747,-16.0585,0.802,0.909,48608,1
GO:0009653,"anatomical structure morphogenesis",5.019%,null,null,3.226,-54.0176,0.852,0.744,48608,1
GO:0048367,"shoot system development",4.057%,null,null,3.133,-67.0983,0.806,0.752,48608,1
GO:0048856,"anatomical structure development",10.140%,null,null,3.531,-128.8982,0.843,0.861,48608,1
GO:0048316,"seed development",1.712%,null,null,2.759,-16.1295,0.810,0.822,48608,1
GO:0009791,"post-embryonic development",5.975%,null,null,3.301,-90.1949,0.805,0.770,48608,1
GO:0009908,"flower development",2.701%,null,null,2.957,-50.6973,0.794,0.878,48608,1
GO:0061458,"reproductive system development",4.604%,null,null,3.188,-68.6405,0.803,0.768,48608,1
GO:0048731,"system development",7.723%,null,null,3.413,-92.9640,0.796,0.812,48608,1
GO:0050896,"response to stimulus",24.279%, 3.188,-0.565,3.910,-300.0000,0.996,0.000,50896,0
GO:0051179,"localization",14.310%, 0.156, 0.215,3.680,-112.2370,0.995,0.000,51179,0
GO:0051704,"multi-organism process",6.680%, 2.994,-0.591,3.350,-66.8503,0.995,0.000,51704,0
GO:0065007,"biological regulation",25.919%, 1.682, 0.190,3.938,-300.0000,0.996,0.000,65007,0
GO:0071840,"cellular component organization or biogenesis",13.665%, 3.441,-0.401,3.660,-129.9921,0.995,0.000,71840,0
GO:0097659,"nucleic acid-templated transcription",1.807%,-4.324, 4.215,2.782,-125.9083,0.828,0.000,97659,0
GO:0071704,"organic substance metabolic process",53.362%, 0.377, 3.403,4.252,-187.7825,0.954,0.046,71704,0
GO:0043933,"macromolecular complex subunit organization",4.353%,-0.384,-1.929,3.164,-62.5298,0.888,0.056,43933,0
GO:0009056,"catabolic process",9.629%, 2.340,-0.754,3.508,-36.8872,0.967,0.071,9056,0
GO:0019684,"photosynthesis, light reaction",0.986%,-0.906, 1.687,2.520,-12.2640,0.930,0.083,19684,0
GO:0015979,"photosynthesis",1.449%,-1.479, 2.697,2.687,-18.3840,0.926,0.087,15979,0
GO:0006091,"generation of precursor metabolites and energy",2.220%,-2.116, 2.748,2.872,-23.0227,0.922,0.091,6091,0
GO:0051186,"cofactor metabolic process",2.121%,-2.012, 2.257,2.852,-19.2285,0.923,0.093,51186,0
GO:0042440,"pigment metabolic process",1.147%,-1.564, 0.535,2.585,-12.9712,0.923,0.101,42440,0
GO:1901360,"organic cyclic compound metabolic process",26.959%,-2.608, 3.972,3.955,-164.8300,0.925,0.110,1901360,0
GO:0006807,"nitrogen compound metabolic process",27.804%, 2.255, 1.956,3.969,-109.1089,0.960,0.111,6807,0
GO:0009058,"biosynthetic process",28.862%, 1.650, 1.839,3.985,-81.3609,0.960,0.113,9058,0
GO:0007049,"cell cycle",2.638%,-1.339,-2.769,2.946,-27.4104,0.892,0.113,7049,0
GO:0010118,"stomatal movement",0.266%, 0.640,-3.329,1.954,-18.3629,0.916,0.136,10118,0
GO:0046483,"heterocycle metabolic process",25.549%,-4.713, 3.195,3.932,-169.8334,0.883,0.138,46483,0
GO:0009057,"macromolecule catabolic process",2.841%,-2.629, 4.470,2.979,-28.9288,0.900,0.150,9057,0
GO:0044248,"cellular catabolic process",7.074%,null,null,3.375,-31.5732,0.880,0.828,9057,1
GO:1901575,"organic substance catabolic process",8.529%,null,null,3.456,-36.2083,0.911,0.702,9057,1
GO:0044238,"primary metabolic process",50.975%, 1.066, 3.406,4.232,-171.7409,0.954,0.163,44238,0
GO:0008219,"cell death",1.443%,-0.996,-2.396,2.685,-14.7270,0.899,0.166,8219,0
GO:0016049,"cell growth",1.942%,-0.359,-4.383,2.814,-19.3127,0.887,0.172,16049,0
GO:0048589,"developmental growth",2.160%,null,null,2.860,-17.4581,0.834,0.901,16049,1
GO:0060560,"developmental growth involved in morphogenesis",1.595%,null,null,2.728,-12.3784,0.831,0.868,16049,1
GO:0051301,"cell division",2.026%,-0.832,-3.706,2.832,-20.0986,0.895,0.173,51301,0
GO:0044763,"single-organism cellular process",36.041%,-5.039,-0.656,4.082,-268.5507,0.858,0.186,44763,0
GO:0006793,"phosphorus metabolic process",15.454%,-4.627, 4.043,3.714,-68.8507,0.894,0.221,6793,0
GO:0010119,"regulation of stomatal movement",0.146%,-0.205,-7.651,1.699,-12.8229,0.823,0.224,10119,0
GO:0007154,"cell communication",10.062%,-2.679,-3.205,3.528,-105.3401,0.869,0.230,7154,0
GO:0044237,"cellular metabolic process",49.404%,-2.245, 4.095,4.218,-239.3193,0.898,0.232,44237,0
GO:0043170,"macromolecule metabolic process",39.315%,-2.566, 5.100,4.119,-146.3918,0.917,0.261,43170,0
GO:0044281,"small molecule metabolic process",13.043%,-2.609,-1.003,3.640,-35.3698,0.891,0.263,44281,0
GO:0006725,"cellular aromatic compound metabolic process",26.287%,-4.655, 3.083,3.944,-168.8758,0.882,0.264,6725,0
GO:0031399,"regulation of protein modification process",0.771%,-2.518,-6.698,2.413,-26.7789,0.751,0.270,31399,0
GO:0042592,"homeostatic process",1.736%, 0.635,-8.162,2.765,-36.9496,0.832,0.272,42592,0
GO:0051726,"regulation of cell cycle",0.881%,-0.841,-7.750,2.471,-29.5850,0.788,0.274,51726,0
GO:0009966,"regulation of signal transduction",0.893%, 4.731,-4.534,2.477,-48.1267,0.658,0.275,9966,0
GO:0023057,"negative regulation of signaling",0.236%,null,null,1.903,-20.8185,0.782,0.866,9966,1
GO:0031347,"regulation of defense response",1.598%,null,null,2.729,-32.2180,0.717,0.860,9966,1
GO:0048585,"negative regulation of response to stimulus",1.090%,null,null,2.563,-30.2369,0.699,0.822,9966,1
GO:0010648,"negative regulation of cell communication",0.236%,null,null,1.903,-20.8185,0.756,0.863,9966,1
GO:0009787,"regulation of abscisic acid-activated signaling pathway",0.155%,null,null,1.724,-12.8356,0.667,0.834,9966,1
GO:0009968,"negative regulation of signal transduction",0.227%,null,null,1.886,-20.5838,0.665,0.863,9966,1
GO:0080134,"regulation of response to stress",1.697%,null,null,2.755,-39.5175,0.720,0.803,9966,1
GO:0044260,"cellular macromolecule metabolic process",35.222%,-5.227, 4.259,4.072,-159.1015,0.828,0.300,44260,0
GO:0048523,"negative regulation of cellular process",2.345%, 0.516,-8.538,2.895,-53.8783,0.749,0.312,48523,0
GO:0031324,"negative regulation of cellular metabolic process",1.362%,null,null,2.660,-30.5885,0.721,0.937,48523,1
GO:1902679,"negative regulation of RNA biosynthetic process",1.058%,null,null,2.550,-31.6889,0.681,0.909,48523,1
GO:0031327,"negative regulation of cellular biosynthetic process",1.150%,null,null,2.587,-24.4639,0.707,0.977,48523,1
GO:0051253,"negative regulation of RNA metabolic process",1.058%,null,null,2.550,-31.6857,0.690,0.979,48523,1
GO:0045934,"negative regulation of nucleobase-containing compound metabolic process",1.108%,null,null,2.571,-31.4203,0.702,0.981,48523,1
GO:0010629,"negative regulation of gene expression",1.556%,null,null,2.718,-24.5179,0.722,0.952,48523,1
GO:0010605,"negative regulation of macromolecule metabolic process",1.790%,null,null,2.778,-34.9710,0.721,0.821,48523,1
GO:0010558,"negative regulation of macromolecule biosynthetic process",1.120%,null,null,2.575,-21.7017,0.715,0.983,48523,1
GO:2000113,"negative regulation of cellular macromolecule biosynthetic process",1.120%,null,null,2.575,-17.7590,0.692,0.983,48523,1
GO:0009892,"negative regulation of metabolic process",1.885%,null,null,2.801,-37.5545,0.758,0.827,48523,1
GO:0009890,"negative regulation of biosynthetic process",1.162%,null,null,2.591,-24.1308,0.740,0.919,48523,1
GO:0051172,"negative regulation of nitrogen compound metabolic process",1.120%,null,null,2.575,-22.6566,0.741,0.915,48523,1
GO:0006970,"response to osmotic stress",2.330%, 6.932, 1.191,2.893,-63.2914,0.836,0.314,6970,0
GO:0048583,"regulation of response to stimulus",2.656%, 5.724,-4.552,2.949,-87.3665,0.738,0.320,48583,0
GO:0048518,"positive regulation of biological process",2.952%, 0.486,-8.445,2.995,-78.0909,0.833,0.323,48518,0
GO:0044249,"cellular biosynthetic process",26.929%,-5.317, 4.182,3.955,-92.5812,0.828,0.332,44249,0
GO:0048522,"positive regulation of cellular process",2.315%, 0.478,-8.467,2.890,-52.0559,0.760,0.332,48522,0
GO:1902680,"positive regulation of RNA biosynthetic process",1.312%,null,null,2.643,-22.9557,0.689,0.981,48522,1
GO:0031328,"positive regulation of cellular biosynthetic process",1.425%,null,null,2.679,-28.9371,0.716,0.925,48522,1
GO:0031325,"positive regulation of cellular metabolic process",1.580%,null,null,2.724,-34.5828,0.731,0.864,48522,1
GO:0048584,"positive regulation of response to stimulus",0.332%,null,null,2.049,-28.5436,0.740,0.722,48522,1
GO:0051254,"positive regulation of RNA metabolic process",1.314%,null,null,2.644,-22.5200,0.697,0.981,48522,1
GO:0045935,"positive regulation of nucleobase-containing compound metabolic process",1.350%,null,null,2.656,-25.4083,0.710,0.954,48522,1
GO:0010628,"positive regulation of gene expression",1.317%,null,null,2.645,-25.4969,0.740,0.960,48522,1
GO:0010604,"positive regulation of macromolecule metabolic process",1.518%,null,null,2.707,-33.6970,0.740,0.932,48522,1
GO:0010557,"positive regulation of macromolecule biosynthetic process",1.404%,null,null,2.673,-25.9435,0.723,0.938,48522,1
GO:0009893,"positive regulation of metabolic process",1.903%,null,null,2.805,-40.6939,0.768,0.885,48522,1
GO:0009891,"positive regulation of biosynthetic process",1.721%,null,null,2.761,-30.3969,0.742,0.947,48522,1
GO:0051173,"positive regulation of nitrogen compound metabolic process",1.365%,null,null,2.661,-27.9368,0.749,0.921,48522,1
GO:0044710,"single-organism metabolic process",29.627%,-3.686,-3.134,3.996,-43.9334,0.884,0.341,44710,0
GO:0016050,"vesicle organization",0.063%, 0.468,-2.549,1.342,-14.1889,0.925,0.345,16050,0
GO:0051707,"response to other organism",4.899%, 7.309, 1.786,3.215,-54.9849,0.822,0.352,51707,0
GO:0043207,"response to external biotic stimulus",4.899%,null,null,3.215,-55.2499,0.835,0.935,51707,1
GO:0050832,"defense response to fungus",1.927%,null,null,2.810,-14.6966,0.827,0.824,51707,1
GO:0009620,"response to fungus",2.393%,null,null,2.904,-17.1797,0.837,0.850,51707,1
GO:0009617,"response to bacterium",1.646%,null,null,2.742,-43.3098,0.844,0.805,51707,1
GO:0098542,"defense response to other organism",3.869%,null,null,3.113,-49.3150,0.813,0.915,51707,1
GO:0042742,"defense response to bacterium",1.174%,null,null,2.595,-43.9736,0.837,0.769,51707,1
GO:0006259,"DNA metabolic process",4.108%,-4.632, 4.514,3.139,-19.5935,0.839,0.353,6259,0
GO:0046777,"protein autophosphorylation",0.442%,-3.917, 1.940,2.173,-15.3869,0.880,0.361,46777,0
GO:0019220,"regulation of phosphate metabolic process",1.240%,-1.119,-7.666,2.619,-19.5403,0.764,0.368,19220,0
GO:0018193,"peptidyl-amino acid modification",0.571%,-3.688, 4.186,2.283,-14.3701,0.886,0.370,18193,0
GO:0043412,"macromolecule modification",13.363%,-3.395, 4.001,3.651,-80.3293,0.902,0.371,43412,0
GO:0051246,"regulation of protein metabolic process",1.476%,-2.274,-7.010,2.695,-15.8441,0.763,0.380,51246,0
GO:0051174,"regulation of phosphorus metabolic process",1.240%,-0.716,-7.310,2.619,-18.9395,0.764,0.388,51174,0
GO:0009611,"response to wounding",0.992%, 6.872, 1.354,2.522,-15.9659,0.867,0.403,9611,0
GO:0007166,"cell surface receptor signaling pathway",0.248%, 5.010,-4.725,1.924,-14.2202,0.719,0.413,7166,0
GO:0010467,"gene expression",18.878%,-3.607, 4.125,3.801,-56.2750,0.895,0.418,10467,0
GO:0050789,"regulation of biological process",23.583%, 0.495,-8.175,3.897,-300.0000,0.790,0.420,50789,0
GO:0042221,"response to chemical",12.637%, 7.571, 0.953,3.626,-239.0476,0.832,0.422,42221,0
GO:0009607,"response to biotic stimulus",5.121%, 7.431, 0.821,3.234,-55.5153,0.852,0.425,9607,0
GO:0009117,"nucleotide metabolic process",4.505%,-5.529, 0.541,3.179,-14.6701,0.781,0.426,9117,0
GO:0006753,"nucleoside phosphate metabolic process",4.526%,null,null,3.181,-14.4927,0.781,0.936,9117,1
GO:0019538,"protein metabolic process",20.458%,-3.709, 4.156,3.836,-33.1432,0.892,0.431,19538,0
GO:0070647,"protein modification by small protein conjugation or removal",2.495%,-4.455, 4.176,2.922,-22.0458,0.864,0.434,70647,0
GO:0010646,"regulation of cell communication",0.917%,-0.544,-7.620,2.489,-47.2201,0.776,0.439,10646,0
GO:0006979,"response to oxidative stress",2.046%, 6.742, 1.083,2.836,-24.0391,0.856,0.441,6979,0
GO:0006139,"nucleobase-containing compound metabolic process",23.986%,-4.996, 4.255,3.905,-159.2567,0.814,0.449,6139,0
GO:0065008,"regulation of biological quality",5.064%, 0.551,-7.955,3.229,-63.9625,0.834,0.452,65008,0
GO:0009605,"response to external stimulus",6.919%, 7.473, 0.877,3.365,-65.0420,0.846,0.452,9605,0
GO:0009719,"response to endogenous stimulus",6.964%, 7.265, 0.891,3.368,-158.9353,0.846,0.453,9719,0
GO:0045087,"innate immune response",2.512%, 6.981, 1.119,2.925,-22.1891,0.831,0.454,45087,0
GO:0050776,"regulation of immune response",1.210%,null,null,2.609,-12.7543,0.729,0.886,45087,1
GO:0002682,"regulation of immune system process",1.231%,null,null,2.616,-15.7864,0.834,0.855,45087,1
GO:0002252,"immune effector process",0.774%,null,null,2.415,-13.0200,0.977,0.809,45087,1
GO:0006955,"immune response",2.524%,null,null,2.927,-22.5224,0.850,0.939,45087,1
GO:0023051,"regulation of signaling",0.905%, 0.978,-8.215,2.483,-48.8646,0.836,0.464,23051,0
GO:0009628,"response to abiotic stimulus",7.983%, 7.786, 0.889,3.427,-182.4793,0.843,0.466,9628,0
GO:0051128,"regulation of cellular component organization",1.123%, 0.253,-7.175,2.576,-20.6889,0.774,0.475,51128,0
GO:0000302,"response to reactive oxygen species",1.365%, 7.880, 1.245,2.661,-15.8388,0.819,0.491,302,0
GO:0032446,"protein modification by small protein conjugation",2.130%,-4.091, 3.791,2.854,-18.0266,0.865,0.492,32446,0
GO:0016567,"protein ubiquitination",2.046%,null,null,2.836,-15.0979,0.865,0.930,32446,1
GO:0016192,"vesicle-mediated transport",2.169%,-0.297, 1.820,2.862,-33.7683,0.919,0.494,16192,0
GO:1903506,"regulation of nucleic acid-templated transcription",3.707%,-4.850,-4.059,3.094,-113.9152,0.662,0.498,1903506,0
GO:0006366,"transcription from RNA polymerase II promoter",0.299%,null,null,2.004,-19.2490,0.839,0.865,1903506,1
GO:0006357,"regulation of transcription from RNA polymerase II promoter",0.111%,null,null,1.580,-15.5212,0.770,0.780,1903506,1
GO:0045892,"negative regulation of transcription, DNA-templated",1.058%,null,null,2.550,-26.5353,0.664,1.005,1903506,1
GO:0006355,"regulation of transcription, DNA-templated",11.550%,null,null,3.587,-110.0560,0.598,1.857,1903506,1
GO:0006351,"transcription, DNA-templated",12.428%,null,null,3.619,-121.9639,0.730,1.465,1903506,1
GO:0045893,"positive regulation of transcription, DNA-templated",1.300%,null,null,2.639,-22.6251,0.672,1.032,1903506,1
GO:1903508,"positive regulation of nucleic acid-templated transcription",6.929%,null,null,3.365,-22.9557,0.592,1.658,1903506,1
GO:1903507,"negative regulation of nucleic acid-templated transcription",6.929%,null,null,3.365,-31.6889,0.574,1.658,1903506,1
GO:0071705,"nitrogen compound transport",2.372%,-0.296, 1.873,2.900,-12.4516,0.918,0.501,71705,0
GO:0010038,"response to metal ion",1.658%, 7.465, 0.792,2.745,-49.2932,0.832,0.504,10038,0
GO:0046686,"response to cadmium ion",1.300%,null,null,2.639,-39.6200,0.837,0.719,10038,1
GO:0009414,"response to water deprivation",1.186%,null,null,2.600,-32.9712,0.798,0.712,10038,1
GO:0009415,"response to water",1.228%,null,null,2.615,-32.8138,0.805,0.715,10038,1
GO:0044711,"single-organism biosynthetic process",11.290%,-5.178, 1.144,3.577,-14.1358,0.837,0.506,44711,0
GO:0044802,"single-organism membrane organization",1.801%,-1.296,-4.142,2.781,-14.7047,0.852,0.507,44802,0
GO:0021700,"developmental maturation",0.962%,-2.279,-3.598,2.509,-13.1671,0.855,0.508,21700,0
GO:0006952,"defense response",5.605%, 6.943, 1.057,3.273,-44.0205,0.836,0.514,6952,0
GO:0003002,"regionalization",0.705%,-2.067,-4.942,2.375,-15.8019,0.849,0.519,3002,0
GO:0061024,"membrane organization",2.324%, 0.265,-2.725,2.892,-19.4594,0.897,0.525,61024,0
GO:1901698,"response to nitrogen compound",2.273%, 7.949, 0.827,2.882,-17.2903,0.831,0.527,1901698,0
GO:0008104,"protein localization",4.478%,-0.396, 1.641,3.176,-37.3414,0.897,0.530,8104,0
GO:0017038,"protein import",0.807%,null,null,2.433,-12.8140,0.871,0.701,8104,1
GO:0065003,"macromolecular complex assembly",2.506%,-0.219,-2.133,2.924,-32.0902,0.879,0.531,65003,0
GO:0071822,"protein complex subunit organization",2.506%,null,null,2.924,-30.3460,0.884,0.813,65003,1
GO:0006325,"chromatin organization",1.864%,null,null,2.796,-29.6767,0.885,0.782,65003,1
GO:0022607,"cellular component assembly",3.026%,null,null,3.006,-34.0505,0.885,0.813,65003,1
GO:0070271,"protein complex biogenesis",2.220%,null,null,2.872,-29.1307,0.930,0.780,65003,1
GO:0043623,"cellular protein complex assembly",1.846%,null,null,2.792,-17.1945,0.883,0.954,65003,1
GO:0016570,"histone modification",1.204%,null,null,2.606,-14.6288,0.771,0.852,65003,1
GO:0016569,"covalent chromatin modification",1.320%,null,null,2.646,-15.8083,0.889,0.930,65003,1
GO:0034622,"cellular macromolecular complex assembly",2.256%,null,null,2.879,-23.6018,0.880,0.945,65003,1
GO:0006461,"protein complex assembly",2.208%,null,null,2.869,-28.7369,0.880,0.905,65003,1
GO:0006950,"response to stress",14.035%, 7.016, 0.877,3.672,-158.2002,0.829,0.532,6950,0
GO:0051716,"cellular response to stimulus",12.891%, 7.178, 1.990,3.635,-144.2666,0.784,0.534,51716,0
GO:0071214,"cellular response to abiotic stimulus",0.720%, 7.152, 0.327,2.384,-18.2550,0.814,0.535,71214,0
GO:0007389,"pattern specification process",0.998%,-2.405,-4.816,2.525,-18.9406,0.843,0.542,7389,0
GO:0055085,"transmembrane transport",4.182%,-3.259,-3.329,3.146,-26.7424,0.809,0.546,55085,0
GO:0044085,"cellular component biogenesis",4.669%,-0.092,-2.340,3.194,-33.6885,0.933,0.554,44085,0
GO:0034220,"ion transmembrane transport",1.936%,-1.653,-1.156,2.812,-18.1195,0.827,0.557,34220,0
GO:0006812,"cation transport",3.666%,null,null,3.089,-14.8573,0.861,0.779,34220,1
GO:0044764,"multi-organism cellular process",0.251%, 3.730, 2.275,1.929,-18.7141,0.932,0.561,44764,0
GO:1902589,"single-organism organelle organization",3.755%,-1.550,-4.494,3.100,-19.7374,0.834,0.565,1902589,0
GO:0051239,"regulation of multicellular organismal process",2.175%,-0.195,-7.954,2.863,-50.5745,0.768,0.575,51239,0
GO:0009755,"hormone-mediated signaling pathway",4.042%, 4.630,-4.244,3.132,-86.9705,0.575,0.575,9755,0
GO:0071229,"cellular response to acid chemical",2.309%,null,null,2.889,-55.6230,0.763,0.757,9755,1
GO:0044700,"single organism signaling",9.049%,null,null,3.481,-104.5745,0.893,0.904,9755,1
GO:1901701,"cellular response to oxygen-containing compound",3.259%,null,null,3.038,-69.4870,0.756,0.791,9755,1
GO:0097306,"cellular response to alcohol",1.049%,null,null,2.547,-36.4727,0.775,0.876,9755,1
GO:0032870,"cellular response to hormone stimulus",4.168%,null,null,3.145,-88.8879,0.739,0.949,9755,1
GO:0071215,"cellular response to abscisic acid stimulus",0.923%,null,null,2.491,-36.4727,0.767,0.863,9755,1
GO:0071369,"cellular response to ethylene stimulus",0.789%,null,null,2.423,-12.7899,0.784,0.867,9755,1
GO:0071396,"cellular response to lipid",1.314%,null,null,2.644,-47.0650,0.776,0.863,9755,1
GO:0071395,"cellular response to jasmonic acid stimulus",0.857%,null,null,2.459,-18.3617,0.773,0.882,9755,1
GO:0071407,"cellular response to organic cyclic compound",1.553%,null,null,2.717,-16.4138,0.774,0.752,9755,1
GO:0071310,"cellular response to organic substance",5.348%,null,null,3.253,-99.1009,0.741,0.854,9755,1
GO:0007165,"signal transduction",8.813%,null,null,3.470,-109.4332,0.579,0.775,9755,1
GO:0009751,"response to salicylic acid",1.407%,null,null,2.674,-13.4158,0.816,0.856,9755,1
GO:0009738,"abscisic acid-activated signaling pathway",0.866%,null,null,2.464,-31.0904,0.630,0.956,9755,1
GO:0009737,"response to abscisic acid",1.876%,null,null,2.799,-72.7524,0.797,0.720,9755,1
GO:0009733,"response to auxin",2.133%,null,null,2.854,-21.5137,0.812,0.733,9755,1
GO:0009725,"response to hormone",6.316%,null,null,3.325,-153.4522,0.787,0.837,9755,1
GO:0009867,"jasmonic acid mediated signaling pathway",0.848%,null,null,2.455,-19.0972,0.635,0.763,9755,1
GO:0009873,"ethylene-activated signaling pathway",0.726%,null,null,2.387,-12.4208,0.647,0.749,9755,1
GO:0071495,"cellular response to endogenous stimulus",4.227%,null,null,3.151,-90.0362,0.826,0.778,9755,1
GO:0033554,"cellular response to stress",5.025%, 7.186, 0.762,3.226,-28.6127,0.774,0.576,33554,0
GO:0050793,"regulation of developmental process",2.629%,-0.520,-7.445,2.945,-59.8194,0.728,0.576,50793,0
GO:0055086,"nucleobase-containing small molecule metabolic process",4.762%,-6.196, 1.317,3.203,-13.5681,0.793,0.577,55086,0
GO:0010035,"response to inorganic substance",4.200%, 7.553, 0.961,3.148,-92.4582,0.817,0.579,10035,0
GO:0031323,"regulation of cellular metabolic process",13.829%,-2.510,-6.948,3.666,-154.6578,0.693,0.586,31323,0
GO:0080090,"regulation of primary metabolic process",13.856%,null,null,3.666,-137.7172,0.726,0.782,31323,1
GO:0031326,"regulation of cellular biosynthetic process",12.341%,null,null,3.616,-125.5133,0.667,0.851,31323,1
GO:0051252,"regulation of RNA metabolic process",11.630%,null,null,3.590,-116.6527,0.641,0.849,31323,1
GO:2001141,"regulation of RNA biosynthetic process",11.579%,null,null,3.588,-113.9152,0.628,0.819,31323,1
GO:0019219,"regulation of nucleobase-containing compound metabolic process",12.401%,null,null,3.618,-119.7675,0.657,0.859,31323,1
GO:0010556,"regulation of macromolecule biosynthetic process",12.231%,null,null,3.612,-113.4834,0.676,0.862,31323,1
GO:0010468,"regulation of gene expression",12.727%,null,null,3.630,-120.7263,0.697,0.765,31323,1
GO:2000112,"regulation of cellular macromolecule biosynthetic process",12.201%,null,null,3.611,-110.2813,0.643,0.866,31323,1
GO:0060255,"regulation of macromolecule metabolic process",13.563%,null,null,3.657,-144.5682,0.704,0.777,31323,1
GO:0009889,"regulation of biosynthetic process",12.643%,null,null,3.627,-127.9474,0.716,0.764,31323,1
GO:0051171,"regulation of nitrogen compound metabolic process",12.479%,null,null,3.621,-120.8497,0.717,0.761,31323,1
GO:0000160,"phosphorelay signal transduction system",1.368%, 4.609,-4.561,2.662,-16.4237,0.665,0.591,160,0
GO:1901362,"organic cyclic compound biosynthetic process",16.584%,-3.596, 4.436,3.744,-135.6065,0.855,0.594,1901362,0
GO:0009409,"response to cold",1.778%, 6.822, 1.161,2.775,-39.4212,0.839,0.597,9409,0
GO:0009408,"response to heat",1.019%,null,null,2.534,-24.2665,0.849,0.803,9409,1
GO:2000026,"regulation of multicellular organismal development",2.109%,-0.870,-7.132,2.849,-48.4693,0.697,0.601,2000026,0
GO:0051241,"negative regulation of multicellular organismal process",0.254%,null,null,1.934,-16.1187,0.747,0.762,2000026,1
GO:0048581,"negative regulation of post-embryonic development",0.230%,null,null,1.892,-13.9233,0.717,0.754,2000026,1
GO:0048580,"regulation of post-embryonic development",1.371%,null,null,2.663,-44.3653,0.706,0.919,2000026,1
GO:0048831,"regulation of shoot system development",1.073%,null,null,2.556,-29.9214,0.706,0.892,2000026,1
GO:0051093,"negative regulation of developmental process",0.475%,null,null,2.204,-16.0977,0.725,0.769,2000026,1
GO:0009909,"regulation of flower development",0.953%,null,null,2.505,-27.9147,0.700,0.880,2000026,1
GO:0009059,"macromolecule biosynthetic process",19.616%,-4.541, 5.265,3.817,-63.2036,0.850,0.601,9059,0
GO:0019438,"aromatic compound biosynthetic process",15.777%,-5.131, 4.256,3.723,-138.8118,0.823,0.602,19438,0
GO:0044403,"symbiosis, encompassing mutualism through parasitism",0.466%, 1.849, 1.792,2.196,-19.2008,0.962,0.602,44403,0
GO:0016032,"viral process",0.173%,null,null,1.771,-15.0371,0.932,0.909,44403,1
GO:0044419,"interspecies interaction between organisms",0.472%, 2.221, 1.911,2.201,-17.9798,0.965,0.603,44419,0
GO:0044265,"cellular macromolecule catabolic process",2.091%,-3.361, 4.586,2.846,-28.6434,0.859,0.606,44265,0
GO:0044257,"cellular protein catabolic process",1.631%,null,null,2.738,-26.2775,0.848,0.969,44265,1
GO:0019941,"modification-dependent protein catabolic process",1.285%,null,null,2.634,-30.3359,0.852,0.984,44265,1
GO:0043632,"modification-dependent macromolecule catabolic process",1.291%,null,null,2.636,-31.6473,0.866,0.869,44265,1
GO:0030163,"protein catabolic process",1.691%,null,null,2.754,-26.7185,0.885,0.871,44265,1
GO:0051603,"proteolysis involved in cellular protein catabolic process",1.551%,null,null,2.716,-25.7238,0.849,0.949,44265,1
GO:0006511,"ubiquitin-dependent protein catabolic process",1.267%,null,null,2.628,-31.1417,0.853,0.840,44265,1
GO:0009888,"tissue development",2.483%,-1.561,-2.493,2.920,-44.7310,0.864,0.607,9888,0
GO:0097305,"response to alcohol",2.187%, 7.952, 0.853,2.865,-74.2227,0.815,0.608,97305,0
GO:0032535,"regulation of cellular component size",0.523%,-0.766,-6.820,2.246,-19.8284,0.761,0.609,32535,0
GO:0090066,"regulation of anatomical structure size",0.523%, 0.530,-8.179,2.246,-19.8284,0.852,0.609,90066,0
GO:0019222,"regulation of metabolic process",15.911%, 0.508,-8.197,3.726,-168.6732,0.769,0.609,19222,0
GO:0030154,"cell differentiation",3.489%,-2.537,-4.042,3.068,-32.3101,0.779,0.610,30154,0
GO:0048468,"cell development",2.011%,null,null,2.829,-16.6702,0.790,0.829,30154,1
GO:0000902,"cell morphogenesis",1.870%,null,null,2.797,-18.6354,0.748,0.821,30154,1
GO:0000904,"cell morphogenesis involved in differentiation",1.180%,null,null,2.598,-14.5158,0.761,0.908,30154,1
GO:0032989,"cellular component morphogenesis",2.026%,null,null,2.832,-17.6504,0.747,0.830,30154,1
GO:0044271,"cellular nitrogen compound biosynthetic process",15.105%,-5.196, 4.550,3.704,-66.1884,0.816,0.612,44271,0
GO:0009651,"response to salt stress",2.181%, 7.393, 1.427,2.864,-54.1404,0.837,0.613,9651,0
GO:0018130,"heterocycle biosynthetic process",15.239%,-4.900, 3.812,3.708,-143.5206,0.823,0.614,18130,0
GO:0014070,"response to organic cyclic compound",2.471%, 6.833, 0.836,2.918,-28.2146,0.819,0.618,14070,0
GO:0033993,"response to lipid",2.530%, 7.768, 0.861,2.928,-75.7998,0.819,0.620,33993,0
GO:0048869,"cellular developmental process",4.299%,-2.557,-3.951,3.158,-37.6766,0.778,0.630,48869,0
GO:0043436,"oxoacid metabolic process",7.696%,-4.959, 0.161,3.411,-24.0052,0.822,0.632,43436,0
GO:0019752,"carboxylic acid metabolic process",7.349%,null,null,3.391,-20.3030,0.823,0.914,43436,1
GO:0016070,"RNA metabolic process",16.790%,-5.127, 4.564,3.750,-124.9754,0.794,0.633,16070,0
GO:0006796,"phosphate-containing compound metabolic process",15.245%,-5.761, 2.691,3.708,-67.3109,0.877,0.634,6796,0
GO:0016310,"phosphorylation",8.753%,null,null,3.467,-56.7383,0.889,0.731,6796,1
GO:1901419,"regulation of response to alcohol",0.164%, 5.835,-3.978,1.748,-12.8356,0.745,0.635,1901419,0
GO:0009266,"response to temperature stimulus",2.841%, 7.235, 1.171,2.979,-62.6490,0.841,0.636,9266,0
GO:0006464,"cellular protein modification process",12.105%,-4.417, 3.654,3.608,-98.0380,0.827,0.640,6464,0
GO:0036211,"protein modification process",12.105%,null,null,3.608,-98.0380,0.874,0.826,6464,1
GO:0006468,"protein phosphorylation",6.044%,null,null,3.306,-49.5142,0.832,0.755,6464,1
GO:0009735,"response to cytokinin",0.777%, 6.886, 0.823,2.417,-43.2599,0.832,0.642,9735,0
GO:0048878,"chemical homeostasis",0.890%, 0.662,-7.709,2.476,-33.1983,0.834,0.645,48878,0
GO:0055082,"cellular chemical homeostasis",0.544%,null,null,2.262,-24.1162,0.783,0.802,48878,1
GO:0055080,"cation homeostasis",0.681%,null,null,2.360,-22.2662,0.834,0.917,48878,1
GO:0055065,"metal ion homeostasis",0.361%,null,null,2.086,-15.8492,0.843,0.864,48878,1
GO:0019725,"cellular homeostasis",1.117%,null,null,2.574,-27.7201,0.770,0.864,48878,1
GO:0006873,"cellular ion homeostasis",0.514%,null,null,2.238,-13.0609,0.783,0.979,48878,1
GO:0050801,"ion homeostasis",0.756%,null,null,2.405,-16.4167,0.833,0.948,48878,1
GO:0030003,"cellular cation homeostasis",0.487%,null,null,2.215,-16.1218,0.784,0.940,48878,1
GO:0098771,"inorganic ion homeostasis",0.318%,null,null,2.029,-18.2710,0.845,0.854,48878,1
GO:0044267,"cellular protein metabolic process",17.435%,-5.199, 4.184,3.766,-42.0362,0.826,0.654,44267,0
GO:0032774,"RNA biosynthetic process",12.515%,-5.280, 4.728,3.622,-125.9865,0.771,0.659,32774,0
GO:0034654,"nucleobase-containing compound biosynthetic process",13.975%,null,null,3.670,-133.9062,0.793,0.793,32774,1
GO:0034645,"cellular macromolecule biosynthetic process",19.266%,null,null,3.810,-60.6632,0.791,0.703,32774,1
GO:0006810,"transport",13.483%,-0.131, 2.551,3.655,-101.9785,0.896,0.662,6810,0
GO:0051234,"establishment of localization",13.730%,null,null,3.662,-102.8710,0.897,0.835,6810,1
GO:0044765,"single-organism transport",10.830%,null,null,3.559,-54.6162,0.839,0.811,6810,1
GO:0071702,"organic substance transport",6.534%,null,null,3.340,-46.5879,0.906,0.724,6810,1
GO:1902578,"single-organism localization",10.997%,null,null,3.566,-57.4852,0.844,0.791,6810,1
GO:0034641,"cellular nitrogen compound metabolic process",25.561%,-4.491, 2.940,3.932,-93.7325,0.837,0.662,34641,0
GO:0050794,"regulation of cellular process",20.709%,-0.585,-7.765,3.841,-269.1655,0.736,0.663,50794,0
GO:0048364,"root development",1.769%,-2.572,-3.075,2.773,-24.9556,0.820,0.664,48364,0
GO:0048528,"post-embryonic root development",0.385%,null,null,2.114,-12.5783,0.843,0.826,48364,1
GO:0010015,"root morphogenesis",1.291%,null,null,2.636,-13.6618,0.822,0.945,48364,1
GO:0022622,"root system development",1.772%,-2.666,-4.201,2.774,-25.4862,0.825,0.665,22622,0
GO:0010033,"response to organic substance",9.452%, 7.590, 0.926,3.500,-182.7190,0.796,0.665,10033,0
GO:1901700,"response to oxygen-containing compound",7.275%,null,null,3.387,-143.2882,0.803,0.726,10033,1
GO:0070887,"cellular response to chemical stimulus",6.124%,null,null,3.312,-101.0405,0.757,0.702,10033,1
GO:0048507,"meristem development",1.428%,-2.785,-4.648,2.680,-20.9065,0.825,0.666,48507,0
GO:0090558,"plant epidermis development",0.630%,null,null,2.326,-15.3208,0.882,0.774,48507,1
GO:0051641,"cellular localization",5.025%,-0.623, 1.183,3.226,-58.5824,0.911,0.667,51641,0
GO:0016043,"cellular component organization",12.586%,-2.366,-1.170,3.625,-136.4648,0.873,0.669,16043,0
GO:0006996,"organelle organization",6.785%,null,null,3.356,-57.4464,0.881,0.722,16043,1
GO:0009416,"response to light stimulus",3.403%, 6.855, 1.039,3.057,-60.3342,0.833,0.670,9416,0
GO:0009637,"response to blue light",0.382%,null,null,2.111,-16.6372,0.869,0.717,9416,1
GO:0009639,"response to red or far red light",1.267%,null,null,2.628,-21.3392,0.851,0.828,9416,1
GO:0071482,"cellular response to light stimulus",0.454%,null,null,2.185,-13.1276,0.818,0.731,9416,1
GO:0071478,"cellular response to radiation",0.460%,null,null,2.190,-13.4979,0.817,0.909,9416,1
GO:0090304,"nucleic acid metabolic process",20.273%,-4.974, 3.967,3.832,-137.5037,0.797,0.672,90304,0
GO:0033036,"macromolecule localization",5.318%,-0.504, 1.471,3.251,-36.6208,0.911,0.675,33036,0
GO:1901576,"organic substance biosynthetic process",27.670%,-3.744, 5.442,3.967,-84.3827,0.864,0.681,1901576,0
GO:0035556,"intracellular signal transduction",3.743%, 4.585,-4.622,3.098,-35.4160,0.624,0.682,35556,0
GO:0006811,"ion transport",5.100%,-2.453, 0.646,3.232,-33.6931,0.856,0.688,6811,0
GO:0009615,"response to virus",0.499%, 6.376, 1.506,2.225,-12.4451,0.863,0.690,9615,0
GO:0009723,"response to ethylene",1.365%, 7.151, 0.725,2.661,-22.3192,0.822,0.690,9723,0
GO:0006082,"organic acid metabolic process",7.705%,-4.855, 0.159,3.412,-25.4397,0.823,0.691,6082,0
GO:0009753,"response to jasmonic acid",1.410%, 7.276, 0.691,2.675,-28.7565,0.811,0.693,9753,0
GO:0009314,"response to radiation",3.585%, 7.041, 1.064,3.080,-61.8258,0.837,0.693,9314,0
GO:0048827,"phyllome development",2.435%,-2.712,-3.072,2.912,-35.5180,0.811,0.696,48827,0
GO:0010016,"shoot system morphogenesis",1.282%,null,null,2.633,-12.8048,0.820,0.762,48827,1
GO:0048366,"leaf development",1.207%,null,null,2.607,-22.7913,0.825,0.756,48827,1
GO:2000241,"regulation of reproductive process",1.162%, 0.457,-7.840,2.591,-38.0511,0.815,0.696,2000241,0
