term_ID,description,frequency,plot_X,plot_Y,plot_size,log10 p-value,uniqueness,dispensability,representative,eliminated
GO:0000003,"reproduction",1.924%,-1.052, 1.660,2.810,-74.4139,1.000,0.000,3,0
GO:0001101,"response to acid chemical",4.625%, 1.479, 6.730,3.190,-116.1000,0.815,0.000,1101,0
GO:0071229,"cellular response to acid chemical",2.309%,null,null,2.889,-55.6230,0.763,0.757,1101,1
GO:0044700,"single organism signaling",9.049%,null,null,3.481,-104.5745,0.893,0.904,1101,1
GO:1901701,"cellular response to oxygen-containing compound",3.259%,null,null,3.038,-69.4870,0.756,0.791,1101,1
GO:1901698,"response to nitrogen compound",2.273%,null,null,2.882,-17.2903,0.831,0.527,1101,1
GO:1901700,"response to oxygen-containing compound",7.275%,null,null,3.387,-143.2882,0.803,0.726,1101,1
GO:0097305,"response to alcohol",2.187%,null,null,2.865,-74.2227,0.815,0.608,1101,1
GO:0097306,"cellular response to alcohol",1.049%,null,null,2.547,-36.4727,0.775,0.876,1101,1
GO:0035556,"intracellular signal transduction",3.743%,null,null,3.098,-35.4160,0.624,0.682,1101,1
GO:0032870,"cellular response to hormone stimulus",4.168%,null,null,3.145,-88.8879,0.739,0.949,1101,1
GO:0071215,"cellular response to abscisic acid stimulus",0.923%,null,null,2.491,-36.4727,0.767,0.863,1101,1
GO:0033993,"response to lipid",2.530%,null,null,2.928,-75.7998,0.819,0.620,1101,1
GO:0070887,"cellular response to chemical stimulus",6.124%,null,null,3.312,-101.0405,0.757,0.702,1101,1
GO:0071369,"cellular response to ethylene stimulus",0.789%,null,null,2.423,-12.7899,0.784,0.867,1101,1
GO:0010038,"response to metal ion",1.658%,null,null,2.745,-49.2932,0.832,0.504,1101,1
GO:0071396,"cellular response to lipid",1.314%,null,null,2.644,-47.0650,0.776,0.863,1101,1
GO:0071395,"cellular response to jasmonic acid stimulus",0.857%,null,null,2.459,-18.3617,0.773,0.882,1101,1
GO:0071407,"cellular response to organic cyclic compound",1.553%,null,null,2.717,-16.4138,0.774,0.752,1101,1
GO:0071310,"cellular response to organic substance",5.348%,null,null,3.253,-99.1009,0.741,0.854,1101,1
GO:0007165,"signal transduction",8.813%,null,null,3.470,-109.4332,0.579,0.775,1101,1
GO:0010033,"response to organic substance",9.452%,null,null,3.500,-182.7190,0.796,0.665,1101,1
GO:0010035,"response to inorganic substance",4.200%,null,null,3.148,-92.4582,0.817,0.579,1101,1
GO:0009755,"hormone-mediated signaling pathway",4.042%,null,null,3.132,-86.9705,0.575,0.575,1101,1
GO:0009753,"response to jasmonic acid",1.410%,null,null,2.675,-28.7565,0.811,0.693,1101,1
GO:0009751,"response to salicylic acid",1.407%,null,null,2.674,-13.4158,0.816,0.856,1101,1
GO:0009738,"abscisic acid-activated signaling pathway",0.866%,null,null,2.464,-31.0904,0.630,0.956,1101,1
GO:0009737,"response to abscisic acid",1.876%,null,null,2.799,-72.7524,0.797,0.720,1101,1
GO:0009733,"response to auxin",2.133%,null,null,2.854,-21.5137,0.812,0.733,1101,1
GO:0009735,"response to cytokinin",0.777%,null,null,2.417,-43.2599,0.832,0.642,1101,1
GO:0009725,"response to hormone",6.316%,null,null,3.325,-153.4522,0.787,0.837,1101,1
GO:0009723,"response to ethylene",1.365%,null,null,2.661,-22.3192,0.822,0.690,1101,1
GO:0033554,"cellular response to stress",5.025%,null,null,3.226,-28.6127,0.774,0.576,1101,1
GO:0046686,"response to cadmium ion",1.300%,null,null,2.639,-39.6200,0.837,0.719,1101,1
GO:0009867,"jasmonic acid mediated signaling pathway",0.848%,null,null,2.455,-19.0972,0.635,0.763,1101,1
GO:0009873,"ethylene-activated signaling pathway",0.726%,null,null,2.387,-12.4208,0.647,0.749,1101,1
GO:0000160,"phosphorelay signal transduction system",1.368%,null,null,2.662,-16.4237,0.665,0.591,1101,1
GO:0009414,"response to water deprivation",1.186%,null,null,2.600,-32.9712,0.798,0.712,1101,1
GO:0009415,"response to water",1.228%,null,null,2.615,-32.8138,0.805,0.715,1101,1
GO:0014070,"response to organic cyclic compound",2.471%,null,null,2.918,-28.2146,0.819,0.618,1101,1
GO:0071495,"cellular response to endogenous stimulus",4.227%,null,null,3.151,-90.0362,0.826,0.778,1101,1
GO:0002376,"immune system process",2.850%, 1.454, 1.895,2.980,-28.3236,0.994,0.000,2376,0
GO:0008152,"metabolic process",70.113%, 3.091, 2.160,4.371,-204.9263,0.998,0.000,8152,0
GO:0009987,"cellular process",60.344%, 1.698, 2.940,4.305,-300.0000,0.998,0.000,9987,0
GO:0022414,"reproductive process",6.127%,-0.346, 0.733,3.312,-73.7544,0.995,0.000,22414,0
GO:0023052,"signaling",9.052%, 5.345, 4.813,3.482,-104.6395,0.995,0.000,23052,0
GO:0032501,"multicellular organismal process",10.803%,-1.916, 3.270,3.558,-118.7560,0.995,0.000,32501,0
GO:0032502,"developmental process",11.296%,-1.504, 2.507,3.578,-136.7883,0.995,0.000,32502,0
GO:0040007,"growth",2.725%, 0.099,-1.022,2.960,-25.7394,0.994,0.000,40007,0
GO:0044699,"single-organism process",48.042%, 3.614, 5.445,4.206,-300.0000,0.997,0.000,44699,0
GO:0046907,"intracellular transport",4.156%,-3.788, 4.279,3.144,-49.7987,0.892,0.000,46907,0
GO:0055085,"transmembrane transport",4.182%,null,null,3.146,-26.7424,0.809,0.546,46907,1
GO:0015031,"protein transport",4.224%,null,null,3.151,-35.1320,0.894,0.918,46907,1
GO:0051234,"establishment of localization",13.730%,null,null,3.662,-102.8710,0.897,0.835,46907,1
GO:0006810,"transport",13.483%,null,null,3.655,-101.9785,0.896,0.662,46907,1
GO:0006811,"ion transport",5.100%,null,null,3.232,-33.6931,0.856,0.688,46907,1
GO:0006812,"cation transport",3.666%,null,null,3.089,-14.8573,0.861,0.779,46907,1
GO:0070727,"cellular macromolecule localization",3.567%,null,null,3.077,-37.4346,0.889,0.872,46907,1
GO:0044765,"single-organism transport",10.830%,null,null,3.559,-54.6162,0.839,0.811,46907,1
GO:1902582,"single-organism intracellular transport",3.451%,null,null,3.063,-18.3626,0.844,0.900,46907,1
GO:0033365,"protein localization to organelle",1.628%,null,null,2.737,-25.0961,0.896,0.783,46907,1
GO:0006886,"intracellular protein transport",3.310%,null,null,3.045,-35.5193,0.884,0.888,46907,1
GO:0071702,"organic substance transport",6.534%,null,null,3.340,-46.5879,0.906,0.724,46907,1
GO:0071705,"nitrogen compound transport",2.372%,null,null,2.900,-12.4516,0.918,0.501,46907,1
GO:0008104,"protein localization",4.478%,null,null,3.176,-37.3414,0.897,0.530,46907,1
GO:0017038,"protein import",0.807%,null,null,2.433,-12.8140,0.871,0.701,46907,1
GO:0033036,"macromolecule localization",5.318%,null,null,3.251,-36.6208,0.911,0.675,46907,1
GO:0006605,"protein targeting",2.614%,null,null,2.943,-28.3505,0.841,0.919,46907,1
GO:0072594,"establishment of protein localization to organelle",1.556%,null,null,2.718,-27.2748,0.896,0.774,46907,1
GO:1902578,"single-organism localization",10.997%,null,null,3.566,-57.4852,0.844,0.791,46907,1
GO:1902580,"single-organism cellular localization",2.671%,null,null,2.952,-18.7238,0.851,0.835,46907,1
GO:0034220,"ion transmembrane transport",1.936%,null,null,2.812,-18.1195,0.827,0.557,46907,1
GO:0034613,"cellular protein localization",3.483%,null,null,3.067,-35.2415,0.886,0.950,46907,1
GO:0051641,"cellular localization",5.025%,null,null,3.226,-58.5824,0.911,0.667,46907,1
GO:0006913,"nucleocytoplasmic transport",0.589%,null,null,2.297,-14.6254,0.913,0.704,46907,1
GO:0051649,"establishment of localization in cell",4.646%,null,null,3.192,-53.1231,0.891,0.909,46907,1
GO:0045184,"establishment of protein localization",4.275%,null,null,3.156,-35.1320,0.894,0.939,46907,1
GO:0051169,"nuclear transport",0.589%,null,null,2.297,-14.6254,0.913,0.704,46907,1
GO:0048519,"negative regulation of biological process",3.636%, 8.186,-2.371,3.086,-79.5562,0.828,0.000,48519,0
GO:0048608,"reproductive structure development",4.604%,-5.218, 2.459,3.188,-68.6405,0.788,0.000,48608,0
GO:0044707,"single-multicellular organism process",9.993%,null,null,3.525,-112.5783,0.846,0.860,48608,1
GO:0048528,"post-embryonic root development",0.385%,null,null,2.114,-12.5783,0.843,0.826,48608,1
GO:0044702,"single organism reproductive process",5.109%,null,null,3.233,-59.6806,0.895,0.900,48608,1
GO:0007389,"pattern specification process",0.998%,null,null,2.525,-18.9406,0.843,0.542,48608,1
GO:0003002,"regionalization",0.705%,null,null,2.375,-15.8019,0.849,0.519,48608,1
GO:0048507,"meristem development",1.428%,null,null,2.680,-20.9065,0.825,0.666,48608,1
GO:0003006,"developmental process involved in reproduction",5.769%,null,null,3.286,-69.8343,0.836,0.884,48608,1
GO:0010228,"vegetative to reproductive phase transition of meristem",1.234%,null,null,2.617,-27.2618,0.817,0.786,48608,1
GO:0090567,"reproductive shoot system development",2.731%,null,null,2.961,-52.9065,0.795,0.879,48608,1
GO:0090558,"plant epidermis development",0.630%,null,null,2.326,-15.3208,0.882,0.774,48608,1
GO:0051241,"negative regulation of multicellular organismal process",0.254%,null,null,1.934,-16.1187,0.747,0.762,48608,1
GO:0021700,"developmental maturation",0.962%,null,null,2.509,-13.1671,0.855,0.508,48608,1
GO:0051239,"regulation of multicellular organismal process",2.175%,null,null,2.863,-50.5745,0.768,0.575,48608,1
GO:0044767,"single-organism developmental process",11.024%,null,null,3.567,-136.8495,0.803,0.732,48608,1
GO:0022622,"root system development",1.772%,null,null,2.774,-25.4862,0.825,0.665,48608,1
GO:0048581,"negative regulation of post-embryonic development",0.230%,null,null,1.892,-13.9233,0.717,0.754,48608,1
GO:0048580,"regulation of post-embryonic development",1.371%,null,null,2.663,-44.3653,0.706,0.919,48608,1
GO:0010154,"fruit development",1.784%,null,null,2.777,-18.8273,0.811,0.827,48608,1
GO:0050793,"regulation of developmental process",2.629%,null,null,2.945,-59.8194,0.728,0.576,48608,1
GO:0007275,"multicellular organismal development",9.904%,null,null,3.521,-110.7602,0.791,0.856,48608,1
GO:0048468,"cell development",2.011%,null,null,2.829,-16.6702,0.790,0.829,48608,1
GO:0000902,"cell morphogenesis",1.870%,null,null,2.797,-18.6354,0.748,0.821,48608,1
GO:0048438,"floral whorl development",1.401%,null,null,2.672,-14.3298,0.809,0.889,48608,1
GO:0000904,"cell morphogenesis involved in differentiation",1.180%,null,null,2.598,-14.5158,0.761,0.908,48608,1
GO:0048437,"floral organ development",1.667%,null,null,2.747,-16.0585,0.802,0.909,48608,1
GO:0009653,"anatomical structure morphogenesis",5.019%,null,null,3.226,-54.0176,0.852,0.744,48608,1
GO:2000241,"regulation of reproductive process",1.162%,null,null,2.591,-38.0511,0.815,0.696,48608,1
GO:0010015,"root morphogenesis",1.291%,null,null,2.636,-13.6618,0.822,0.945,48608,1
GO:0010016,"shoot system morphogenesis",1.282%,null,null,2.633,-12.8048,0.820,0.762,48608,1
GO:0032989,"cellular component morphogenesis",2.026%,null,null,2.832,-17.6504,0.747,0.830,48608,1
GO:2000026,"regulation of multicellular organismal development",2.109%,null,null,2.849,-48.4693,0.697,0.601,48608,1
GO:0048831,"regulation of shoot system development",1.073%,null,null,2.556,-29.9214,0.706,0.892,48608,1
GO:0048827,"phyllome development",2.435%,null,null,2.912,-35.5180,0.811,0.696,48608,1
GO:0030154,"cell differentiation",3.489%,null,null,3.068,-32.3101,0.779,0.610,48608,1
GO:0048367,"shoot system development",4.057%,null,null,3.133,-67.0983,0.806,0.752,48608,1
GO:0048366,"leaf development",1.207%,null,null,2.607,-22.7913,0.825,0.756,48608,1
GO:0048364,"root development",1.769%,null,null,2.773,-24.9556,0.820,0.664,48608,1
GO:0048856,"anatomical structure development",10.140%,null,null,3.531,-128.8982,0.843,0.861,48608,1
GO:0048316,"seed development",1.712%,null,null,2.759,-16.1295,0.810,0.822,48608,1
GO:0009791,"post-embryonic development",5.975%,null,null,3.301,-90.1949,0.805,0.770,48608,1
GO:0048869,"cellular developmental process",4.299%,null,null,3.158,-37.6766,0.778,0.630,48608,1
GO:0009908,"flower development",2.701%,null,null,2.957,-50.6973,0.794,0.878,48608,1
GO:0009888,"tissue development",2.483%,null,null,2.920,-44.7310,0.864,0.607,48608,1
GO:0051093,"negative regulation of developmental process",0.475%,null,null,2.204,-16.0977,0.725,0.769,48608,1
GO:0061458,"reproductive system development",4.604%,null,null,3.188,-68.6405,0.803,0.768,48608,1
GO:0048731,"system development",7.723%,null,null,3.413,-92.9640,0.796,0.812,48608,1
GO:0009909,"regulation of flower development",0.953%,null,null,2.505,-27.9147,0.700,0.880,48608,1
GO:0050896,"response to stimulus",24.279%, 4.836, 4.339,3.910,-300.0000,0.996,0.000,50896,0
GO:0051179,"localization",14.310%,-0.753,-0.224,3.680,-112.2370,0.995,0.000,51179,0
GO:0051704,"multi-organism process",6.680%, 4.049, 4.062,3.350,-66.8503,0.995,0.000,51704,0
GO:0065007,"biological regulation",25.919%, 0.051, 3.051,3.938,-300.0000,0.996,0.000,65007,0
GO:0071840,"cellular component organization or biogenesis",13.665%, 5.691, 5.430,3.660,-129.9921,0.995,0.000,71840,0
GO:0097659,"nucleic acid-templated transcription",1.807%,-1.881,-6.285,2.782,-125.9083,0.828,0.000,97659,0
GO:0071704,"organic substance metabolic process",53.362%,-6.233, 0.878,4.252,-187.7825,0.954,0.046,71704,0
GO:0043933,"macromolecular complex subunit organization",4.353%, 2.090,-2.572,3.164,-62.5298,0.888,0.056,43933,0
GO:0071822,"protein complex subunit organization",2.506%,null,null,2.924,-30.3460,0.884,0.813,43933,1
GO:0016043,"cellular component organization",12.586%,null,null,3.625,-136.4648,0.873,0.669,43933,1
GO:1902589,"single-organism organelle organization",3.755%,null,null,3.100,-19.7374,0.834,0.565,43933,1
GO:0061024,"membrane organization",2.324%,null,null,2.892,-19.4594,0.897,0.525,43933,1
GO:0044802,"single-organism membrane organization",1.801%,null,null,2.781,-14.7047,0.852,0.507,43933,1
GO:0006325,"chromatin organization",1.864%,null,null,2.796,-29.6767,0.885,0.782,43933,1
GO:0022607,"cellular component assembly",3.026%,null,null,3.006,-34.0505,0.885,0.813,43933,1
GO:0070271,"protein complex biogenesis",2.220%,null,null,2.872,-29.1307,0.930,0.780,43933,1
GO:0043623,"cellular protein complex assembly",1.846%,null,null,2.792,-17.1945,0.883,0.954,43933,1
GO:0044085,"cellular component biogenesis",4.669%,null,null,3.194,-33.6885,0.933,0.554,43933,1
GO:0065003,"macromolecular complex assembly",2.506%,null,null,2.924,-32.0902,0.879,0.531,43933,1
GO:0016570,"histone modification",1.204%,null,null,2.606,-14.6288,0.771,0.852,43933,1
GO:0016569,"covalent chromatin modification",1.320%,null,null,2.646,-15.8083,0.889,0.930,43933,1
GO:0006996,"organelle organization",6.785%,null,null,3.356,-57.4464,0.881,0.722,43933,1
GO:0034622,"cellular macromolecular complex assembly",2.256%,null,null,2.879,-23.6018,0.880,0.945,43933,1
GO:0006461,"protein complex assembly",2.208%,null,null,2.869,-28.7369,0.880,0.905,43933,1
GO:0009056,"catabolic process",9.629%, 3.943, 2.749,3.508,-36.8872,0.967,0.071,9056,0
GO:0019684,"photosynthesis, light reaction",0.986%,-2.855,-1.705,2.520,-12.2640,0.930,0.083,19684,0
GO:0015979,"photosynthesis",1.449%,-4.597,-1.572,2.687,-18.3840,0.926,0.087,15979,0
GO:0006091,"generation of precursor metabolites and energy",2.220%,-4.252,-2.422,2.872,-23.0227,0.922,0.091,6091,0
GO:0051186,"cofactor metabolic process",2.121%,-2.635,-2.480,2.852,-19.2285,0.923,0.093,51186,0
GO:0042440,"pigment metabolic process",1.147%,-2.889,-0.079,2.585,-12.9712,0.923,0.101,42440,0
GO:1901360,"organic cyclic compound metabolic process",26.959%,-2.645,-4.830,3.955,-164.8300,0.925,0.110,1901360,0
GO:0006807,"nitrogen compound metabolic process",27.804%,-4.721, 4.811,3.969,-109.1089,0.960,0.111,6807,0
GO:0009058,"biosynthetic process",28.862%,-4.661, 3.434,3.985,-81.3609,0.960,0.113,9058,0
GO:0007049,"cell cycle",2.638%, 3.212,-1.992,2.946,-27.4104,0.892,0.113,7049,0
GO:0010118,"stomatal movement",0.266%, 5.159, 0.939,1.954,-18.3629,0.916,0.136,10118,0
GO:0046483,"heterocycle metabolic process",25.549%,-4.630,-4.065,3.932,-169.8334,0.883,0.138,46483,0
GO:0009057,"macromolecule catabolic process",2.841%,-0.439,-6.937,2.979,-28.9288,0.900,0.150,9057,0
GO:0044257,"cellular protein catabolic process",1.631%,null,null,2.738,-26.2775,0.848,0.969,9057,1
GO:0044248,"cellular catabolic process",7.074%,null,null,3.375,-31.5732,0.880,0.828,9057,1
GO:0044265,"cellular macromolecule catabolic process",2.091%,null,null,2.846,-28.6434,0.859,0.606,9057,1
GO:0019941,"modification-dependent protein catabolic process",1.285%,null,null,2.634,-30.3359,0.852,0.984,9057,1
GO:1901575,"organic substance catabolic process",8.529%,null,null,3.456,-36.2083,0.911,0.702,9057,1
GO:0043632,"modification-dependent macromolecule catabolic process",1.291%,null,null,2.636,-31.6473,0.866,0.869,9057,1
GO:0030163,"protein catabolic process",1.691%,null,null,2.754,-26.7185,0.885,0.871,9057,1
GO:0051603,"proteolysis involved in cellular protein catabolic process",1.551%,null,null,2.716,-25.7238,0.849,0.949,9057,1
GO:0006511,"ubiquitin-dependent protein catabolic process",1.267%,null,null,2.628,-31.1417,0.853,0.840,9057,1
GO:0044238,"primary metabolic process",50.975%,-6.510, 1.594,4.232,-171.7409,0.954,0.163,44238,0
GO:0008219,"cell death",1.443%, 2.690,-1.796,2.685,-14.7270,0.899,0.166,8219,0
GO:0016049,"cell growth",1.942%, 5.556, 0.278,2.814,-19.3127,0.887,0.172,16049,0
GO:0048589,"developmental growth",2.160%,null,null,2.860,-17.4581,0.834,0.901,16049,1
GO:0060560,"developmental growth involved in morphogenesis",1.595%,null,null,2.728,-12.3784,0.831,0.868,16049,1
GO:0051301,"cell division",2.026%, 4.325,-1.012,2.832,-20.0986,0.895,0.173,51301,0
GO:0044763,"single-organism cellular process",36.041%,-5.310,-1.098,4.082,-268.5507,0.858,0.186,44763,0
GO:0006793,"phosphorus metabolic process",15.454%,-5.812,-3.598,3.714,-68.8507,0.894,0.221,6793,0
GO:0010119,"regulation of stomatal movement",0.146%, 7.085,-3.118,1.699,-12.8229,0.823,0.224,10119,0
GO:0007154,"cell communication",10.062%, 2.389,-3.486,3.528,-105.3401,0.869,0.230,7154,0
GO:0044237,"cellular metabolic process",49.404%,-6.509,-1.068,4.218,-239.3193,0.898,0.232,44237,0
GO:0043170,"macromolecule metabolic process",39.315%,-5.151,-4.083,4.119,-146.3918,0.917,0.261,43170,0
GO:0044281,"small molecule metabolic process",13.043%,-2.280,-0.593,3.640,-35.3698,0.891,0.263,44281,0
GO:0006725,"cellular aromatic compound metabolic process",26.287%,-4.282,-4.171,3.944,-168.8758,0.882,0.264,6725,0
GO:0031399,"regulation of protein modification process",0.771%, 4.897,-5.334,2.413,-26.7789,0.751,0.270,31399,0
GO:0042592,"homeostatic process",1.736%, 7.854,-2.252,2.765,-36.9496,0.832,0.272,42592,0
GO:0090066,"regulation of anatomical structure size",0.523%,null,null,2.246,-19.8284,0.852,0.609,42592,1
GO:0055082,"cellular chemical homeostasis",0.544%,null,null,2.262,-24.1162,0.783,0.802,42592,1
GO:0055080,"cation homeostasis",0.681%,null,null,2.360,-22.2662,0.834,0.917,42592,1
GO:0055065,"metal ion homeostasis",0.361%,null,null,2.086,-15.8492,0.843,0.864,42592,1
GO:0019725,"cellular homeostasis",1.117%,null,null,2.574,-27.7201,0.770,0.864,42592,1
GO:0006873,"cellular ion homeostasis",0.514%,null,null,2.238,-13.0609,0.783,0.979,42592,1
GO:0050801,"ion homeostasis",0.756%,null,null,2.405,-16.4167,0.833,0.948,42592,1
GO:0032535,"regulation of cellular component size",0.523%,null,null,2.246,-19.8284,0.761,0.609,42592,1
GO:0048878,"chemical homeostasis",0.890%,null,null,2.476,-33.1983,0.834,0.645,42592,1
GO:0030003,"cellular cation homeostasis",0.487%,null,null,2.215,-16.1218,0.784,0.940,42592,1
GO:0098771,"inorganic ion homeostasis",0.318%,null,null,2.029,-18.2710,0.845,0.854,42592,1
GO:0051726,"regulation of cell cycle",0.881%, 6.656,-3.279,2.471,-29.5850,0.788,0.274,51726,0
GO:0009966,"regulation of signal transduction",0.893%, 6.410, 1.279,2.477,-48.1267,0.658,0.275,9966,0
GO:0023057,"negative regulation of signaling",0.236%,null,null,1.903,-20.8185,0.782,0.866,9966,1
GO:0031347,"regulation of defense response",1.598%,null,null,2.729,-32.2180,0.717,0.860,9966,1
GO:0048585,"negative regulation of response to stimulus",1.090%,null,null,2.563,-30.2369,0.699,0.822,9966,1
GO:0010648,"negative regulation of cell communication",0.236%,null,null,1.903,-20.8185,0.756,0.863,9966,1
GO:0009787,"regulation of abscisic acid-activated signaling pathway",0.155%,null,null,1.724,-12.8356,0.667,0.834,9966,1
GO:0009968,"negative regulation of signal transduction",0.227%,null,null,1.886,-20.5838,0.665,0.863,9966,1
GO:0080134,"regulation of response to stress",1.697%,null,null,2.755,-39.5175,0.720,0.803,9966,1
GO:1901419,"regulation of response to alcohol",0.164%,null,null,1.748,-12.8356,0.745,0.635,9966,1
GO:0044260,"cellular macromolecule metabolic process",35.222%,-2.653,-5.573,4.072,-159.1015,0.828,0.300,44260,0
GO:0048523,"negative regulation of cellular process",2.345%, 8.099,-2.681,2.895,-53.8783,0.749,0.312,48523,0
GO:0031324,"negative regulation of cellular metabolic process",1.362%,null,null,2.660,-30.5885,0.721,0.937,48523,1
GO:1902679,"negative regulation of RNA biosynthetic process",1.058%,null,null,2.550,-31.6889,0.681,0.909,48523,1
GO:0031327,"negative regulation of cellular biosynthetic process",1.150%,null,null,2.587,-24.4639,0.707,0.977,48523,1
GO:0051253,"negative regulation of RNA metabolic process",1.058%,null,null,2.550,-31.6857,0.690,0.979,48523,1
GO:0045934,"negative regulation of nucleobase-containing compound metabolic process",1.108%,null,null,2.571,-31.4203,0.702,0.981,48523,1
GO:0010629,"negative regulation of gene expression",1.556%,null,null,2.718,-24.5179,0.722,0.952,48523,1
GO:0010605,"negative regulation of macromolecule metabolic process",1.790%,null,null,2.778,-34.9710,0.721,0.821,48523,1
GO:0010558,"negative regulation of macromolecule biosynthetic process",1.120%,null,null,2.575,-21.7017,0.715,0.983,48523,1
GO:2000113,"negative regulation of cellular macromolecule biosynthetic process",1.120%,null,null,2.575,-17.7590,0.692,0.983,48523,1
GO:0009892,"negative regulation of metabolic process",1.885%,null,null,2.801,-37.5545,0.758,0.827,48523,1
GO:0009890,"negative regulation of biosynthetic process",1.162%,null,null,2.591,-24.1308,0.740,0.919,48523,1
GO:0051172,"negative regulation of nitrogen compound metabolic process",1.120%,null,null,2.575,-22.6566,0.741,0.915,48523,1
GO:0006970,"response to osmotic stress",2.330%, 0.978, 6.664,2.893,-63.2914,0.836,0.314,6970,0
GO:0071214,"cellular response to abiotic stimulus",0.720%,null,null,2.384,-18.2550,0.814,0.535,6970,1
GO:0009637,"response to blue light",0.382%,null,null,2.111,-16.6372,0.869,0.717,6970,1
GO:0009639,"response to red or far red light",1.267%,null,null,2.628,-21.3392,0.851,0.828,6970,1
GO:0009651,"response to salt stress",2.181%,null,null,2.864,-54.1404,0.837,0.613,6970,1
GO:0009266,"response to temperature stimulus",2.841%,null,null,2.979,-62.6490,0.841,0.636,6970,1
GO:0009314,"response to radiation",3.585%,null,null,3.080,-61.8258,0.837,0.693,6970,1
GO:0009416,"response to light stimulus",3.403%,null,null,3.057,-60.3342,0.833,0.670,6970,1
GO:0009409,"response to cold",1.778%,null,null,2.775,-39.4212,0.839,0.597,6970,1
GO:0009408,"response to heat",1.019%,null,null,2.534,-24.2665,0.849,0.803,6970,1
GO:0071482,"cellular response to light stimulus",0.454%,null,null,2.185,-13.1276,0.818,0.731,6970,1
GO:0071478,"cellular response to radiation",0.460%,null,null,2.190,-13.4979,0.817,0.909,6970,1
GO:0048583,"regulation of response to stimulus",2.656%, 6.835, 2.163,2.949,-87.3665,0.738,0.320,48583,0
GO:0048518,"positive regulation of biological process",2.952%, 8.214,-2.227,2.995,-78.0909,0.833,0.323,48518,0
GO:0044249,"cellular biosynthetic process",26.929%,-4.304,-4.858,3.955,-92.5812,0.828,0.332,44249,0
GO:0044711,"single-organism biosynthetic process",11.290%,null,null,3.577,-14.1358,0.837,0.506,44249,1
GO:0009059,"macromolecule biosynthetic process",19.616%,null,null,3.817,-63.2036,0.850,0.601,44249,1
GO:1901576,"organic substance biosynthetic process",27.670%,null,null,3.967,-84.3827,0.864,0.681,44249,1
GO:0048522,"positive regulation of cellular process",2.315%, 8.129,-2.582,2.890,-52.0559,0.760,0.332,48522,0
GO:1902680,"positive regulation of RNA biosynthetic process",1.312%,null,null,2.643,-22.9557,0.689,0.981,48522,1
GO:0031328,"positive regulation of cellular biosynthetic process",1.425%,null,null,2.679,-28.9371,0.716,0.925,48522,1
GO:0031325,"positive regulation of cellular metabolic process",1.580%,null,null,2.724,-34.5828,0.731,0.864,48522,1
GO:0048584,"positive regulation of response to stimulus",0.332%,null,null,2.049,-28.5436,0.740,0.722,48522,1
GO:0051254,"positive regulation of RNA metabolic process",1.314%,null,null,2.644,-22.5200,0.697,0.981,48522,1
GO:0045935,"positive regulation of nucleobase-containing compound metabolic process",1.350%,null,null,2.656,-25.4083,0.710,0.954,48522,1
GO:0010628,"positive regulation of gene expression",1.317%,null,null,2.645,-25.4969,0.740,0.960,48522,1
GO:0010604,"positive regulation of macromolecule metabolic process",1.518%,null,null,2.707,-33.6970,0.740,0.932,48522,1
GO:0010557,"positive regulation of macromolecule biosynthetic process",1.404%,null,null,2.673,-25.9435,0.723,0.938,48522,1
GO:0009893,"positive regulation of metabolic process",1.903%,null,null,2.805,-40.6939,0.768,0.885,48522,1
GO:0009891,"positive regulation of biosynthetic process",1.721%,null,null,2.761,-30.3969,0.742,0.947,48522,1
GO:0051173,"positive regulation of nitrogen compound metabolic process",1.365%,null,null,2.661,-27.9368,0.749,0.921,48522,1
GO:0044710,"single-organism metabolic process",29.627%,-4.404, 1.011,3.996,-43.9334,0.884,0.341,44710,0
GO:0016050,"vesicle organization",0.063%, 5.408,-0.232,1.342,-14.1889,0.925,0.345,16050,0
GO:0051707,"response to other organism",4.899%, 1.928, 7.168,3.215,-54.9849,0.822,0.352,51707,0
GO:0043207,"response to external biotic stimulus",4.899%,null,null,3.215,-55.2499,0.835,0.935,51707,1
GO:0016032,"viral process",0.173%,null,null,1.771,-15.0371,0.932,0.909,51707,1
GO:0044764,"multi-organism cellular process",0.251%,null,null,1.929,-18.7141,0.932,0.561,51707,1
GO:0050832,"defense response to fungus",1.927%,null,null,2.810,-14.6966,0.827,0.824,51707,1
GO:0009620,"response to fungus",2.393%,null,null,2.904,-17.1797,0.837,0.850,51707,1
GO:0009617,"response to bacterium",1.646%,null,null,2.742,-43.3098,0.844,0.805,51707,1
GO:0009615,"response to virus",0.499%,null,null,2.225,-12.4451,0.863,0.690,51707,1
GO:0098542,"defense response to other organism",3.869%,null,null,3.113,-49.3150,0.813,0.915,51707,1
GO:0044419,"interspecies interaction between organisms",0.472%,null,null,2.201,-17.9798,0.965,0.603,51707,1
GO:0044403,"symbiosis, encompassing mutualism through parasitism",0.466%,null,null,2.196,-19.2008,0.962,0.602,51707,1
GO:0042742,"defense response to bacterium",1.174%,null,null,2.595,-43.9736,0.837,0.769,51707,1
GO:0006259,"DNA metabolic process",4.108%,-2.074,-6.593,3.139,-19.5935,0.839,0.353,6259,0
GO:0046777,"protein autophosphorylation",0.442%, 1.875,-7.127,2.173,-15.3869,0.880,0.361,46777,0
GO:0019220,"regulation of phosphate metabolic process",1.240%, 6.442,-4.393,2.619,-19.5403,0.764,0.368,19220,0
GO:0018193,"peptidyl-amino acid modification",0.571%, 0.351,-7.903,2.283,-14.3701,0.886,0.370,18193,0
GO:0043412,"macromolecule modification",13.363%,-1.082,-6.442,3.651,-80.3293,0.902,0.371,43412,0
GO:0051246,"regulation of protein metabolic process",1.476%, 5.253,-5.208,2.695,-15.8441,0.763,0.380,51246,0
GO:0051174,"regulation of phosphorus metabolic process",1.240%, 6.265,-4.276,2.619,-18.9395,0.764,0.388,51174,0
GO:0009611,"response to wounding",0.992%, 0.329, 6.762,2.522,-15.9659,0.867,0.403,9611,0
GO:0007166,"cell surface receptor signaling pathway",0.248%, 6.837, 1.510,1.924,-14.2202,0.719,0.413,7166,0
GO:0010467,"gene expression",18.878%,-1.034,-6.675,3.801,-56.2750,0.895,0.418,10467,0
GO:0050789,"regulation of biological process",23.583%, 7.640,-2.947,3.897,-300.0000,0.790,0.420,50789,0
GO:0019222,"regulation of metabolic process",15.911%,null,null,3.726,-168.6732,0.769,0.609,50789,1
GO:0050794,"regulation of cellular process",20.709%,null,null,3.841,-269.1655,0.736,0.663,50789,1
GO:0042221,"response to chemical",12.637%, 1.609, 7.003,3.626,-239.0476,0.832,0.422,42221,0
GO:0051716,"cellular response to stimulus",12.891%,null,null,3.635,-144.2666,0.784,0.534,42221,1
GO:0006950,"response to stress",14.035%,null,null,3.672,-158.2002,0.829,0.532,42221,1
GO:0009607,"response to biotic stimulus",5.121%, 1.820, 6.576,3.234,-55.5153,0.852,0.425,9607,0
GO:0009117,"nucleotide metabolic process",4.505%, 1.373,-5.166,3.179,-14.6701,0.781,0.426,9117,0
GO:0055086,"nucleobase-containing small molecule metabolic process",4.762%,null,null,3.203,-13.5681,0.793,0.577,9117,1
GO:0006796,"phosphate-containing compound metabolic process",15.245%,null,null,3.708,-67.3109,0.877,0.634,9117,1
GO:0016310,"phosphorylation",8.753%,null,null,3.467,-56.7383,0.889,0.731,9117,1
GO:0019752,"carboxylic acid metabolic process",7.349%,null,null,3.391,-20.3030,0.823,0.914,9117,1
GO:0006753,"nucleoside phosphate metabolic process",4.526%,null,null,3.181,-14.4927,0.781,0.936,9117,1
GO:0043436,"oxoacid metabolic process",7.696%,null,null,3.411,-24.0052,0.822,0.632,9117,1
GO:0006082,"organic acid metabolic process",7.705%,null,null,3.412,-25.4397,0.823,0.691,9117,1
GO:0019538,"protein metabolic process",20.458%,-1.061,-6.813,3.836,-33.1432,0.892,0.431,19538,0
GO:0070647,"protein modification by small protein conjugation or removal",2.495%,-0.793,-7.441,2.922,-22.0458,0.864,0.434,70647,0
GO:0044267,"cellular protein metabolic process",17.435%,null,null,3.766,-42.0362,0.826,0.654,70647,1
GO:0036211,"protein modification process",12.105%,null,null,3.608,-98.0380,0.874,0.826,70647,1
GO:0006464,"cellular protein modification process",12.105%,null,null,3.608,-98.0380,0.827,0.640,70647,1
GO:0006468,"protein phosphorylation",6.044%,null,null,3.306,-49.5142,0.832,0.755,70647,1
GO:0010646,"regulation of cell communication",0.917%, 6.661,-2.666,2.489,-47.2201,0.776,0.439,10646,0
GO:0006979,"response to oxidative stress",2.046%, 0.801, 6.604,2.836,-24.0391,0.856,0.441,6979,0
GO:0006139,"nucleobase-containing compound metabolic process",23.986%,-3.470,-5.287,3.905,-159.2567,0.814,0.449,6139,0
GO:0032774,"RNA biosynthetic process",12.515%,null,null,3.622,-125.9865,0.771,0.659,6139,1
GO:0016070,"RNA metabolic process",16.790%,null,null,3.750,-124.9754,0.794,0.633,6139,1
GO:0044271,"cellular nitrogen compound biosynthetic process",15.105%,null,null,3.704,-66.1884,0.816,0.612,6139,1
GO:0019438,"aromatic compound biosynthetic process",15.777%,null,null,3.723,-138.8118,0.823,0.602,6139,1
GO:0090304,"nucleic acid metabolic process",20.273%,null,null,3.832,-137.5037,0.797,0.672,6139,1
GO:0018130,"heterocycle biosynthetic process",15.239%,null,null,3.708,-143.5206,0.823,0.614,6139,1
GO:1901362,"organic cyclic compound biosynthetic process",16.584%,null,null,3.744,-135.6065,0.855,0.594,6139,1
GO:0034641,"cellular nitrogen compound metabolic process",25.561%,null,null,3.932,-93.7325,0.837,0.662,6139,1
GO:0034654,"nucleobase-containing compound biosynthetic process",13.975%,null,null,3.670,-133.9062,0.793,0.793,6139,1
GO:0034645,"cellular macromolecule biosynthetic process",19.266%,null,null,3.810,-60.6632,0.791,0.703,6139,1
GO:0065008,"regulation of biological quality",5.064%, 7.640,-2.739,3.229,-63.9625,0.834,0.452,65008,0
GO:0009605,"response to external stimulus",6.919%, 1.714, 6.971,3.365,-65.0420,0.846,0.452,9605,0
GO:0009719,"response to endogenous stimulus",6.964%, 1.648, 6.783,3.368,-158.9353,0.846,0.453,9719,0
GO:0045087,"innate immune response",2.512%, 0.973, 6.903,2.925,-22.1891,0.831,0.454,45087,0
GO:0050776,"regulation of immune response",1.210%,null,null,2.609,-12.7543,0.729,0.886,45087,1
GO:0002682,"regulation of immune system process",1.231%,null,null,2.616,-15.7864,0.834,0.855,45087,1
GO:0002252,"immune effector process",0.774%,null,null,2.415,-13.0200,0.977,0.809,45087,1
GO:0006952,"defense response",5.605%,null,null,3.273,-44.0205,0.836,0.514,45087,1
GO:0006955,"immune response",2.524%,null,null,2.927,-22.5224,0.850,0.939,45087,1
GO:0023051,"regulation of signaling",0.905%, 8.234,-1.332,2.483,-48.8646,0.836,0.464,23051,0
GO:0009628,"response to abiotic stimulus",7.983%, 1.858, 7.082,3.427,-182.4793,0.843,0.466,9628,0
GO:0051128,"regulation of cellular component organization",1.123%, 7.106,-2.309,2.576,-20.6889,0.774,0.475,51128,0
GO:0000302,"response to reactive oxygen species",1.365%, 0.700, 7.069,2.661,-15.8388,0.819,0.491,302,0
GO:0032446,"protein modification by small protein conjugation",2.130%,-0.284,-7.375,2.854,-18.0266,0.865,0.492,32446,0
GO:0016567,"protein ubiquitination",2.046%,null,null,2.836,-15.0979,0.865,0.930,32446,1
GO:0016192,"vesicle-mediated transport",2.169%,-3.734, 4.200,2.862,-33.7683,0.919,0.494,16192,0
GO:1903506,"regulation of nucleic acid-templated transcription",3.707%, 4.083,-5.274,3.094,-113.9152,0.662,0.498,1903506,0
GO:0080090,"regulation of primary metabolic process",13.856%,null,null,3.666,-137.7172,0.726,0.782,1903506,1
GO:0031323,"regulation of cellular metabolic process",13.829%,null,null,3.666,-154.6578,0.693,0.586,1903506,1
GO:0031326,"regulation of cellular biosynthetic process",12.341%,null,null,3.616,-125.5133,0.667,0.851,1903506,1
GO:0051252,"regulation of RNA metabolic process",11.630%,null,null,3.590,-116.6527,0.641,0.849,1903506,1
GO:2001141,"regulation of RNA biosynthetic process",11.579%,null,null,3.588,-113.9152,0.628,0.819,1903506,1
GO:0019219,"regulation of nucleobase-containing compound metabolic process",12.401%,null,null,3.618,-119.7675,0.657,0.859,1903506,1
GO:0006366,"transcription from RNA polymerase II promoter",0.299%,null,null,2.004,-19.2490,0.839,0.865,1903506,1
GO:0006357,"regulation of transcription from RNA polymerase II promoter",0.111%,null,null,1.580,-15.5212,0.770,0.780,1903506,1
GO:0045892,"negative regulation of transcription, DNA-templated",1.058%,null,null,2.550,-26.5353,0.664,1.005,1903506,1
GO:0006355,"regulation of transcription, DNA-templated",11.550%,null,null,3.587,-110.0560,0.598,1.857,1903506,1
GO:0006351,"transcription, DNA-templated",12.428%,null,null,3.619,-121.9639,0.730,1.465,1903506,1
GO:0045893,"positive regulation of transcription, DNA-templated",1.300%,null,null,2.639,-22.6251,0.672,1.032,1903506,1
GO:0010556,"regulation of macromolecule biosynthetic process",12.231%,null,null,3.612,-113.4834,0.676,0.862,1903506,1
GO:0010468,"regulation of gene expression",12.727%,null,null,3.630,-120.7263,0.697,0.765,1903506,1
GO:2000112,"regulation of cellular macromolecule biosynthetic process",12.201%,null,null,3.611,-110.2813,0.643,0.866,1903506,1
GO:0060255,"regulation of macromolecule metabolic process",13.563%,null,null,3.657,-144.5682,0.704,0.777,1903506,1
GO:1903508,"positive regulation of nucleic acid-templated transcription",6.929%,null,null,3.365,-22.9557,0.592,1.658,1903506,1
GO:1903507,"negative regulation of nucleic acid-templated transcription",6.929%,null,null,3.365,-31.6889,0.574,1.658,1903506,1
GO:0009889,"regulation of biosynthetic process",12.643%,null,null,3.627,-127.9474,0.716,0.764,1903506,1
GO:0051171,"regulation of nitrogen compound metabolic process",12.479%,null,null,3.621,-120.8497,0.717,0.761,1903506,1
