term_ID,description,frequency,plot_X,plot_Y,plot_size,log10 p-value,uniqueness,dispensability,representative,eliminated
GO:0000003,"reproduction",3.774%, 0.088, 0.470,0.477,-13.1697,1.000,0.000,3,0
GO:0008152,"metabolic process",92.453%, 0.831, 1.428,1.699,-23.8030,1.000,0.000,8152,0
GO:0009987,"cellular process",83.019%, 0.139,-0.379,1.653,-67.8453,0.999,0.000,9987,0
GO:0022402,"cell cycle process",3.774%,-0.131, 6.114,0.477,-83.6140,0.641,0.000,22402,0
GO:0022414,"reproductive process",3.774%,-0.063,-0.126,0.477,-13.1697,0.994,0.000,22414,0
GO:0023052,"signaling",9.434%, 1.044,-1.973,0.778,-14.2025,0.995,0.000,23052,0
GO:0032502,"developmental process",1.887%, 0.340,-0.747,0.301,-5.2657,0.994,0.000,32502,0
GO:0044699,"single-organism process",49.057%, 3.439, 1.467,1.431,-20.2494,0.997,0.000,44699,0
GO:0050896,"response to stimulus",22.642%, 2.002,-0.394,1.114,-30.8056,0.996,0.000,50896,0
GO:0065007,"biological regulation",22.642%,-0.283, 0.421,1.114,-80.0156,0.996,0.000,65007,0
GO:0071704,"organic substance metabolic process",66.038%, 0.577, 2.026,1.556,-25.1390,0.994,0.000,71704,0
GO:0071840,"cellular component organization or biogenesis",1.887%, 1.800, 3.359,0.301,-48.3824,0.994,0.000,71840,0
GO:0006807,"nitrogen compound metabolic process",33.962%, 2.117, 0.210,1.279,-24.9105,0.993,0.008,6807,0
GO:0006974,"cellular response to DNA damage stimulus",1.887%,-4.243, 1.975,0.301,-17.8614,0.916,0.009,6974,0
GO:0016071,"mRNA metabolic process",1.887%, 4.463,-5.726,0.301,-22.1213,0.828,0.009,16071,0
GO:0051276,"chromosome organization",1.887%, 1.824, 2.396,0.301,-61.1256,0.556,0.009,51276,0
GO:0000280,"nuclear division",1.887%,null,null,0.301,-57.3139,0.556,0.981,51276,1
GO:0032270,"positive regulation of cellular protein metabolic process",6.469%,null,null,0.602,-4.4738,0.425,1.283,51276,1
GO:0006323,"DNA packaging",1.887%,null,null,0.301,-15.3348,0.556,0.981,51276,1
GO:0071824,"protein-DNA complex subunit organization",1.887%,null,null,0.301,-9.8010,0.556,0.981,51276,1
GO:0034968,"histone lysine methylation",1.887%,null,null,0.301,-3.8517,0.436,0.981,51276,1
GO:0071826,"ribonucleoprotein complex subunit organization",1.887%,null,null,0.301,-4.8354,0.556,0.981,51276,1
GO:2001251,"negative regulation of chromosome organization",1.889%,null,null,0.301,-5.3248,0.373,1.093,51276,1
GO:2001252,"positive regulation of chromosome organization",1.889%,null,null,0.301,-15.3409,0.332,1.093,51276,1
GO:0016043,"cellular component organization",1.887%,null,null,0.301,-34.9612,0.556,0.981,51276,1
GO:0051247,"positive regulation of protein metabolic process",6.840%,null,null,0.602,-4.4738,0.425,1.437,51276,1
GO:0045840,"positive regulation of mitotic nuclear division",2.066%,null,null,0.301,-13.6173,0.198,1.107,51276,1
GO:0045842,"positive regulation of mitotic metaphase/anaphase transition",1.887%,null,null,0.301,-11.0369,0.147,0.981,51276,1
GO:0022613,"ribonucleoprotein complex biogenesis",1.887%,null,null,0.301,-13.9521,0.563,0.981,51276,1
GO:0022618,"ribonucleoprotein complex assembly",1.887%,null,null,0.301,-4.2482,0.556,0.981,51276,1
GO:1902589,"single-organism organelle organization",4.257%,null,null,0.477,-28.3877,0.460,1.093,51276,1
GO:0044784,"metaphase/anaphase transition of cell cycle",1.887%,null,null,0.301,-14.4787,0.229,0.981,51276,1
GO:0090529,"cell septum assembly",1.943%,null,null,0.301,-6.3654,0.350,1.098,51276,1
GO:0006338,"chromatin remodeling",1.887%,null,null,0.301,-19.5683,0.556,0.981,51276,1
GO:0010639,"negative regulation of organelle organization",2.242%,null,null,0.301,-5.7434,0.362,1.120,51276,1
GO:0006333,"chromatin assembly or disassembly",1.887%,null,null,0.301,-11.0097,0.556,0.981,51276,1
GO:0010638,"positive regulation of organelle organization",1.887%,null,null,0.301,-20.8967,0.333,0.981,51276,1
GO:0006325,"chromatin organization",1.887%,null,null,0.301,-41.7506,0.556,0.981,51276,1
GO:1902275,"regulation of chromatin organization",1.890%,null,null,0.301,-7.1355,0.387,1.093,51276,1
GO:0022603,"regulation of anatomical structure morphogenesis",2.565%,null,null,0.301,-6.2141,0.661,1.021,51276,1
GO:0022604,"regulation of cell morphogenesis",2.565%,null,null,0.301,-6.3194,0.335,1.142,51276,1
GO:0000819,"sister chromatid segregation",1.887%,null,null,0.301,-35.8080,0.360,0.981,51276,1
GO:0051315,"attachment of mitotic spindle microtubules to kinetochore",1.921%,null,null,0.301,-6.0350,0.224,1.096,51276,1
GO:0022607,"cellular component assembly",1.887%,null,null,0.301,-16.9787,0.556,0.981,51276,1
GO:0051785,"positive regulation of nuclear division",1.887%,null,null,0.301,-15.3409,0.280,0.981,51276,1
GO:0051306,"mitotic sister chromatid separation",1.887%,null,null,0.301,-14.4787,0.346,0.981,51276,1
GO:0051783,"regulation of nuclear division",1.887%,null,null,0.301,-30.8614,0.323,0.981,51276,1
GO:0050793,"regulation of developmental process",9.243%,null,null,0.699,-6.7967,0.592,1.434,51276,1
GO:1902101,"positive regulation of metaphase/anaphase transition of cell cycle",2.237%,null,null,0.301,-11.3233,0.190,1.120,51276,1
GO:0044089,"positive regulation of cellular component biogenesis",3.372%,null,null,0.301,-9.0725,0.295,1.190,51276,1
GO:0044085,"cellular component biogenesis",1.887%,null,null,0.301,-25.4493,0.563,0.981,51276,1
GO:0044087,"regulation of cellular component biogenesis",8.507%,null,null,0.699,-13.0269,0.280,1.479,51276,1
GO:0008608,"attachment of spindle microtubules to kinetochore",2.082%,null,null,0.301,-7.6875,0.230,1.108,51276,1
GO:0000902,"cell morphogenesis",1.887%,null,null,0.301,-6.5500,0.491,0.981,51276,1
GO:0032955,"regulation of barrier septum assembly",2.373%,null,null,0.301,-5.3248,0.219,1.129,51276,1
GO:0070828,"heterochromatin organization",1.887%,null,null,0.301,-7.6875,0.556,0.981,51276,1
GO:0000917,"barrier septum assembly",2.077%,null,null,0.301,-5.0391,0.335,1.108,51276,1
GO:0065004,"protein-DNA complex assembly",1.887%,null,null,0.301,-6.5202,0.556,0.981,51276,1
GO:0065003,"macromolecular complex assembly",1.887%,null,null,0.301,-9.7268,0.556,0.981,51276,1
GO:0031401,"positive regulation of protein modification process",3.571%,null,null,0.301,-4.2504,0.428,1.067,51276,1
GO:0030071,"regulation of mitotic metaphase/anaphase transition",1.887%,null,null,0.301,-13.6173,0.160,0.981,51276,1
GO:0048285,"organelle fission",1.887%,null,null,0.301,-56.9844,0.556,0.981,51276,1
GO:0031056,"regulation of histone modification",2.544%,null,null,0.301,-3.6171,0.248,1.141,51276,1
GO:0033045,"regulation of sister chromatid segregation",1.899%,null,null,0.301,-21.1064,0.239,1.094,51276,1
GO:0007131,"reciprocal meiotic recombination",7.412%,null,null,0.602,-7.4114,0.174,1.538,51276,1
GO:0007127,"meiosis I",1.887%,null,null,0.301,-15.6677,0.366,0.981,51276,1
GO:0007126,"meiotic nuclear division",1.887%,null,null,0.301,-18.7317,0.366,0.981,51276,1
GO:0031029,"regulation of septation initiation signaling",2.439%,null,null,0.301,-4.1860,0.163,1.134,51276,1
GO:0031507,"heterochromatin assembly",1.887%,null,null,0.301,-4.6673,0.556,0.981,51276,1
GO:0034728,"nucleosome organization",1.888%,null,null,0.301,-3.7894,0.556,1.093,51276,1
GO:0031497,"chromatin assembly",1.887%,null,null,0.301,-10.2083,0.556,0.981,51276,1
GO:0010458,"exit from mitosis",2.147%,null,null,0.301,-4.9400,0.341,1.113,51276,1
GO:0045132,"meiotic chromosome segregation",2.704%,null,null,0.301,-7.1672,0.336,1.151,51276,1
GO:0043933,"macromolecular complex subunit organization",1.887%,null,null,0.301,-38.0581,0.556,0.981,51276,1
GO:0033044,"regulation of chromosome organization",1.887%,null,null,0.301,-30.3956,0.387,0.981,51276,1
GO:0033043,"regulation of organelle organization",1.887%,null,null,0.301,-40.6532,0.387,0.981,51276,1
GO:0007096,"regulation of exit from mitosis",2.068%,null,null,0.301,-4.9400,0.228,1.107,51276,1
GO:0042254,"ribosome biogenesis",1.887%,null,null,0.301,-7.6712,0.563,0.981,51276,1
GO:0007080,"mitotic metaphase plate congression",1.991%,null,null,0.301,-7.4114,0.314,1.101,51276,1
GO:0000070,"mitotic sister chromatid segregation",1.887%,null,null,0.301,-34.1760,0.348,0.981,51276,1
GO:0007088,"regulation of mitotic nuclear division",1.887%,null,null,0.301,-25.7540,0.234,0.981,51276,1
GO:0007091,"metaphase/anaphase transition of mitotic cell cycle",2.965%,null,null,0.301,-13.6173,0.175,1.167,51276,1
GO:0016573,"histone acetylation",1.887%,null,null,0.301,-6.8995,0.436,0.981,51276,1
GO:0007067,"mitotic nuclear division",1.887%,null,null,0.301,-40.6243,0.353,0.981,51276,1
GO:0016571,"histone methylation",2.830%,null,null,0.301,-3.8517,0.412,1.159,51276,1
GO:0016570,"histone modification",6.065%,null,null,0.602,-18.1039,0.359,1.307,51276,1
GO:0016569,"covalent chromatin modification",1.887%,null,null,0.301,-18.1039,0.556,0.981,51276,1
GO:0031028,"septation initiation signaling",1.887%,null,null,0.301,-5.6097,0.183,0.981,51276,1
GO:0000086,"G2/M transition of mitotic cell cycle",2.027%,null,null,0.301,-9.4104,0.559,0.990,51276,1
GO:0048869,"cellular developmental process",4.735%,null,null,0.477,-5.0986,0.829,1.160,51276,1
GO:0007010,"cytoskeleton organization",2.361%,null,null,0.301,-13.1959,0.545,1.129,51276,1
GO:0071103,"DNA conformation change",1.887%,null,null,0.301,-16.4706,0.556,0.981,51276,1
GO:0071963,"establishment or maintenance of cell polarity regulating cell shape",1.887%,null,null,0.301,-5.7443,0.354,0.981,51276,1
GO:0006996,"organelle organization",1.887%,null,null,0.301,-13.5809,0.556,0.981,51276,1
GO:0032200,"telomere organization",1.888%,null,null,0.301,-3.9809,0.556,1.093,51276,1
GO:0030036,"actin cytoskeleton organization",2.931%,null,null,0.301,-4.6130,0.483,1.165,51276,1
GO:0051128,"regulation of cellular component organization",1.887%,null,null,0.301,-51.2217,0.387,0.981,51276,1
GO:0051130,"positive regulation of cellular component organization",1.887%,null,null,0.301,-30.2899,0.333,0.981,51276,1
GO:0034622,"cellular macromolecular complex assembly",1.887%,null,null,0.301,-3.9403,0.556,0.981,51276,1
GO:0051129,"negative regulation of cellular component organization",3.760%,null,null,0.301,-11.6632,0.326,1.210,51276,1
GO:0000723,"telomere maintenance",5.526%,null,null,0.477,-3.9809,0.215,1.367,51276,1
GO:0008360,"regulation of cell shape",1.887%,null,null,0.301,-5.8610,0.354,0.981,51276,1
GO:1901891,"regulation of cell septum assembly",2.726%,null,null,0.301,-7.0353,0.212,1.153,51276,1
GO:0000226,"microtubule cytoskeleton organization",2.931%,null,null,0.301,-7.0138,0.483,1.165,51276,1
GO:1901893,"positive regulation of cell septum assembly",2.307%,null,null,0.301,-5.6097,0.193,1.125,51276,1
GO:0048522,"positive regulation of cellular process",3.774%,-7.619,-3.146,0.477,-49.8658,0.563,0.010,48522,0
GO:1902680,"positive regulation of RNA biosynthetic process",3.774%,null,null,0.477,-5.9878,0.426,0.962,48522,1
GO:0031328,"positive regulation of cellular biosynthetic process",3.774%,null,null,0.477,-8.1358,0.489,0.962,48522,1
GO:0031325,"positive regulation of cellular metabolic process",3.774%,null,null,0.477,-16.6303,0.504,0.962,48522,1
GO:0051254,"positive regulation of RNA metabolic process",3.774%,null,null,0.477,-6.8581,0.433,0.962,48522,1
GO:0045935,"positive regulation of nucleobase-containing compound metabolic process",3.774%,null,null,0.477,-10.4874,0.460,0.962,48522,1
GO:0010628,"positive regulation of gene expression",3.774%,null,null,0.477,-6.5778,0.484,0.962,48522,1
GO:0045893,"positive regulation of transcription, DNA-templated",3.774%,null,null,0.477,-5.7726,0.416,0.962,48522,1
GO:0010604,"positive regulation of macromolecule metabolic process",3.774%,null,null,0.477,-16.6662,0.489,0.962,48522,1
GO:0045944,"positive regulation of transcription from RNA polymerase II promoter",3.774%,null,null,0.477,-4.1218,0.416,0.962,48522,1
GO:0010557,"positive regulation of macromolecule biosynthetic process",3.774%,null,null,0.477,-8.5520,0.476,0.962,48522,1
GO:0051984,"positive regulation of chromosome segregation",2.748%,null,null,0.301,-14.1915,0.503,0.918,48522,1
GO:0009893,"positive regulation of metabolic process",3.774%,null,null,0.477,-16.6303,0.512,0.962,48522,1
GO:0009891,"positive regulation of biosynthetic process",3.774%,null,null,0.477,-8.1358,0.496,0.962,48522,1
GO:0051173,"positive regulation of nitrogen compound metabolic process",3.774%,null,null,0.477,-10.6220,0.471,0.962,48522,1
GO:0009058,"biosynthetic process",52.830%, 1.144, 2.619,1.462,-5.2000,0.994,0.011,9058,0
GO:0044238,"primary metabolic process",66.038%, 1.710,-0.578,1.556,-23.5806,0.994,0.014,44238,0
GO:0046483,"heterocycle metabolic process",33.962%, 1.419, 1.269,1.279,-67.6757,0.961,0.027,46483,0
GO:0044237,"cellular metabolic process",75.472%, 2.255, 2.912,1.613,-20.7818,0.969,0.046,44237,0
GO:0016310,"phosphorylation",15.094%,-2.035,-0.646,0.954,-5.3579,0.957,0.046,16310,0
GO:1901360,"organic cyclic compound metabolic process",33.962%, 3.620,-1.425,1.279,-60.8185,0.948,0.056,1901360,0
GO:0006725,"cellular aromatic compound metabolic process",33.962%, 0.596, 0.586,1.279,-66.7697,0.961,0.064,6725,0
GO:0044265,"cellular macromolecule catabolic process",1.887%, 3.970,-0.464,0.301,-6.6464,0.899,0.076,44265,0
GO:0043632,"modification-dependent macromolecule catabolic process",1.887%,null,null,0.301,-5.1880,0.899,0.981,44265,1
GO:0006464,"cellular protein modification process",3.774%,-0.197,-3.248,0.477,-15.9178,0.842,0.083,6464,0
GO:0018193,"peptidyl-amino acid modification",3.908%,null,null,0.477,-8.1089,0.841,0.967,6464,1
GO:0018205,"peptidyl-lysine modification",3.774%,null,null,0.477,-12.0248,0.842,0.962,6464,1
GO:0070647,"protein modification by small protein conjugation or removal",3.908%,null,null,0.477,-5.3476,0.841,0.973,6464,1
GO:0018394,"peptidyl-lysine acetylation",3.774%,null,null,0.477,-7.1672,0.842,0.962,6464,1
GO:0018393,"internal peptidyl-lysine acetylation",3.774%,null,null,0.477,-7.1672,0.842,0.962,6464,1
GO:0018022,"peptidyl-lysine methylation",3.774%,null,null,0.477,-4.3950,0.842,0.967,6464,1
GO:0036211,"protein modification process",3.774%,null,null,0.477,-15.9178,0.852,0.962,6464,1
GO:0006475,"internal protein amino acid acetylation",3.774%,null,null,0.477,-7.1672,0.842,0.962,6464,1
GO:0006468,"protein phosphorylation",3.774%,null,null,0.477,-9.8103,0.835,0.962,6464,1
GO:0043412,"macromolecule modification",3.774%, 2.052,-2.567,0.477,-5.7749,0.934,0.092,43412,0
GO:0044767,"single-organism developmental process",1.887%, 1.379, 4.069,0.301,-5.2657,0.883,0.100,44767,0
GO:0051301,"cell division",1.887%,-0.162, 4.896,0.301,-19.1820,0.885,0.142,51301,0
GO:0051310,"metaphase plate congression",3.179%,-0.498, 5.773,0.301,-8.2408,0.758,0.153,51310,0
GO:0007059,"chromosome segregation",4.935%,-1.029, 5.366,0.477,-41.0075,0.869,0.164,7059,0
GO:0043170,"macromolecule metabolic process",52.830%, 4.940,-1.840,1.462,-38.0515,0.942,0.164,43170,0
GO:0030029,"actin filament-based process",4.885%,-0.707, 4.943,0.477,-4.0592,0.870,0.171,30029,0
GO:0007017,"microtubule-based process",4.893%,-0.979, 5.184,0.477,-8.7407,0.870,0.171,7017,0
GO:0007163,"establishment or maintenance of cell polarity",4.893%,-1.355, 5.414,0.477,-6.5500,0.870,0.171,7163,0
GO:0007049,"cell cycle",7.547%,-1.384, 5.552,0.699,-77.7851,0.861,0.184,7049,0
GO:1901576,"organic substance biosynthetic process",49.057%, 3.897,-3.610,1.431,-5.6256,0.910,0.209,1901576,0
GO:0044763,"single-organism cellular process",41.509%,-1.503, 6.183,1.362,-32.3511,0.861,0.210,44763,0
GO:0007154,"cell communication",9.434%,-1.669, 5.744,0.778,-14.3144,0.857,0.224,7154,0
GO:0090304,"nucleic acid metabolic process",22.642%, 2.204,-6.308,1.114,-78.4675,0.816,0.261,90304,0
GO:0044260,"cellular macromolecule metabolic process",52.830%, 1.067,-5.570,1.462,-34.1296,0.873,0.283,44260,0
GO:0006260,"DNA replication",3.774%, 3.574,-5.862,0.477,-17.5909,0.766,0.317,6260,0
GO:0051053,"negative regulation of DNA metabolic process",6.045%,null,null,0.477,-5.8947,0.434,0.988,6260,1
GO:0051052,"regulation of DNA metabolic process",6.886%,null,null,0.602,-14.5284,0.432,0.910,6260,1
GO:0044093,"positive regulation of molecular function",1.887%,-7.103,-3.068,0.301,-7.5056,0.697,0.317,44093,0
GO:0050790,"regulation of catalytic activity",1.887%,null,null,0.301,-4.8461,0.624,0.981,44093,1
GO:0043085,"positive regulation of catalytic activity",1.887%,null,null,0.301,-3.8061,0.547,0.981,44093,1
GO:0051302,"regulation of cell division",1.887%,-7.008,-0.933,0.301,-8.2424,0.538,0.317,51302,0
GO:0060249,"anatomical structure homeostasis",1.887%,-6.768,-3.012,0.301,-3.9809,0.690,0.317,60249,0
GO:0065009,"regulation of molecular function",1.887%,-6.911,-3.171,0.301,-9.5331,0.703,0.317,65009,0
GO:2000241,"regulation of reproductive process",1.887%,-6.859,-3.080,0.301,-9.3623,0.695,0.317,2000241,0
GO:0044702,"single organism reproductive process",12.972%,null,null,0.845,-10.1940,0.879,1.049,2000241,1
GO:2000242,"negative regulation of reproductive process",9.055%,null,null,0.699,-4.7171,0.610,1.419,2000241,1
GO:0007265,"Ras protein signal transduction",1.887%,-6.239,-0.282,0.301,-9.3503,0.617,0.341,7265,0
GO:0046578,"regulation of Ras protein signal transduction",1.887%,null,null,0.301,-5.4868,0.612,0.981,7265,1
GO:0051056,"regulation of small GTPase mediated signal transduction",1.887%,null,null,0.301,-4.5127,0.612,0.981,7265,1
GO:0048518,"positive regulation of biological process",3.774%,-7.573,-3.086,0.477,-49.8143,0.675,0.351,48518,0
GO:0065008,"regulation of biological quality",3.774%,-7.001,-2.965,0.477,-5.8337,0.675,0.351,65008,0
GO:0016458,"gene silencing",4.949%,-5.706,-1.939,0.477,-16.8479,0.507,0.366,16458,0
GO:0006397,"mRNA processing",1.887%, 2.752,-6.258,0.301,-15.3944,0.806,0.371,6397,0
GO:0000956,"nuclear-transcribed mRNA catabolic process",1.887%,null,null,0.301,-5.1803,0.789,0.981,6397,1
GO:0006402,"mRNA catabolic process",1.887%,null,null,0.301,-6.1253,0.789,0.981,6397,1
GO:0006259,"DNA metabolic process",5.660%, 3.303,-6.162,0.602,-28.2352,0.815,0.374,6259,0
GO:0010467,"gene expression",41.509%, 1.026,-5.137,1.362,-11.7179,0.897,0.397,10467,0
GO:0034645,"cellular macromolecule biosynthetic process",41.509%, 1.876,-5.077,1.362,-9.2547,0.846,0.397,34645,0
GO:0006396,"RNA processing",3.774%, 2.448,-6.463,0.477,-5.1439,0.808,0.406,6396,0
GO:0018130,"heterocycle biosynthetic process",13.208%, 4.204,-5.020,0.903,-45.9042,0.863,0.406,18130,0
GO:0019438,"aromatic compound biosynthetic process",13.208%, 4.168,-5.293,0.903,-45.0238,0.863,0.406,19438,0
GO:0044271,"cellular nitrogen compound biosynthetic process",13.208%, 3.720,-5.931,0.903,-5.3524,0.856,0.406,44271,0
GO:1901362,"organic cyclic compound biosynthetic process",13.208%, 3.786,-5.032,0.903,-37.1711,0.864,0.406,1901362,0
GO:0051716,"cellular response to stimulus",18.868%,-5.033, 2.688,1.041,-35.1506,0.907,0.408,51716,0
GO:0009059,"macromolecule biosynthetic process",41.509%, 1.605,-5.543,1.362,-9.1421,0.876,0.413,9059,0
GO:0044249,"cellular biosynthetic process",50.943%, 3.704,-3.759,1.447,-5.1569,0.914,0.434,44249,0
GO:0009057,"macromolecule catabolic process",1.887%, 4.251,-0.218,0.301,-5.7305,0.926,0.443,9057,0
GO:0070887,"cellular response to chemical stimulus",5.660%,-4.554, 2.252,0.602,-3.6889,0.916,0.506,70887,0
GO:0050794,"regulation of cellular process",22.642%,-7.133,-3.060,1.114,-97.1088,0.559,0.512,50794,0
GO:0007264,"small GTPase mediated signal transduction",1.887%,-6.257,-0.237,0.301,-7.9510,0.625,0.539,7264,0
GO:0033554,"cellular response to stress",7.547%,-4.553, 2.070,0.699,-23.5900,0.906,0.541,33554,0
GO:0071214,"cellular response to abiotic stimulus",7.547%,-4.702, 2.509,0.699,-4.3706,0.913,0.541,71214,0
GO:0051174,"regulation of phosphorus metabolic process",1.887%,-6.376,-3.475,0.301,-4.9220,0.618,0.554,51174,0
GO:0051246,"regulation of protein metabolic process",1.887%,-6.568,-4.094,0.301,-10.9388,0.600,0.554,51246,0
GO:0032774,"RNA biosynthetic process",13.208%, 2.769,-6.371,0.903,-55.3870,0.744,0.555,32774,0
GO:0006139,"nucleobase-containing compound metabolic process",33.962%, 4.043,-5.432,1.279,-68.5452,0.819,0.556,6139,0
GO:0016070,"RNA metabolic process",16.981%, 2.800,-6.474,1.000,-52.4629,0.775,0.605,16070,0
GO:1902531,"regulation of intracellular signal transduction",4.717%,-6.031,-0.088,0.477,-7.1258,0.571,0.609,1902531,0
GO:0009966,"regulation of signal transduction",9.434%,null,null,0.778,-6.9050,0.524,1.026,1902531,1
GO:0009628,"response to abiotic stimulus",12.197%,-4.648, 2.345,0.845,-6.7815,0.930,0.609,9628,0
GO:0006950,"response to stress",13.208%,-4.354, 1.987,0.903,-22.7386,0.929,0.622,6950,0
GO:0048583,"regulation of response to stimulus",11.053%,-6.753,-1.998,0.778,-13.2550,0.594,0.623,48583,0
GO:0019222,"regulation of metabolic process",11.321%,-7.184,-3.096,0.845,-55.7342,0.615,0.627,19222,0
GO:0051726,"regulation of cell cycle",1.887%,-6.317, 1.042,0.301,-52.2941,0.508,0.659,51726,0
GO:1903047,"mitotic cell cycle process",1.887%, 0.247, 6.126,0.301,-78.1150,0.587,0.659,1903047,0
GO:0034641,"cellular nitrogen compound metabolic process",33.962%, 3.176,-5.526,1.279,-28.0586,0.841,0.660,34641,0
GO:0048523,"negative regulation of cellular process",14.151%,-7.423,-3.223,0.903,-51.3274,0.586,0.668,48523,0
GO:0080135,"regulation of cellular response to stress",4.759%,-6.440,-1.894,0.477,-6.2606,0.614,0.681,80135,0
GO:0080134,"regulation of response to stress",7.547%,-6.457,-2.002,0.699,-6.2606,0.602,0.696,80134,0
GO:0000278,"mitotic cell cycle",3.145%,-0.406, 6.721,0.301,-82.3579,0.649,0.709,278,0
GO:0030702,"chromatin silencing at centromere",4.949%,-3.163,-4.070,0.477,-9.8667,0.429,0.711,30702,0
GO:0006366,"transcription from RNA polymerase II promoter",7.547%,null,null,0.699,-28.8725,0.742,1.176,30702,1
GO:0006357,"regulation of transcription from RNA polymerase II promoter",7.547%,null,null,0.699,-21.1733,0.434,1.176,30702,1
GO:0006360,"transcription from RNA polymerase I promoter",5.984%,null,null,0.602,-4.1231,0.752,1.119,30702,1
GO:0045892,"negative regulation of transcription, DNA-templated",5.391%,null,null,0.477,-17.9146,0.451,1.096,30702,1
GO:0006355,"regulation of transcription, DNA-templated",9.434%,null,null,0.778,-37.4655,0.415,1.236,30702,1
GO:0006351,"transcription, DNA-templated",13.208%,null,null,0.903,-53.6739,0.713,1.077,30702,1
GO:0006342,"chromatin silencing",5.391%,null,null,0.477,-17.6823,0.423,1.096,30702,1
GO:0030466,"chromatin silencing at silent mating-type cassette",4.949%,null,null,0.477,-5.2132,0.429,0.951,30702,1
GO:1903508,"positive regulation of nucleic acid-templated transcription",10.377%,null,null,0.778,-5.7726,0.333,1.263,30702,1
GO:1903507,"negative regulation of nucleic acid-templated transcription",10.377%,null,null,0.778,-17.9146,0.399,1.263,30702,1
GO:1903506,"regulation of nucleic acid-templated transcription",8.491%,null,null,0.699,-37.4655,0.426,1.207,30702,1
GO:0097659,"nucleic acid-templated transcription",5.660%, 2.942,-6.030,0.602,-53.6739,0.779,0.718,97659,0
GO:0048519,"negative regulation of biological process",20.231%,-7.344,-3.093,1.041,-52.7176,0.576,0.745,48519,0
GO:0006261,"DNA-dependent DNA replication",1.887%, 4.299,-5.812,0.301,-17.5909,0.782,0.748,6261,0
GO:0006281,"DNA repair",1.887%, 3.256,-2.090,0.301,-11.7566,0.671,0.748,6281,0
GO:0006302,"double-strand break repair",1.887%,null,null,0.301,-6.4789,0.671,0.981,6281,1
GO:0000724,"double-strand break repair via homologous recombination",1.887%,null,null,0.301,-5.7607,0.669,0.981,6281,1
GO:0045814,"negative regulation of gene expression, epigenetic",5.391%,-6.034,-4.414,0.477,-17.6823,0.537,0.769,45814,0
GO:0050789,"regulation of biological process",22.642%,-7.114,-3.085,1.114,-94.8198,0.567,0.774,50789,0
GO:0035556,"intracellular signal transduction",9.434%,-5.967, 0.177,0.778,-14.8627,0.533,0.790,35556,0
GO:0044700,"single organism signaling",9.434%,null,null,0.778,-14.3670,0.862,0.906,35556,1
GO:0023051,"regulation of signaling",9.998%,null,null,0.778,-6.4480,0.604,0.917,35556,1
GO:0007165,"signal transduction",9.434%,null,null,0.778,-14.3670,0.533,0.906,35556,1
GO:0019219,"regulation of nucleobase-containing compound metabolic process",9.434%,-4.048,-5.108,0.778,-52.1571,0.472,0.797,19219,0
GO:0051252,"regulation of RNA metabolic process",9.434%,null,null,0.778,-38.5161,0.439,0.906,19219,1
GO:0040029,"regulation of gene expression, epigenetic",8.326%,-5.662,-4.336,0.699,-17.9442,0.511,0.797,40029,0
GO:0010646,"regulation of cell communication",5.320%,-6.836,-0.432,0.477,-7.3303,0.595,0.808,10646,0
GO:0006310,"DNA recombination",3.608%, 4.195,-5.951,0.301,-12.8390,0.774,0.821,6310,0
GO:0000075,"cell cycle checkpoint",1.887%, 0.075, 6.424,0.301,-11.6098,0.602,0.824,75,0
GO:0031570,"DNA integrity checkpoint",1.887%, 0.152, 6.337,0.301,-7.6061,0.596,0.824,31570,0
GO:0044773,"mitotic DNA damage checkpoint",2.004%,null,null,0.301,-5.3248,0.358,1.116,31570,1
GO:0000018,"regulation of DNA recombination",6.118%,null,null,0.477,-3.8517,0.441,1.187,31570,1
GO:0035825,"reciprocal DNA recombination",7.412%,null,null,0.602,-7.4114,0.743,1.129,31570,1
GO:0000077,"DNA damage checkpoint",1.887%,null,null,0.301,-5.6097,0.554,0.981,31570,1
GO:0000725,"recombinational repair",4.650%,null,null,0.477,-5.5680,0.626,1.107,31570,1
GO:0098813,"nuclear chromosome segregation",2.516%,-0.589, 6.620,0.301,-41.0075,0.577,0.824,98813,0
GO:0044770,"cell cycle phase transition",2.013%,-0.186, 6.711,0.301,-35.2516,0.596,0.831,44770,0
GO:1903046,"meiotic cell cycle process",2.021%, 0.212, 6.134,0.301,-13.2916,0.594,0.832,1903046,0
GO:0051253,"negative regulation of RNA metabolic process",6.673%,-3.354,-5.275,0.602,-17.5769,0.458,0.844,51253,0
GO:0007346,"regulation of mitotic cell cycle",1.887%,-6.256, 1.056,0.301,-47.0547,0.424,0.844,7346,0
GO:0000281,"mitotic cytokinesis",1.887%,null,null,0.301,-16.1184,0.539,0.981,7346,1
GO:0090068,"positive regulation of cell cycle process",1.887%,null,null,0.301,-23.0218,0.359,0.981,7346,1
GO:0045930,"negative regulation of mitotic cell cycle",1.887%,null,null,0.301,-28.6478,0.414,0.981,7346,1
GO:0045931,"positive regulation of mitotic cell cycle",1.887%,null,null,0.301,-23.0603,0.373,0.981,7346,1
GO:0044774,"mitotic DNA integrity checkpoint",1.997%,null,null,0.301,-7.3206,0.385,1.030,7346,1
GO:0051781,"positive regulation of cell division",2.288%,null,null,0.301,-6.1797,0.462,1.015,7346,1
GO:1902099,"regulation of metaphase/anaphase transition of cell cycle",1.887%,null,null,0.301,-14.4787,0.229,0.981,7346,1
GO:0010564,"regulation of cell cycle process",1.887%,null,null,0.301,-42.7043,0.409,0.981,7346,1
GO:0032954,"regulation of cytokinetic process",1.988%,null,null,0.301,-5.8333,0.390,1.029,7346,1
GO:0000910,"cytokinesis",2.035%,null,null,0.301,-16.3782,0.553,0.991,7346,1
GO:0032465,"regulation of cytokinesis",1.913%,null,null,0.301,-6.8995,0.392,1.024,7346,1
GO:0032467,"positive regulation of cytokinesis",1.942%,null,null,0.301,-5.6097,0.345,1.026,7346,1
GO:0000916,"actomyosin contractile ring contraction",1.941%,null,null,0.301,-6.7500,0.555,0.994,7346,1
GO:1902749,"regulation of cell cycle G2/M phase transition",1.919%,null,null,0.301,-9.4104,0.405,1.024,7346,1
GO:1902750,"negative regulation of cell cycle G2/M phase transition",2.077%,null,null,0.301,-9.0343,0.390,1.035,7346,1
GO:1901987,"regulation of cell cycle phase transition",1.887%,null,null,0.301,-33.2869,0.407,0.981,7346,1
GO:1901988,"negative regulation of cell cycle phase transition",1.887%,null,null,0.301,-14.1915,0.396,0.981,7346,1
GO:0010965,"regulation of mitotic sister chromatid separation",1.887%,null,null,0.301,-13.9043,0.230,1.022,7346,1
GO:0033047,"regulation of mitotic sister chromatid segregation",1.887%,null,null,0.301,-19.9508,0.230,1.022,7346,1
GO:0010972,"negative regulation of G2/M transition of mitotic cell cycle",2.114%,null,null,0.301,-9.0343,0.382,1.038,7346,1
GO:0032506,"cytokinetic process",2.033%,null,null,0.301,-11.5247,0.553,1.000,7346,1
GO:1902412,"regulation of mitotic cytokinesis",1.909%,null,null,0.301,-6.8995,0.385,1.024,7346,1
GO:1902410,"mitotic cytokinetic process",1.996%,null,null,0.301,-11.0146,0.536,0.998,7346,1
GO:1901990,"regulation of mitotic cell cycle phase transition",1.887%,null,null,0.301,-32.4474,0.399,0.981,7346,1
GO:1901989,"positive regulation of cell cycle phase transition",1.909%,null,null,0.301,-13.1624,0.355,1.024,7346,1
GO:0031991,"regulation of actomyosin contractile ring contraction",2.152%,null,null,0.301,-5.8947,0.385,1.040,7346,1
GO:1901992,"positive regulation of mitotic cell cycle phase transition",2.210%,null,null,0.301,-12.8922,0.339,1.044,7346,1
GO:1901991,"negative regulation of mitotic cell cycle phase transition",2.246%,null,null,0.301,-13.6173,0.378,1.046,7346,1
GO:0061640,"cytoskeleton-dependent cytokinesis",1.887%,null,null,0.301,-16.1184,0.557,0.981,7346,1
GO:0010948,"negative regulation of cell cycle process",1.962%,null,null,0.301,-21.9600,0.396,1.027,7346,1
GO:0007093,"mitotic cell cycle checkpoint",2.007%,null,null,0.301,-11.0369,0.385,1.030,7346,1
GO:1901970,"positive regulation of mitotic sister chromatid separation",1.887%,null,null,0.301,-11.0369,0.201,1.022,7346,1
GO:0051445,"regulation of meiotic cell cycle",1.887%,null,null,0.301,-4.2849,0.432,0.981,7346,1
GO:1903436,"regulation of mitotic cytokinetic process",2.439%,null,null,0.301,-5.8333,0.369,1.058,7346,1
GO:1903438,"positive regulation of mitotic cytokinetic process",2.439%,null,null,0.301,-5.6097,0.323,1.058,7346,1
GO:0010389,"regulation of G2/M transition of mitotic cell cycle",2.114%,null,null,0.301,-9.4104,0.392,1.038,7346,1
GO:0036213,"contractile ring contraction",1.941%,null,null,0.301,-6.7500,0.555,0.994,7346,1
GO:1903490,"positive regulation of mitotic cytokinesis",2.154%,null,null,0.301,-5.6097,0.332,1.040,7346,1
GO:0045787,"positive regulation of cell cycle",2.575%,null,null,0.301,-24.6911,0.364,1.066,7346,1
GO:0045786,"negative regulation of cell cycle",2.594%,null,null,0.301,-29.9565,0.406,1.022,7346,1
GO:0044772,"mitotic cell cycle phase transition",1.887%,-0.157, 6.702,0.301,-34.4086,0.559,0.844,44772,0
GO:0044839,"cell cycle G2/M phase transition",1.891%,null,null,0.301,-9.4104,0.582,0.964,44772,1
GO:0048585,"negative regulation of response to stimulus",12.800%,-6.710,-2.011,0.845,-3.9022,0.566,0.844,48585,0
GO:0051304,"chromosome separation",2.388%,-0.520, 6.504,0.301,-17.0673,0.580,0.850,51304,0
GO:0009889,"regulation of biosynthetic process",9.434%,-5.883,-4.067,0.778,-45.4703,0.523,0.851,9889,0
GO:0010468,"regulation of gene expression",9.434%,-5.609,-4.386,0.778,-37.1888,0.505,0.851,10468,0
GO:0051171,"regulation of nitrogen compound metabolic process",9.434%,-4.397,-4.869,0.778,-50.0146,0.493,0.851,51171,0
GO:0080090,"regulation of primary metabolic process",11.321%,-7.086,-3.514,0.845,-56.0832,0.512,0.851,80090,0
GO:2000112,"regulation of cellular macromolecule biosynthetic process",9.434%,-5.027,-4.565,0.778,-46.2862,0.487,0.851,2000112,0
GO:0031326,"regulation of cellular biosynthetic process",9.434%,null,null,0.778,-45.2387,0.507,0.906,2000112,1
GO:2001141,"regulation of RNA biosynthetic process",9.434%,null,null,0.778,-37.6970,0.430,0.906,2000112,1
GO:0010556,"regulation of macromolecule biosynthetic process",9.434%,null,null,0.778,-46.2862,0.491,0.906,2000112,1
GO:0051303,"establishment of chromosome localization",5.660%, 1.609, 2.897,0.602,-10.6835,0.923,0.862,51303,0
GO:0032880,"regulation of protein localization",5.349%,null,null,0.477,-6.1797,0.609,0.947,51303,1
GO:0032879,"regulation of localization",9.040%,null,null,0.699,-5.3453,0.577,1.027,51303,1
GO:0034502,"protein localization to chromosome",5.660%,null,null,0.602,-4.1231,0.922,0.956,51303,1
GO:1903827,"regulation of cellular protein localization",5.349%,null,null,0.477,-5.8947,0.603,0.934,51303,1
GO:0033036,"macromolecule localization",6.505%,null,null,0.602,-3.9400,0.921,1.055,51303,1
GO:0050000,"chromosome localization",5.660%,null,null,0.602,-11.2295,0.923,0.943,51303,1
GO:0060341,"regulation of cellular localization",5.349%,null,null,0.477,-9.0343,0.603,0.934,51303,1
GO:0051656,"establishment of organelle localization",5.660%,null,null,0.602,-9.4360,0.923,0.943,51303,1
GO:0051641,"cellular localization",5.660%,null,null,0.602,-7.8416,0.923,0.943,51303,1
GO:0051640,"organelle localization",5.660%,null,null,0.602,-9.9672,0.923,0.943,51303,1
GO:0034654,"nucleobase-containing compound biosynthetic process",13.208%, 3.283,-5.513,0.903,-46.5777,0.798,0.868,34654,0
GO:0000377,"RNA splicing, via transesterification reactions with bulged adenosine as nucleophile",3.774%, 2.516,-6.666,0.477,-12.4663,0.791,0.870,377,0
GO:0000375,"RNA splicing, via transesterification reactions",3.774%,null,null,0.477,-11.9673,0.791,1.189,377,1
GO:0000398,"mRNA splicing, via spliceosome",1.887%,null,null,0.301,-12.4663,0.804,1.075,377,1
GO:0045292,"mRNA cis splicing, via spliceosome",1.887%,null,null,0.301,-10.7626,0.804,1.075,377,1
GO:0008380,"RNA splicing",1.887%, 2.762,-6.275,0.301,-11.1920,0.814,0.870,8380,0
GO:0031399,"regulation of protein modification process",1.887%,-6.201,-3.876,0.301,-11.2119,0.537,0.870,31399,0
GO:0001932,"regulation of protein phosphorylation",1.887%,null,null,0.301,-5.0809,0.531,0.981,31399,1
GO:0032268,"regulation of cellular protein metabolic process",1.887%,null,null,0.301,-10.5082,0.577,0.981,31399,1
GO:0019220,"regulation of phosphate metabolic process",1.887%,null,null,0.301,-4.9220,0.614,0.981,31399,1
GO:0042325,"regulation of phosphorylation",1.887%,null,null,0.301,-4.7079,0.613,0.981,31399,1
GO:0033260,"nuclear DNA replication",2.895%, 3.810,-0.024,0.301,-11.2605,0.439,0.873,33260,0
GO:0006270,"DNA replication initiation",3.452%,null,null,0.301,-6.7500,0.754,1.212,33260,1
GO:0006275,"regulation of DNA replication",6.366%,null,null,0.602,-5.0400,0.428,1.002,33260,1
GO:1902315,"nuclear cell cycle DNA replication initiation",1.996%,null,null,0.301,-6.7500,0.461,1.045,33260,1
GO:0044786,"cell cycle DNA replication",2.669%,null,null,0.301,-11.2605,0.444,1.087,33260,1
GO:1902292,"cell cycle DNA replication initiation",4.689%,null,null,0.477,-6.7500,0.406,1.180,33260,1
GO:0045005,"DNA-dependent DNA replication maintenance of fidelity",3.696%,null,null,0.301,-3.9889,0.751,1.225,33260,1
GO:0090329,"regulation of DNA-dependent DNA replication",3.060%,null,null,0.301,-5.0400,0.473,1.190,33260,1
GO:1902969,"mitotic DNA replication",1.996%,null,null,0.301,-10.0006,0.431,1.045,33260,1
GO:1902975,"mitotic DNA replication initiation",1.997%,null,null,0.301,-5.6097,0.431,1.045,33260,1
GO:0051321,"meiotic cell cycle",3.774%,-0.528, 6.501,0.477,-9.7952,0.635,0.879,51321,0
GO:0031323,"regulation of cellular metabolic process",11.321%,-7.108,-3.503,0.845,-55.5776,0.513,0.887,31323,0
GO:0060255,"regulation of macromolecule metabolic process",11.321%,-5.853,-4.147,0.845,-55.9837,0.494,0.887,60255,0
GO:0031324,"negative regulation of cellular metabolic process",16.167%,null,null,0.954,-25.6555,0.472,1.231,60255,1
GO:0031327,"negative regulation of cellular biosynthetic process",12.019%,null,null,0.845,-22.6406,0.477,1.125,60255,1
GO:0045934,"negative regulation of nucleobase-containing compound metabolic process",11.590%,null,null,0.845,-24.9358,0.445,1.113,60255,1
GO:0010629,"negative regulation of gene expression",11.770%,null,null,0.845,-18.1693,0.480,1.118,60255,1
GO:0010605,"negative regulation of macromolecule metabolic process",18.868%,null,null,1.041,-26.3036,0.445,1.295,60255,1
GO:0010558,"negative regulation of macromolecule biosynthetic process",14.465%,null,null,0.903,-23.2411,0.451,1.189,60255,1
GO:2000113,"negative regulation of cellular macromolecule biosynthetic process",12.579%,null,null,0.845,-23.2411,0.453,1.140,60255,1
GO:0009892,"negative regulation of metabolic process",26.828%,null,null,1.176,-25.5672,0.441,1.106,60255,1
GO:0009890,"negative regulation of biosynthetic process",17.387%,null,null,1.000,-22.6406,0.460,1.261,60255,1
GO:0051172,"negative regulation of nitrogen compound metabolic process",14.709%,null,null,0.903,-24.5207,0.444,1.195,60255,1
GO:0051983,"regulation of chromosome segregation",5.063%,-6.573,-0.246,0.477,-21.3954,0.559,0.889,51983,0
GO:1902679,"negative regulation of RNA biosynthetic process",7.285%,-3.101,-5.260,0.602,-17.9146,0.440,0.898,1902679,0
