term_ID,description,frequency,plot_X,plot_Y,plot_size,log10 p-value,uniqueness,dispensability,representative,eliminated
GO:0000003,"reproduction",2.285%, 1.157, 0.272,1.255,-29.7645,1.000,0.000,3,0
GO:0006950,"response to stress",3.360%, 2.011,-2.812,1.415,-58.6934,0.939,0.000,6950,0
GO:0006996,"organelle organization",2.957%, 5.424,-3.269,1.362,-98.3303,0.851,0.000,6996,0
GO:0008152,"metabolic process",80.780%, 2.427, 0.333,2.780,-124.1546,0.999,0.000,8152,0
GO:0009987,"cellular process",75.538%, 1.946, 0.404,2.751,-300.0000,0.999,0.000,9987,0
GO:0019953,"sexual reproduction",2.285%, 2.827, 0.274,1.255,-7.8971,0.943,0.000,19953,0
GO:0044703,"multi-organism reproductive process",2.285%,null,null,1.255,-7.8971,0.966,0.977,19953,1
GO:0044702,"single organism reproductive process",19.288%,null,null,2.158,-17.9394,0.918,1.361,19953,1
GO:0044764,"multi-organism cellular process",4.032%,null,null,1.491,-7.5577,0.950,0.882,19953,1
GO:0032505,"reproduction of a single-celled organism",2.134%,null,null,1.204,-6.3195,0.966,0.968,19953,1
GO:0000746,"conjugation",2.285%,null,null,1.255,-6.7145,0.953,0.882,19953,1
GO:0000747,"conjugation with cellular fusion",2.285%,null,null,1.255,-6.6095,0.921,0.977,19953,1
GO:0022414,"reproductive process",2.285%,-0.027,-0.099,1.255,-28.0866,0.994,0.000,22414,0
GO:0023052,"signaling",4.301%, 1.786,-1.935,1.519,-26.4838,0.995,0.000,23052,0
GO:0032502,"developmental process",21.579%, 1.389, 0.273,2.207,-11.3222,0.996,0.000,32502,0
GO:0040007,"growth",21.579%,-0.652, 0.869,2.207,-10.7273,0.996,0.000,40007,0
GO:0044699,"single-organism process",58.871%, 2.106,-2.208,2.642,-277.8840,0.998,0.000,44699,0
GO:0050896,"response to stimulus",7.930%, 0.166,-2.977,1.778,-93.7151,0.995,0.000,50896,0
GO:0051179,"localization",16.263%,-0.441,-0.097,2.086,-115.5559,0.995,0.000,51179,0
GO:0051641,"cellular localization",0.538%, 3.770, 4.596,0.699,-82.3294,0.921,0.000,51641,0
GO:0065007,"biological regulation",12.097%, 1.775, 0.211,1.959,-167.9162,0.995,0.000,65007,0
GO:0065008,"regulation of biological quality",0.134%, 2.023,-7.552,0.301,-34.4373,0.797,0.000,65008,0
GO:0071704,"organic substance metabolic process",68.548%, 2.325, 2.007,2.708,-116.0566,0.968,0.000,71704,0
GO:0071840,"cellular component organization or biogenesis",11.290%, 1.953,-2.050,1.929,-159.7674,0.995,0.000,71840,0
GO:0071554,"cell wall organization or biogenesis",0.134%, 0.870, 0.211,0.301,-7.3495,0.978,0.014,71554,0
GO:0006464,"cellular protein modification process",0.403%,-4.541,-5.076,0.602,-63.9307,0.830,0.015,6464,0
GO:0018193,"peptidyl-amino acid modification",0.202%,null,null,0.301,-13.3790,0.841,0.937,6464,1
GO:0018205,"peptidyl-lysine modification",0.202%,null,null,0.301,-7.8807,0.841,0.937,6464,1
GO:0070647,"protein modification by small protein conjugation or removal",0.134%,null,null,0.301,-17.4310,0.846,0.906,6464,1
GO:0032446,"protein modification by small protein conjugation",0.134%,null,null,0.301,-13.0150,0.845,0.906,6464,1
GO:0016567,"protein ubiquitination",0.134%,null,null,0.301,-10.2400,0.845,0.999,6464,1
GO:0036211,"protein modification process",0.403%,null,null,0.602,-63.9307,0.865,0.901,6464,1
GO:0006468,"protein phosphorylation",0.269%,null,null,0.477,-19.6493,0.809,0.961,6464,1
GO:0007049,"cell cycle",0.403%, 0.512, 0.168,0.602,-53.9248,0.947,0.015,7049,0
GO:0006629,"lipid metabolic process",0.403%,-1.018, 3.196,0.602,-14.7790,0.937,0.040,6629,0
GO:0009056,"catabolic process",19.489%, 0.061,-1.897,2.164,-31.1958,0.975,0.041,9056,0
GO:0016310,"phosphorylation",3.226%,-2.088,-3.203,1.398,-28.7111,0.898,0.045,16310,0
GO:0006732,"coenzyme metabolic process",1.075%, 2.205, 0.432,0.954,-9.6772,0.940,0.051,6732,0
GO:0051188,"cofactor biosynthetic process",1.478%,null,null,1.079,-7.3239,0.892,0.859,6732,1
GO:0007017,"microtubule-based process",0.134%, 0.246, 0.294,0.301,-8.5505,0.952,0.053,7017,0
GO:0022402,"cell cycle process",0.134%,-0.204, 0.186,0.301,-48.6217,0.861,0.053,22402,0
GO:0000278,"mitotic cell cycle",0.134%,null,null,0.301,-34.6465,0.861,0.830,22402,1
GO:0098813,"nuclear chromosome segregation",1.148%,null,null,0.954,-16.0335,0.815,1.192,22402,1
GO:0051726,"regulation of cell cycle",6.218%,null,null,1.672,-25.4025,0.533,1.730,22402,1
GO:0044772,"mitotic cell cycle phase transition",0.134%,null,null,0.301,-14.5226,0.847,0.999,22402,1
GO:0044770,"cell cycle phase transition",0.388%,null,null,0.477,-14.5226,0.833,1.318,22402,1
GO:0007346,"regulation of mitotic cell cycle",0.134%,null,null,0.301,-12.3202,0.687,0.999,22402,1
GO:0051321,"meiotic cell cycle",1.984%,null,null,1.176,-14.2155,0.806,1.309,22402,1
GO:0010564,"regulation of cell cycle process",0.134%,null,null,0.301,-16.6155,0.680,0.999,22402,1
GO:1901987,"regulation of cell cycle phase transition",0.134%,null,null,0.301,-6.3273,0.680,1.192,22402,1
GO:0007127,"meiosis I",0.134%,null,null,0.301,-6.8794,0.732,1.192,22402,1
GO:0007126,"meiotic nuclear division",0.134%,null,null,0.301,-14.6464,0.732,1.192,22402,1
GO:1901990,"regulation of mitotic cell cycle phase transition",0.134%,null,null,0.301,-6.3273,0.679,1.192,22402,1
GO:0010948,"negative regulation of cell cycle process",0.346%,null,null,0.477,-6.0978,0.651,1.303,22402,1
GO:0000075,"cell cycle checkpoint",0.134%,null,null,0.301,-6.4421,0.853,1.192,22402,1
GO:0007067,"mitotic nuclear division",0.134%,null,null,0.301,-15.6846,0.742,1.192,22402,1
GO:1903047,"mitotic cell cycle process",0.134%,null,null,0.301,-32.4002,0.847,0.830,22402,1
GO:1903046,"meiotic cell cycle process",0.346%,null,null,0.477,-13.7276,0.823,1.303,22402,1
GO:0045786,"negative regulation of cell cycle",2.818%,null,null,1.322,-10.3555,0.578,1.466,22402,1
GO:0030029,"actin filament-based process",0.134%,-0.705,-0.018,0.301,-9.1099,0.952,0.053,30029,0
GO:0009058,"biosynthetic process",32.258%, 0.978,-2.476,2.382,-30.1611,0.973,0.054,9058,0
GO:0051186,"cofactor metabolic process",2.151%,-0.201,-0.025,1.230,-9.4755,0.939,0.055,51186,0
GO:1901360,"organic cyclic compound metabolic process",40.457%,-1.754, 0.306,2.480,-112.1850,0.942,0.064,1901360,0
GO:0006807,"nitrogen compound metabolic process",44.086%, 0.253,-2.710,2.517,-36.7769,0.971,0.069,6807,0
GO:0044255,"cellular lipid metabolic process",0.134%, 1.015, 3.486,0.301,-13.3275,0.921,0.074,44255,0
GO:0008610,"lipid biosynthetic process",0.269%,null,null,0.477,-7.9420,0.895,0.876,44255,1
GO:0007154,"cell communication",4.301%,-1.226, 3.008,1.519,-32.3422,0.930,0.074,7154,0
GO:1901135,"carbohydrate derivative metabolic process",16.801%, 1.816,-1.175,2.100,-16.9871,0.952,0.088,1901135,0
GO:0006725,"cellular aromatic compound metabolic process",39.919%,-4.740, 1.695,2.474,-105.7653,0.897,0.093,6725,0
GO:0007059,"chromosome segregation",2.554%,-1.136, 1.865,1.301,-20.4684,0.934,0.095,7059,0
GO:0051301,"cell division",2.688%,-0.197, 3.477,1.322,-9.4462,0.934,0.095,51301,0
GO:0007163,"establishment or maintenance of cell polarity",2.880%,-1.070, 2.548,1.342,-6.6333,0.933,0.096,7163,0
GO:0048869,"cellular developmental process",2.880%,-0.448, 2.615,1.342,-10.1441,0.931,0.096,48869,0
GO:0044238,"primary metabolic process",64.651%, 3.253, 2.100,2.683,-94.3263,0.969,0.101,44238,0
GO:0015980,"energy derivation by oxidation of organic compounds",3.495%,-1.694, 5.015,1.431,-9.1297,0.896,0.101,15980,0
GO:0044763,"single-organism cellular process",51.478%,-0.305, 6.778,2.584,-243.7633,0.908,0.114,44763,0
GO:0043412,"macromolecule modification",0.672%,-4.196,-3.794,0.778,-25.3367,0.914,0.115,43412,0
GO:0006091,"generation of precursor metabolites and energy",7.661%,-2.301, 0.701,1.763,-11.8813,0.927,0.116,6091,0
GO:0044237,"cellular metabolic process",60.215%, 2.192, 3.309,2.652,-110.7446,0.942,0.117,44237,0
GO:0043170,"macromolecule metabolic process",37.769%,-2.211, 0.827,2.450,-58.8003,0.943,0.126,43170,0
GO:0006793,"phosphorus metabolic process",19.758%,-4.575, 1.892,2.170,-41.7391,0.913,0.159,6793,0
GO:0097659,"nucleic acid-templated transcription",4.032%,-7.544,-1.828,1.491,-55.1986,0.736,0.182,97659,0
GO:0030447,"filamentous growth",22.121%, 0.170, 5.527,2.217,-6.7557,0.947,0.201,30447,0
GO:1901137,"carbohydrate derivative biosynthetic process",1.882%,-5.480, 3.612,1.176,-11.5992,0.894,0.217,1901137,0
GO:0046483,"heterocycle metabolic process",40.457%,-4.920, 1.689,2.480,-105.6948,0.897,0.221,46483,0
GO:0044281,"small molecule metabolic process",31.586%,-1.528, 6.046,2.373,-46.9931,0.903,0.240,44281,0
GO:0044265,"cellular macromolecule catabolic process",3.360%,-5.837,-5.523,1.415,-38.0837,0.796,0.240,44265,0
GO:0044257,"cellular protein catabolic process",3.781%,null,null,1.462,-22.5937,0.764,0.959,44265,1
GO:0043161,"proteasome-mediated ubiquitin-dependent protein catabolic process",0.941%,null,null,0.903,-13.0555,0.798,0.991,44265,1
GO:0019941,"modification-dependent protein catabolic process",0.941%,null,null,0.903,-18.4935,0.798,0.991,44265,1
GO:0043632,"modification-dependent macromolecule catabolic process",3.571%,null,null,1.431,-20.9939,0.793,0.993,44265,1
GO:0010498,"proteasomal protein catabolic process",2.361%,null,null,1.255,-13.3958,0.774,1.099,44265,1
GO:0030163,"protein catabolic process",2.823%,null,null,1.342,-23.2004,0.815,0.918,44265,1
GO:0006401,"RNA catabolic process",5.050%,null,null,1.580,-11.8575,0.704,1.047,44265,1
GO:0051603,"proteolysis involved in cellular protein catabolic process",0.941%,null,null,0.903,-20.6520,0.802,0.793,44265,1
GO:0006511,"ubiquitin-dependent protein catabolic process",0.941%,null,null,0.903,-18.4935,0.798,0.793,44265,1
GO:0044283,"small molecule biosynthetic process",4.570%,-5.254, 4.579,1.544,-16.6006,0.855,0.243,44283,0
GO:0015931,"nucleobase-containing compound transport",0.134%, 3.928, 4.944,0.301,-7.2704,0.916,0.257,15931,0
GO:0050657,"nucleic acid transport",0.134%,null,null,0.301,-6.2144,0.916,0.830,15931,1
GO:0006310,"DNA recombination",0.403%,-7.940,-3.929,0.602,-13.0506,0.846,0.261,6310,0
GO:0006897,"endocytosis",0.168%, 4.260, 5.102,0.301,-6.3106,0.921,0.262,6897,0
GO:0006139,"nucleobase-containing compound metabolic process",37.634%,-7.565,-0.767,2.449,-101.7214,0.810,0.263,6139,0
GO:0055114,"oxidation-reduction process",12.634%,-1.746, 6.477,1.978,-11.8511,0.920,0.279,55114,0
GO:0042592,"homeostatic process",0.134%, 2.372,-7.878,0.301,-17.6327,0.784,0.281,42592,0
GO:0055082,"cellular chemical homeostasis",0.134%,null,null,0.301,-8.4582,0.754,0.999,42592,1
GO:0019725,"cellular homeostasis",2.788%,null,null,1.322,-10.5827,0.656,1.296,42592,1
GO:0048878,"chemical homeostasis",1.461%,null,null,1.041,-7.5393,0.721,1.692,42592,1
GO:0051246,"regulation of protein metabolic process",0.134%,-0.054,-8.319,0.301,-25.6968,0.715,0.281,51246,0
GO:0044711,"single-organism biosynthetic process",9.677%,-5.428, 5.518,1.863,-39.5350,0.855,0.283,44711,0
GO:0016192,"vesicle-mediated transport",0.403%, 4.049, 5.111,0.602,-34.8993,0.923,0.283,16192,0
GO:0051649,"establishment of localization in cell",0.403%, 3.705, 4.527,0.602,-63.2128,0.845,0.283,51649,0
GO:0070727,"cellular macromolecule localization",0.403%,null,null,0.602,-47.2794,0.828,0.943,51649,1
GO:0071166,"ribonucleoprotein complex localization",0.314%,null,null,0.477,-8.8860,0.848,0.922,51649,1
GO:1902582,"single-organism intracellular transport",2.567%,null,null,1.301,-22.2504,0.777,1.232,51649,1
GO:0033365,"protein localization to organelle",0.179%,null,null,0.301,-31.5751,0.838,0.878,51649,1
GO:0006886,"intracellular protein transport",0.269%,null,null,0.477,-31.1264,0.821,0.961,51649,1
GO:0006888,"ER to Golgi vesicle-mediated transport",0.269%,null,null,0.477,-6.6717,0.819,1.232,51649,1
GO:0046907,"intracellular transport",0.269%,null,null,0.477,-58.6206,0.847,0.909,51649,1
GO:0016197,"endosomal transport",0.235%,null,null,0.301,-7.6578,0.824,0.986,51649,1
GO:0006605,"protein targeting",0.269%,null,null,0.477,-24.5220,0.801,1.232,51649,1
GO:0007034,"vacuolar transport",0.235%,null,null,0.301,-10.8335,0.824,0.986,51649,1
GO:0072594,"establishment of protein localization to organelle",0.403%,null,null,0.602,-24.8542,0.826,0.996,51649,1
GO:0071426,"ribonucleoprotein complex export from nucleus",0.235%,null,null,0.301,-8.6623,0.824,0.986,51649,1
GO:1902580,"single-organism cellular localization",0.134%,null,null,0.301,-27.8937,0.838,0.857,51649,1
GO:0034613,"cellular protein localization",0.403%,null,null,0.602,-44.6017,0.827,0.943,51649,1
GO:0051656,"establishment of organelle localization",5.780%,null,null,1.643,-9.7786,0.794,1.596,51649,1
GO:0048193,"Golgi vesicle transport",0.202%,null,null,0.301,-18.8312,0.823,0.974,51649,1
GO:0006913,"nucleocytoplasmic transport",0.269%,null,null,0.477,-14.8742,0.844,1.232,51649,1
GO:0051640,"organelle localization",0.314%,null,null,0.477,-15.2196,0.848,0.922,51649,1
GO:0051168,"nuclear export",0.269%,null,null,0.477,-9.3341,0.844,1.232,51649,1
GO:0051169,"nuclear transport",1.418%,null,null,1.041,-14.9882,0.817,1.491,51649,1
GO:0071705,"nitrogen compound transport",0.403%, 4.234, 5.095,0.602,-14.7668,0.923,0.283,71705,0
GO:0044710,"single-organism metabolic process",44.489%,-0.308, 6.875,2.521,-67.5245,0.920,0.296,44710,0
GO:0033036,"macromolecule localization",0.806%, 3.861, 5.005,0.845,-60.8094,0.918,0.303,33036,0
GO:0006082,"organic acid metabolic process",12.231%,-2.727, 5.633,1.964,-23.5383,0.850,0.304,6082,0
GO:0065009,"regulation of molecular function",0.403%, 2.031,-7.633,0.602,-16.7319,0.774,0.306,65009,0
GO:0008104,"protein localization",0.806%, 3.924, 5.064,0.845,-51.0027,0.877,0.316,8104,0
GO:0015031,"protein transport",0.672%,null,null,0.778,-33.3802,0.874,0.974,8104,1
GO:0017038,"protein import",2.567%,null,null,1.301,-11.6262,0.824,1.127,8104,1
GO:0006403,"RNA localization",0.605%,null,null,0.699,-8.5505,0.880,0.963,8104,1
GO:0045184,"establishment of protein localization",0.806%,null,null,0.845,-36.6768,0.877,0.992,8104,1
GO:0071702,"organic substance transport",1.210%, 4.275, 5.207,1.000,-47.5857,0.914,0.329,71702,0
GO:0006508,"proteolysis",3.226%,-4.571,-5.165,1.398,-27.5057,0.866,0.334,6508,0
GO:0006457,"protein folding",0.269%,-4.404,-5.023,0.477,-8.8566,0.865,0.351,6457,0
GO:0090407,"organophosphate biosynthetic process",2.151%,-5.800, 2.414,1.230,-9.8767,0.851,0.358,90407,0
GO:1901362,"organic cyclic compound biosynthetic process",13.710%,-7.475, 0.453,2.013,-80.3488,0.839,0.364,1901362,0
GO:0006261,"DNA-dependent DNA replication",0.134%,-8.393,-1.623,0.301,-11.9731,0.845,0.367,6261,0
GO:0090501,"RNA phosphodiester bond hydrolysis",0.134%,-7.080,-4.290,0.301,-7.1015,0.843,0.375,90501,0
GO:0022607,"cellular component assembly",0.134%, 5.947,-3.346,0.301,-72.6616,0.847,0.382,22607,0
GO:0022618,"ribonucleoprotein complex assembly",0.134%,null,null,0.301,-15.2162,0.844,0.999,22607,1
GO:0070271,"protein complex biogenesis",0.134%,null,null,0.301,-30.2801,0.860,0.999,22607,1
GO:0043623,"cellular protein complex assembly",0.134%,null,null,0.301,-21.1867,0.844,0.999,22607,1
GO:0044087,"regulation of cellular component biogenesis",6.318%,null,null,1.672,-11.9731,0.527,1.713,22607,1
GO:0065004,"protein-DNA complex assembly",0.134%,null,null,0.301,-8.8566,0.844,0.999,22607,1
GO:0065003,"macromolecular complex assembly",0.134%,null,null,0.301,-60.1549,0.844,0.999,22607,1
GO:0042273,"ribosomal large subunit biogenesis",0.134%,null,null,0.301,-9.4327,0.860,1.143,22607,1
GO:0042274,"ribosomal small subunit biogenesis",0.134%,null,null,0.301,-7.7878,0.860,1.143,22607,1
GO:0070925,"organelle assembly",0.710%,null,null,0.778,-12.9421,0.789,1.143,22607,1
GO:0034622,"cellular macromolecular complex assembly",0.134%,null,null,0.301,-51.6140,0.844,0.999,22607,1
GO:0006461,"protein complex assembly",0.134%,null,null,0.301,-28.9884,0.844,0.999,22607,1
GO:0044085,"cellular component biogenesis",0.134%, 5.680,-3.313,0.301,-50.9813,0.903,0.382,44085,0
GO:0044802,"single-organism membrane organization",0.134%, 6.021,-3.461,0.301,-21.3094,0.861,0.382,44802,0
GO:0072657,"protein localization to membrane",0.134%,null,null,0.301,-7.2808,0.725,0.999,44802,1
GO:0090150,"establishment of protein localization to membrane",0.134%,null,null,0.301,-6.7410,0.725,0.999,44802,1
GO:0061024,"membrane organization",0.134%, 6.187,-3.310,0.301,-23.6612,0.890,0.382,61024,0
GO:0050790,"regulation of catalytic activity",0.403%, 2.182,-7.822,0.602,-14.8710,0.727,0.385,50790,0
GO:0043085,"positive regulation of catalytic activity",0.269%,null,null,0.477,-6.2126,0.738,0.961,50790,1
GO:0044093,"positive regulation of molecular function",0.269%,null,null,0.477,-7.3610,0.777,0.961,50790,1
GO:0018130,"heterocycle biosynthetic process",13.710%,-7.642, 0.607,2.013,-76.0865,0.820,0.386,18130,0
GO:0009057,"macromolecule catabolic process",3.629%,-5.509,-5.536,1.447,-40.3435,0.859,0.392,9057,0
GO:0019438,"aromatic compound biosynthetic process",13.172%,-7.882, 0.700,1.996,-74.9973,0.820,0.395,19438,0
GO:0072521,"purine-containing compound metabolic process",16.398%,-6.887,-1.354,2.090,-9.5583,0.833,0.396,72521,0
GO:0006397,"mRNA processing",0.269%,-6.675,-3.849,0.477,-13.1025,0.816,0.404,6397,0
GO:0000377,"RNA splicing, via transesterification reactions with bulged adenosine as nucleophile",1.747%,null,null,1.146,-8.5505,0.770,0.798,6397,1
GO:0000375,"RNA splicing, via transesterification reactions",1.747%,null,null,1.146,-8.2572,0.770,1.459,6397,1
GO:0000398,"mRNA splicing, via spliceosome",0.269%,null,null,0.477,-8.4387,0.812,1.185,6397,1
GO:0008380,"RNA splicing",0.269%,null,null,0.477,-8.3076,0.818,0.798,6397,1
GO:0055086,"nucleobase-containing small molecule metabolic process",16.801%,-7.540, 2.204,2.100,-13.5900,0.786,0.406,55086,0
GO:0019220,"regulation of phosphate metabolic process",0.269%, 1.731,-7.805,0.477,-12.5518,0.697,0.408,19220,0
GO:0042325,"regulation of phosphorylation",0.565%,null,null,0.699,-7.1311,0.671,1.064,19220,1
GO:0051174,"regulation of phosphorus metabolic process",0.269%, 1.096,-7.135,0.477,-12.5518,0.701,0.408,51174,0
GO:1902589,"single-organism organelle organization",0.269%, 6.262,-3.565,0.477,-54.7533,0.830,0.410,1902589,0
GO:0000280,"nuclear division",0.806%,null,null,0.845,-28.7539,0.831,0.837,1902589,1
GO:0016050,"vesicle organization",0.782%,null,null,0.778,-7.2460,0.837,0.834,1902589,1
GO:0006325,"chromatin organization",3.522%,null,null,1.431,-32.6363,0.785,0.738,1902589,1
GO:0000819,"sister chromatid segregation",0.791%,null,null,0.778,-11.9731,0.695,1.613,1902589,1
GO:0048285,"organelle fission",0.806%,null,null,0.845,-29.9276,0.837,0.837,1902589,1
GO:0048284,"organelle fusion",0.782%,null,null,0.778,-7.0163,0.837,0.834,1902589,1
GO:0033043,"regulation of organelle organization",0.806%,null,null,0.845,-23.7357,0.632,0.837,1902589,1
GO:0000070,"mitotic sister chromatid segregation",0.134%,null,null,0.301,-10.1247,0.740,1.326,1902589,1
GO:0016570,"histone modification",5.147%,null,null,1.591,-8.7741,0.562,2.092,1902589,1
GO:0016569,"covalent chromatin modification",0.134%,null,null,0.301,-8.7741,0.845,1.326,1902589,1
GO:0007033,"vacuole organization",0.782%,null,null,0.778,-7.2460,0.837,0.834,1902589,1
GO:0007005,"mitochondrion organization",2.688%,null,null,1.322,-7.5352,0.815,0.981,1902589,1
GO:0051049,"regulation of transport",2.984%, 4.271,-5.061,1.362,-6.9014,0.639,0.414,51049,0
GO:0006399,"tRNA metabolic process",0.403%,-6.743,-3.734,0.602,-9.8771,0.824,0.423,6399,0
GO:0016070,"RNA metabolic process",12.231%,-7.802,-3.434,1.964,-59.4173,0.762,0.429,16070,0
GO:0002181,"cytoplasmic translation",2.338%,-6.900,-2.582,1.255,-8.1360,0.785,0.433,2181,0
GO:0090304,"nucleic acid metabolic process",22.849%,-7.245,-2.590,2.233,-81.3700,0.783,0.450,90304,0
GO:0044260,"cellular macromolecule metabolic process",31.452%,-6.821,-4.155,2.371,-51.2114,0.812,0.460,44260,0
GO:0090305,"nucleic acid phosphodiester bond hydrolysis",6.317%,-7.306,-3.445,1.681,-11.2458,0.794,0.468,90305,0
GO:0006260,"DNA replication",2.016%,-7.818,-1.650,1.204,-11.1331,0.791,0.472,6260,0
GO:0044767,"single-organism developmental process",22.121%, 0.660, 6.098,2.217,-11.1397,0.945,0.476,44767,0
GO:1901576,"organic substance biosynthetic process",31.855%,-6.157, 3.608,2.377,-27.6204,0.860,0.490,1901576,0
GO:0034641,"cellular nitrogen compound metabolic process",41.129%,-6.537,-1.035,2.487,-26.3093,0.840,0.491,34641,0
GO:0009966,"regulation of signal transduction",0.269%, 2.211,-6.899,0.477,-9.2022,0.710,0.501,9966,0
GO:0048583,"regulation of response to stimulus",0.269%, 2.953,-7.343,0.477,-14.9872,0.750,0.501,48583,0
GO:0006259,"DNA metabolic process",8.737%,-7.391,-3.452,1.820,-38.1646,0.776,0.502,6259,0
GO:0010646,"regulation of cell communication",0.269%, 2.455,-7.898,0.477,-10.0093,0.742,0.509,10646,0
GO:0023051,"regulation of signaling",0.269%, 2.599,-8.124,0.477,-9.7786,0.775,0.509,23051,0
GO:0006796,"phosphate-containing compound metabolic process",19.758%,-4.981,-0.092,2.170,-39.8999,0.860,0.515,6796,0
GO:0009116,"nucleoside metabolic process",16.129%,null,null,2.083,-8.2154,0.752,0.837,6796,1
GO:0009117,"nucleotide metabolic process",16.667%,null,null,2.097,-12.2865,0.741,0.762,6796,1
GO:0009119,"ribonucleoside metabolic process",15.995%,null,null,2.079,-7.4351,0.752,0.819,6796,1
GO:0006163,"purine nucleotide metabolic process",16.263%,null,null,2.086,-7.8807,0.740,0.832,6796,1
GO:0009144,"purine nucleoside triphosphate metabolic process",15.860%,null,null,2.076,-6.0978,0.744,0.822,6796,1
GO:0009150,"purine ribonucleotide metabolic process",16.263%,null,null,2.086,-7.5465,0.735,0.828,6796,1
GO:0006753,"nucleoside phosphate metabolic process",16.667%,null,null,2.097,-10.7429,0.742,0.828,6796,1
GO:1901657,"glycosyl compound metabolic process",16.129%,null,null,2.083,-8.7741,0.874,0.815,6796,1
GO:0009199,"ribonucleoside triphosphate metabolic process",15.860%,null,null,2.076,-6.0978,0.744,0.841,6796,1
GO:0046128,"purine ribonucleoside metabolic process",15.995%,null,null,2.079,-6.5466,0.752,0.837,6796,1
GO:0042278,"purine nucleoside metabolic process",15.995%,null,null,2.079,-6.6575,0.752,0.837,6796,1
GO:0009259,"ribonucleotide metabolic process",16.263%,null,null,2.086,-7.9922,0.737,0.837,6796,1
GO:0019637,"organophosphate metabolic process",17.070%,null,null,2.107,-14.4757,0.858,0.768,6796,1
GO:0019693,"ribose phosphate metabolic process",16.263%,null,null,2.086,-9.8951,0.833,0.813,6796,1
GO:1901575,"organic substance catabolic process",19.489%,-2.957,-3.174,2.164,-31.2458,0.890,0.532,1901575,0
GO:0044248,"cellular catabolic process",16.667%,null,null,2.097,-26.8379,0.861,0.768,1901575,1
GO:0044270,"cellular nitrogen compound catabolic process",16.667%,null,null,2.097,-10.3034,0.804,0.833,1901575,1
GO:0019439,"aromatic compound catabolic process",16.667%,null,null,2.097,-10.6591,0.805,0.833,1901575,1
GO:0046700,"heterocycle catabolic process",16.667%,null,null,2.097,-10.0919,0.806,0.833,1901575,1
GO:1901361,"organic cyclic compound catabolic process",16.667%,null,null,2.097,-10.6212,0.831,0.768,1901575,1
GO:0034655,"nucleobase-containing compound catabolic process",16.667%,null,null,2.097,-11.9234,0.784,0.768,1901575,1
GO:0007010,"cytoskeleton organization",0.134%, 5.373,-3.243,0.301,-22.9232,0.861,0.545,7010,0
GO:0030036,"actin cytoskeleton organization",0.134%, 5.299,-2.969,0.301,-8.5505,0.824,0.545,30036,0
GO:0000226,"microtubule cytoskeleton organization",1.079%,null,null,0.903,-8.5112,0.785,1.185,30036,1
GO:0051276,"chromosome organization",0.134%, 6.107,-3.573,0.301,-31.7344,0.861,0.545,51276,0
GO:0051783,"regulation of nuclear division",0.134%, 3.931,-6.527,0.301,-10.7018,0.667,0.545,51783,0
GO:0010639,"negative regulation of organelle organization",0.710%,null,null,0.778,-8.6263,0.635,0.827,51783,1
GO:0016071,"mRNA metabolic process",3.585%,-7.724,-3.922,1.431,-26.0429,0.770,0.564,16071,0
GO:0006810,"transport",16.129%, 4.398, 5.617,2.083,-91.9111,0.884,0.570,6810,0
GO:0055085,"transmembrane transport",12.366%,null,null,1.968,-14.3831,0.814,0.863,6810,1
GO:0051234,"establishment of localization",16.263%,null,null,2.086,-97.0880,0.884,0.835,6810,1
GO:0044765,"single-organism transport",12.634%,null,null,1.978,-39.6567,0.846,0.781,6810,1
GO:1902578,"single-organism localization",12.769%,null,null,1.982,-46.0459,0.851,0.783,6810,1
GO:0051254,"positive regulation of RNA metabolic process",4.799%,-3.991,-6.743,1.556,-32.0463,0.526,0.590,51254,0
GO:0048523,"negative regulation of cellular process",15.685%,null,null,2.068,-53.2958,0.605,1.016,51254,1
GO:0048522,"positive regulation of cellular process",15.685%,null,null,2.068,-62.8772,0.605,0.938,51254,1
GO:0048519,"negative regulation of biological process",17.219%,null,null,2.111,-54.1359,0.619,1.063,51254,1
GO:0048518,"positive regulation of biological process",17.219%,null,null,2.111,-64.4892,0.619,1.035,51254,1
GO:0032270,"positive regulation of cellular protein metabolic process",4.394%,null,null,1.519,-7.8807,0.527,2.153,51254,1
GO:0080090,"regulation of primary metabolic process",7.930%,null,null,1.778,-84.3245,0.598,0.918,51254,1
GO:0032268,"regulation of cellular protein metabolic process",4.929%,null,null,1.568,-24.8901,0.519,0.785,51254,1
GO:0031324,"negative regulation of cellular metabolic process",11.334%,null,null,1.929,-37.0612,0.553,1.286,51254,1
GO:0031323,"regulation of cellular metabolic process",7.796%,null,null,1.771,-85.8138,0.580,0.839,51254,1
GO:0045814,"negative regulation of gene expression, epigenetic",3.147%,null,null,1.380,-13.9424,0.610,0.730,51254,1
GO:0031328,"positive regulation of cellular biosynthetic process",6.874%,null,null,1.716,-38.4491,0.564,0.899,51254,1
GO:0031327,"negative regulation of cellular biosynthetic process",6.874%,null,null,1.716,-30.3596,0.564,0.899,51254,1
GO:0031326,"regulation of cellular biosynthetic process",7.527%,null,null,1.756,-63.9832,0.558,0.915,51254,1
GO:0031325,"positive regulation of cellular metabolic process",11.339%,null,null,1.929,-48.7869,0.553,1.287,51254,1
GO:0051252,"regulation of RNA metabolic process",7.527%,null,null,1.756,-45.6067,0.496,0.908,51254,1
GO:0051247,"positive regulation of protein metabolic process",4.016%,null,null,1.477,-8.3270,0.560,2.122,51254,1
GO:2001141,"regulation of RNA biosynthetic process",7.527%,null,null,1.756,-43.4759,0.481,0.925,51254,1
GO:0019219,"regulation of nucleobase-containing compound metabolic process",7.796%,null,null,1.771,-53.8118,0.542,0.916,51254,1
GO:0051253,"negative regulation of RNA metabolic process",4.688%,null,null,1.544,-22.4270,0.528,0.785,51254,1
GO:0045934,"negative regulation of nucleobase-containing compound metabolic process",10.187%,null,null,1.881,-26.4838,0.521,1.250,51254,1
GO:0045935,"positive regulation of nucleobase-containing compound metabolic process",10.187%,null,null,1.881,-35.0020,0.521,1.250,51254,1
GO:0032879,"regulation of localization",7.774%,null,null,1.763,-12.2045,0.588,0.797,51254,1
GO:0010629,"negative regulation of gene expression",6.608%,null,null,1.699,-26.0306,0.568,0.903,51254,1
GO:0010628,"positive regulation of gene expression",6.608%,null,null,1.699,-36.1884,0.568,0.886,51254,1
GO:0019222,"regulation of metabolic process",7.930%,null,null,1.778,-88.5564,0.658,0.801,51254,1
GO:0050794,"regulation of cellular process",11.828%,null,null,1.949,-136.4783,0.626,0.723,51254,1
GO:0050789,"regulation of biological process",11.962%,null,null,1.954,-142.6563,0.645,0.872,51254,1
GO:0010604,"positive regulation of macromolecule metabolic process",10.854%,null,null,1.908,-46.8506,0.542,1.271,51254,1
GO:0010605,"negative regulation of macromolecule metabolic process",10.846%,null,null,1.908,-34.1592,0.542,1.271,51254,1
GO:0010608,"posttranscriptional regulation of gene expression",6.780%,null,null,1.708,-9.8951,0.566,0.912,51254,1
GO:0010556,"regulation of macromolecule biosynthetic process",7.527%,null,null,1.756,-60.4538,0.545,0.925,51254,1
GO:0010557,"positive regulation of macromolecule biosynthetic process",8.759%,null,null,1.820,-36.5448,0.534,1.201,51254,1
GO:0010558,"negative regulation of macromolecule biosynthetic process",8.759%,null,null,1.820,-27.8470,0.534,1.201,51254,1
GO:0031399,"regulation of protein modification process",0.202%,null,null,0.301,-9.7828,0.641,1.433,51254,1
GO:0010468,"regulation of gene expression",7.124%,null,null,1.732,-57.1892,0.565,0.899,51254,1
GO:2000112,"regulation of cellular macromolecule biosynthetic process",7.124%,null,null,1.732,-59.6350,0.527,0.899,51254,1
GO:2000113,"negative regulation of cellular macromolecule biosynthetic process",4.620%,null,null,1.544,-27.8470,0.554,0.776,51254,1
GO:0051052,"regulation of DNA metabolic process",3.933%,null,null,1.477,-8.6263,0.548,0.756,51254,1
GO:0060255,"regulation of macromolecule metabolic process",7.661%,null,null,1.763,-82.3463,0.569,0.911,51254,1
GO:0009893,"positive regulation of metabolic process",23.448%,null,null,2.243,-49.2718,0.527,1.171,51254,1
GO:0006417,"regulation of translation",2.955%,null,null,1.342,-8.7741,0.532,2.022,51254,1
GO:0040029,"regulation of gene expression, epigenetic",6.780%,null,null,1.708,-14.2905,0.566,0.907,51254,1
GO:0009892,"negative regulation of metabolic process",23.448%,null,null,2.243,-37.2942,0.527,1.609,51254,1
GO:0009891,"positive regulation of biosynthetic process",13.268%,null,null,1.996,-38.4491,0.544,1.345,51254,1
GO:0009890,"negative regulation of biosynthetic process",13.253%,null,null,1.996,-30.3596,0.544,1.344,51254,1
GO:0009889,"regulation of biosynthetic process",7.527%,null,null,1.756,-64.2197,0.587,0.908,51254,1
GO:0034248,"regulation of cellular amide metabolic process",6.264%,null,null,1.672,-9.1099,0.566,0.877,51254,1
GO:0016458,"gene silencing",2.901%,null,null,1.342,-14.6388,0.586,0.721,51254,1
GO:0051173,"positive regulation of nitrogen compound metabolic process",14.653%,null,null,2.037,-40.0008,0.529,1.384,51254,1
GO:0051172,"negative regulation of nitrogen compound metabolic process",14.634%,null,null,2.037,-30.5888,0.529,1.384,51254,1
GO:0051171,"regulation of nitrogen compound metabolic process",7.796%,null,null,1.771,-66.8298,0.577,0.918,51254,1
GO:0071826,"ribonucleoprotein complex subunit organization",4.913%, 6.339,-3.611,1.568,-16.3581,0.837,0.592,71826,0
GO:0071824,"protein-DNA complex subunit organization",4.913%,null,null,1.568,-15.2196,0.837,0.768,71826,1
GO:0071822,"protein complex subunit organization",8.065%,null,null,1.785,-33.3730,0.826,0.837,71826,1
GO:0016043,"cellular component organization",11.290%,null,null,1.929,-186.0193,0.824,0.745,71826,1
GO:0043933,"macromolecular complex subunit organization",8.065%,null,null,1.785,-96.0356,0.832,0.824,71826,1
GO:0022411,"cellular component disassembly",7.930%,null,null,1.778,-10.0074,0.796,0.821,71826,1
GO:0051128,"regulation of cellular component organization",5.736%,null,null,1.633,-40.8114,0.573,0.768,71826,1
GO:0033554,"cellular response to stress",1.210%, 2.200,-2.965,1.000,-54.8855,0.917,0.598,33554,0
GO:0006302,"double-strand break repair",0.269%,null,null,0.477,-8.1037,0.787,0.835,33554,1
GO:0044700,"single organism signaling",4.301%,null,null,1.519,-25.9174,0.943,0.957,33554,1
GO:0051716,"cellular response to stimulus",5.511%,null,null,1.623,-87.1416,0.910,0.772,33554,1
GO:0006281,"DNA repair",1.075%,null,null,0.954,-21.1649,0.754,0.962,33554,1
GO:0035556,"intracellular signal transduction",1.210%,null,null,1.000,-16.7013,0.659,0.796,33554,1
GO:0070887,"cellular response to chemical stimulus",2.419%,null,null,1.279,-22.3929,0.911,0.798,33554,1
GO:0071310,"cellular response to organic substance",2.285%,null,null,1.255,-11.3708,0.912,0.924,33554,1
GO:0007165,"signal transduction",4.301%,null,null,1.519,-25.9174,0.601,0.724,33554,1
GO:0010033,"response to organic substance",2.419%,null,null,1.279,-18.5508,0.938,0.932,33554,1
GO:0016236,"macroautophagy",7.224%,null,null,1.732,-8.1659,0.757,1.218,33554,1
GO:0006974,"cellular response to DNA damage stimulus",1.075%,null,null,0.954,-25.5779,0.913,0.733,33554,1
GO:0009123,"nucleoside monophosphate metabolic process",6.989%,-6.732, 0.928,1.724,-7.8208,0.780,0.608,9123,0
GO:0009167,"purine ribonucleoside monophosphate metabolic process",6.989%,-6.637, 0.833,1.724,-7.2460,0.776,0.608,9167,0
GO:0009126,"purine nucleoside monophosphate metabolic process",6.989%,null,null,1.724,-7.2460,0.776,0.930,9167,1
GO:0009161,"ribonucleoside monophosphate metabolic process",6.989%,null,null,1.724,-7.4759,0.776,0.930,9167,1
GO:0006366,"transcription from RNA polymerase II promoter",2.957%,-8.136,-1.842,1.362,-39.1496,0.720,0.609,6366,0
GO:1902680,"positive regulation of RNA biosynthetic process",5.477%,null,null,1.613,-30.9860,0.502,0.920,6366,1
GO:1902679,"negative regulation of RNA biosynthetic process",5.334%,null,null,1.602,-22.0913,0.502,0.924,6366,1
GO:0006368,"transcription elongation from RNA polymerase II promoter",2.951%,null,null,1.342,-6.5569,0.719,0.970,6366,1
GO:0006357,"regulation of transcription from RNA polymerase II promoter",2.957%,null,null,1.362,-31.2164,0.527,0.875,6366,1
GO:0045892,"negative regulation of transcription, DNA-templated",3.394%,null,null,1.415,-22.0913,0.519,0.911,6366,1
GO:0006355,"regulation of transcription, DNA-templated",7.124%,null,null,1.732,-43.4759,0.468,1.242,6366,1
GO:0006354,"DNA-templated transcription, elongation",4.420%,null,null,1.519,-7.7058,0.704,0.948,6366,1
GO:0006351,"transcription, DNA-templated",9.812%,null,null,1.869,-55.1986,0.663,1.133,6366,1
GO:0045893,"positive regulation of transcription, DNA-templated",3.394%,null,null,1.415,-30.9860,0.519,0.893,6366,1
GO:0006348,"chromatin silencing at telomere",2.901%,null,null,1.342,-6.0978,0.514,0.971,6366,1
GO:0006342,"chromatin silencing",2.901%,null,null,1.342,-13.9424,0.514,0.873,6366,1
GO:0045944,"positive regulation of transcription from RNA polymerase II promoter",2.957%,null,null,1.362,-25.7140,0.527,0.970,6366,1
GO:1903508,"positive regulation of nucleic acid-templated transcription",8.916%,null,null,1.826,-30.9860,0.451,1.300,6366,1
GO:1903507,"negative regulation of nucleic acid-templated transcription",8.916%,null,null,1.826,-22.0913,0.450,1.300,6366,1
GO:1903506,"regulation of nucleic acid-templated transcription",9.812%,null,null,1.869,-43.4759,0.443,1.327,6366,1
GO:0000122,"negative regulation of transcription from RNA polymerase II promoter",2.938%,null,null,1.342,-9.2608,0.529,0.970,6366,1
GO:0010256,"endomembrane system organization",3.707%, 5.359,-2.998,1.447,-6.3251,0.847,0.613,10256,0
GO:0051129,"negative regulation of cellular component organization",4.137%, 3.559,-6.443,1.491,-13.0150,0.588,0.624,51129,0
GO:0051130,"positive regulation of cellular component organization",4.137%,null,null,1.491,-10.9076,0.588,0.846,51129,1
GO:0006811,"ion transport",6.452%, 4.155, 5.835,1.690,-7.5814,0.860,0.666,6811,0
GO:0044249,"cellular biosynthetic process",31.452%,-6.773, 3.299,2.371,-26.3501,0.827,0.666,44249,0
GO:0016053,"organic acid biosynthetic process",3.898%,-5.584, 5.275,1.477,-6.5232,0.820,0.666,16053,0
GO:0034654,"nucleobase-containing compound biosynthetic process",12.634%,-7.429, 0.226,1.978,-71.2577,0.765,0.667,34654,0
GO:0032774,"RNA biosynthetic process",10.215%,null,null,1.886,-55.4303,0.701,0.809,34654,1
GO:0042221,"response to chemical",2.823%, 2.788,-2.839,1.342,-32.3210,0.940,0.670,42221,0
GO:0009628,"response to abiotic stimulus",2.991%, 3.653,-2.857,1.362,-13.9942,0.940,0.676,9628,0
GO:0006914,"autophagy",10.726%,-3.138,-2.159,1.903,-12.9421,0.867,0.681,6914,0
GO:0000956,"nuclear-transcribed mRNA catabolic process",0.269%,-6.982,-4.265,0.477,-8.6263,0.790,0.686,956,0
GO:0006402,"mRNA catabolic process",0.269%,-6.473,-4.049,0.477,-9.0870,0.790,0.686,6402,0
GO:0019752,"carboxylic acid metabolic process",12.231%,-2.674, 6.706,1.964,-17.7550,0.843,0.690,19752,0
GO:0006520,"cellular amino acid metabolic process",5.645%,null,null,1.633,-7.5571,0.831,0.741,19752,1
GO:0043436,"oxoacid metabolic process",12.231%,null,null,1.964,-19.1834,0.843,0.878,19752,1
GO:0006970,"response to osmotic stress",0.672%, 2.048,-2.760,0.778,-6.9014,0.942,0.696,6970,0
