term_ID,description,frequency,plot_X,plot_Y,plot_size,log10 p-value,uniqueness,dispensability,representative,eliminated
GO:0000003,"reproduction",8.647%,-0.081,-1.078,3.336,-34.4868,1.000,0.000,3,0
GO:0000278,"mitotic cell cycle",4.034%, 4.624,-2.918,3.005,-106.9010,0.851,0.000,278,0
GO:0051726,"regulation of cell cycle",2.478%,null,null,2.794,-75.0579,0.767,0.762,278,1
GO:0044772,"mitotic cell cycle phase transition",1.029%,null,null,2.413,-46.2174,0.858,0.676,278,1
GO:0044770,"cell cycle phase transition",1.041%,null,null,2.418,-47.4859,0.869,0.677,278,1
GO:0045930,"negative regulation of mitotic cell cycle",0.116%,null,null,1.477,-32.9286,0.797,0.528,278,1
GO:0044839,"cell cycle G2/M phase transition",0.160%,null,null,1.613,-27.7346,0.883,0.820,278,1
GO:0007346,"regulation of mitotic cell cycle",1.464%,null,null,2.566,-52.0623,0.770,0.811,278,1
GO:0010564,"regulation of cell cycle process",1.281%,null,null,2.508,-47.3252,0.773,0.840,278,1
GO:1901987,"regulation of cell cycle phase transition",0.946%,null,null,2.377,-39.9830,0.774,0.978,278,1
GO:1901988,"negative regulation of cell cycle phase transition",0.734%,null,null,2.267,-30.1556,0.753,1.130,278,1
GO:1901990,"regulation of mitotic cell cycle phase transition",0.946%,null,null,2.377,-39.9830,0.772,0.978,278,1
GO:1901991,"negative regulation of mitotic cell cycle phase transition",0.734%,null,null,2.267,-30.1556,0.750,0.952,278,1
GO:0010948,"negative regulation of cell cycle process",0.762%,null,null,2.283,-29.1639,0.755,1.135,278,1
GO:0007093,"mitotic cell cycle checkpoint",0.610%,null,null,2.188,-28.5821,0.759,1.349,278,1
GO:0000075,"cell cycle checkpoint",0.678%,null,null,2.233,-31.0000,0.879,0.642,278,1
GO:0007067,"mitotic nuclear division",1.764%,null,null,2.646,-42.8304,0.790,0.831,278,1
GO:1903047,"mitotic cell cycle process",3.420%,null,null,2.933,-91.7369,0.847,0.799,278,1
GO:0022402,"cell cycle process",4.541%,null,null,3.057,-77.6436,0.849,0.835,278,1
GO:0045786,"negative regulation of cell cycle",0.379%,null,null,1.982,-35.7405,0.783,0.599,278,1
GO:0002376,"immune system process",3.068%,-0.679,-0.510,2.886,-39.3287,0.994,0.000,2376,0
GO:0008152,"metabolic process",60.606%,-0.766,-2.501,4.182,-286.2714,0.998,0.000,8152,0
GO:0009987,"cellular process",65.697%,-1.316, 1.043,4.217,-300.0000,0.998,0.000,9987,0
GO:0022414,"reproductive process",7.130%, 0.383, 0.886,3.252,-48.8951,0.995,0.000,22414,0
GO:0023052,"signaling",19.268%, 0.628,-4.303,3.684,-133.4637,0.995,0.000,23052,0
GO:0032501,"multicellular organismal process",30.233%, 0.321, 1.803,3.880,-101.9005,0.996,0.000,32501,0
GO:0032502,"developmental process",25.377%,-0.374, 1.247,3.804,-158.9084,0.996,0.000,32502,0
GO:0040007,"growth",3.519%, 0.158,-1.051,2.946,-69.7932,0.994,0.000,40007,0
GO:0040011,"locomotion",5.151%, 0.271, 0.368,3.111,-45.6041,0.995,0.000,40011,0
GO:0044699,"single-organism process",63.339%, 0.633,-1.295,4.201,-224.4882,0.998,0.000,44699,0
GO:0050896,"response to stimulus",27.759%, 0.300,-4.145,3.842,-141.4252,0.996,0.000,50896,0
GO:0051179,"localization",20.122%, 0.274,-0.274,3.703,-155.7998,0.995,0.000,51179,0
GO:0051246,"regulation of protein metabolic process",3.970%,-4.219, 5.627,2.998,-88.6017,0.735,0.000,51246,0
GO:0048523,"negative regulation of cellular process",7.202%,null,null,3.257,-130.7765,0.777,0.788,51246,1
GO:0048522,"positive regulation of cellular process",7.090%,null,null,3.250,-146.6869,0.759,0.783,51246,1
GO:0001932,"regulation of protein phosphorylation",0.930%,null,null,2.369,-31.6628,0.723,0.807,51246,1
GO:0032270,"positive regulation of cellular protein metabolic process",0.706%,null,null,2.250,-41.9854,0.705,0.783,51246,1
GO:0023056,"positive regulation of signaling",1.847%,null,null,2.667,-31.5470,0.784,0.656,51246,1
GO:0023057,"negative regulation of signaling",2.195%,null,null,2.741,-40.0382,0.796,0.670,51246,1
GO:0032268,"regulation of cellular protein metabolic process",2.342%,null,null,2.769,-82.3780,0.707,0.505,51246,1
GO:0031324,"negative regulation of cellular metabolic process",3.256%,null,null,2.912,-42.6632,0.710,0.919,51246,1
GO:1902680,"positive regulation of RNA biosynthetic process",2.079%,null,null,2.718,-39.9077,0.637,0.951,51246,1
GO:0031328,"positive regulation of cellular biosynthetic process",2.498%,null,null,2.797,-49.0136,0.673,0.886,51246,1
GO:0031325,"positive regulation of cellular metabolic process",3.523%,null,null,2.946,-84.7100,0.691,0.930,51246,1
GO:0051247,"positive regulation of protein metabolic process",0.730%,null,null,2.265,-44.4445,0.739,0.757,51246,1
GO:0048584,"positive regulation of response to stimulus",2.482%,null,null,2.794,-41.2903,0.792,0.645,51246,1
GO:0051254,"positive regulation of RNA metabolic process",2.103%,null,null,2.723,-39.0595,0.652,0.965,51246,1
GO:0048585,"negative regulation of response to stimulus",2.282%,null,null,2.758,-45.6901,0.811,0.651,51246,1
GO:0045935,"positive regulation of nucleobase-containing compound metabolic process",2.203%,null,null,2.743,-40.3688,0.677,0.871,51246,1
GO:0010648,"negative regulation of cell communication",2.207%,null,null,2.744,-40.0382,0.765,0.668,51246,1
GO:0010647,"positive regulation of cell communication",1.919%,null,null,2.683,-31.5470,0.753,0.656,51246,1
GO:0010629,"negative regulation of gene expression",2.773%,null,null,2.843,-30.7965,0.714,0.897,51246,1
GO:0010628,"positive regulation of gene expression",2.087%,null,null,2.719,-46.7727,0.708,0.864,51246,1
GO:0010604,"positive regulation of macromolecule metabolic process",2.865%,null,null,2.857,-87.5580,0.712,0.520,51246,1
GO:0010605,"negative regulation of macromolecule metabolic process",3.703%,null,null,2.968,-47.9674,0.719,0.541,51246,1
GO:0010557,"positive regulation of macromolecule biosynthetic process",2.254%,null,null,2.753,-47.1066,0.687,0.962,51246,1
GO:0031399,"regulation of protein modification process",1.213%,null,null,2.484,-47.9698,0.724,0.759,51246,1
GO:0009893,"positive regulation of metabolic process",3.591%,null,null,2.955,-89.0005,0.756,0.679,51246,1
GO:0009892,"negative regulation of metabolic process",4.010%,null,null,3.003,-48.5387,0.758,0.708,51246,1
GO:0009891,"positive regulation of biosynthetic process",2.498%,null,null,2.797,-49.0136,0.714,0.886,51246,1
GO:1902531,"regulation of intracellular signal transduction",3.256%,null,null,2.912,-38.0000,0.751,0.734,51246,1
GO:0009967,"positive regulation of signal transduction",1.804%,null,null,2.656,-29.1357,0.728,0.679,51246,1
GO:0009968,"negative regulation of signal transduction",2.051%,null,null,2.712,-39.1662,0.740,0.642,51246,1
GO:0009966,"regulation of signal transduction",5.790%,null,null,3.162,-83.2265,0.730,0.824,51246,1
GO:0051173,"positive regulation of nitrogen compound metabolic process",2.366%,null,null,2.774,-48.4205,0.723,0.879,51246,1
GO:0051172,"negative regulation of nitrogen compound metabolic process",2.230%,null,null,2.748,-27.3663,0.739,0.870,51246,1
GO:0051649,"establishment of localization in cell",4.876%,-1.214, 3.910,3.087,-99.7865,0.909,0.000,51649,0
GO:0051234,"establishment of localization",17.213%,null,null,3.635,-131.5346,0.925,0.722,51649,1
GO:0006810,"transport",16.687%,null,null,3.621,-120.0147,0.920,0.605,51649,1
GO:0044765,"single-organism transport",14.093%,null,null,3.548,-75.1104,0.872,0.777,51649,1
GO:1902582,"single-organism intracellular transport",2.526%,null,null,2.802,-54.3172,0.877,0.795,51649,1
GO:0046907,"intracellular transport",3.284%,null,null,2.916,-84.6453,0.912,0.827,51649,1
GO:1902578,"single-organism localization",15.115%,null,null,3.579,-87.9377,0.878,0.696,51649,1
GO:1902580,"single-organism cellular localization",1.875%,null,null,2.673,-63.3178,0.887,0.761,51649,1
GO:0051656,"establishment of organelle localization",1.576%,null,null,2.598,-41.4138,0.921,0.742,51649,1
GO:0006913,"nucleocytoplasmic transport",0.770%,null,null,2.288,-27.2120,0.924,0.675,51649,1
GO:0051640,"organelle localization",1.847%,null,null,2.667,-44.9426,0.922,0.759,51649,1
GO:0051169,"nuclear transport",0.770%,null,null,2.288,-27.6313,0.924,0.679,51649,1
GO:0051704,"multi-organism process",9.465%,-0.324, 0.949,3.375,-51.8939,0.995,0.000,51704,0
GO:0060429,"epithelium development",4.700%, 6.627,-4.398,3.072,-78.5146,0.814,0.000,60429,0
GO:0002009,"morphogenesis of an epithelium",2.610%,null,null,2.816,-54.2692,0.784,0.749,60429,1
GO:0030855,"epithelial cell differentiation",2.781%,null,null,2.844,-32.2057,0.757,0.806,60429,1
GO:0048729,"tissue morphogenesis",2.781%,null,null,2.844,-55.4097,0.791,0.756,60429,1
GO:0065007,"biological regulation",35.572%,-0.382,-1.149,3.950,-300.0000,0.996,0.000,65007,0
GO:0071840,"cellular component organization or biogenesis",19.057%, 0.775,-4.267,3.679,-255.6312,0.995,0.000,71840,0
GO:0033554,"cellular response to stress",4.086%, 0.097, 4.361,3.011,-105.4301,0.901,0.045,33554,0
GO:0006974,"cellular response to DNA damage stimulus",2.426%,null,null,2.785,-63.0198,0.907,0.672,33554,1
GO:0080134,"regulation of response to stress",1.624%,null,null,2.611,-30.2269,0.842,0.635,33554,1
GO:0008283,"cell proliferation",2.338%,-0.299,-0.086,2.769,-60.3953,0.956,0.048,8283,0
GO:0006091,"generation of precursor metabolites and energy",1.293%,-4.047,-1.355,2.512,-30.6611,0.901,0.052,6091,0
GO:0006807,"nitrogen compound metabolic process",26.031%,-4.228,-3.576,3.815,-159.7678,0.933,0.086,6807,0
GO:0044763,"single-organism cellular process",51.700%,-1.976,-4.424,4.113,-300.0000,0.887,0.087,44763,0
GO:0007163,"establishment or maintenance of cell polarity",1.628%, 2.435,-2.187,2.612,-35.7212,0.918,0.087,7163,0
GO:0012501,"programmed cell death",2.270%, 2.694,-3.702,2.756,-47.7868,0.897,0.091,12501,0
GO:0043067,"regulation of programmed cell death",1.217%,null,null,2.486,-29.9472,0.812,0.883,12501,1
GO:0042981,"regulation of apoptotic process",1.037%,null,null,2.417,-26.9372,0.815,0.942,12501,1
GO:0008219,"cell death",2.454%,null,null,2.790,-44.7188,0.896,0.962,12501,1
GO:0006915,"apoptotic process",1.464%,null,null,2.566,-34.9965,0.902,0.903,12501,1
GO:0030029,"actin filament-based process",2.582%, 2.122,-1.669,2.812,-34.3389,0.914,0.093,30029,0
GO:0000226,"microtubule cytoskeleton organization",3.188%, 2.363, 2.447,2.903,-51.8386,0.835,0.096,226,0
GO:0033043,"regulation of organelle organization",2.163%,null,null,2.735,-43.1074,0.772,0.525,226,1
GO:0016570,"histone modification",0.974%,null,null,2.389,-31.0427,0.742,0.554,226,1
GO:0016569,"covalent chromatin modification",0.974%,null,null,2.389,-32.1908,0.878,0.917,226,1
GO:0030036,"actin cytoskeleton organization",2.478%,null,null,2.794,-35.0176,0.840,0.762,226,1
GO:0051130,"positive regulation of cellular component organization",1.552%,null,null,2.591,-38.3410,0.741,0.696,226,1
GO:0051301,"cell division",3.819%, 4.162,-2.536,2.981,-43.6779,0.909,0.098,51301,0
GO:0007017,"microtubule-based process",4.345%, 3.385,-0.732,3.037,-75.0626,0.907,0.100,7017,0
GO:0007267,"cell-cell signaling",4.816%, 5.018, 2.853,3.082,-68.2730,0.876,0.103,7267,0
GO:0044700,"single organism signaling",19.268%,null,null,3.684,-133.4637,0.908,0.568,7267,1
GO:0023051,"regulation of signaling",6.340%,null,null,3.201,-90.5813,0.840,0.604,7267,1
GO:0035556,"intracellular signal transduction",5.742%,null,null,3.158,-65.6794,0.749,0.590,7267,1
GO:0007166,"cell surface receptor signaling pathway",9.656%,null,null,3.384,-59.6694,0.728,0.667,7267,1
GO:0007165,"signal transduction",16.379%,null,null,3.613,-96.6784,0.704,0.769,7267,1
GO:0009056,"catabolic process",10.267%,-2.311,-3.091,3.411,-39.7978,0.944,0.109,9056,0
GO:0007049,"cell cycle",6.065%, 4.043,-0.614,3.182,-101.4047,0.902,0.109,7049,0
GO:0006928,"movement of cell or subcellular component",5.662%, 2.772,-0.742,3.152,-66.0290,0.903,0.112,6928,0
GO:0044262,"cellular carbohydrate metabolic process",0.734%,-4.339,-2.239,2.267,-26.9750,0.901,0.113,44262,0
GO:0045333,"cellular respiration",0.742%,-3.808,-2.335,2.272,-27.1659,0.869,0.113,45333,0
GO:0015980,"energy derivation by oxidation of organic compounds",0.918%,null,null,2.364,-27.0742,0.866,0.895,45333,1
GO:0009058,"biosynthetic process",17.245%,-3.390,-2.850,3.636,-76.9459,0.939,0.127,9058,0
GO:0007154,"cell communication",19.544%, 3.833,-1.931,3.690,-152.5368,0.881,0.146,7154,0
GO:0044710,"single-organism metabolic process",23.965%,-3.419,-5.056,3.779,-75.0145,0.881,0.160,44710,0
GO:1901360,"organic cyclic compound metabolic process",23.737%,-5.445,-2.459,3.775,-210.7502,0.902,0.161,1901360,0
GO:0097659,"nucleic acid-templated transcription",1.186%,-6.217,-3.206,2.474,-83.9909,0.794,0.174,97659,0
GO:0032774,"RNA biosynthetic process",8.710%,null,null,3.339,-84.2984,0.730,0.842,97659,1
GO:0006366,"transcription from RNA polymerase II promoter",3.459%,null,null,2.939,-73.8880,0.728,0.571,97659,1
GO:0006367,"transcription initiation from RNA polymerase II promoter",0.407%,null,null,2.013,-27.4900,0.791,0.988,97659,1
GO:0006357,"regulation of transcription from RNA polymerase II promoter",3.124%,null,null,2.894,-54.2098,0.633,1.283,97659,1
GO:0006355,"regulation of transcription, DNA-templated",7.964%,null,null,3.300,-67.0064,0.580,1.759,97659,1
GO:0006352,"DNA-templated transcription, initiation",0.638%,null,null,2.207,-26.9823,0.781,1.041,97659,1
GO:0006351,"transcription, DNA-templated",8.615%,null,null,3.334,-83.9909,0.687,1.561,97659,1
GO:0045893,"positive regulation of transcription, DNA-templated",2.043%,null,null,2.710,-39.9077,0.617,1.208,97659,1
GO:0045944,"positive regulation of transcription from RNA polymerase II promoter",1.488%,null,null,2.573,-27.1526,0.632,1.158,97659,1
GO:1903508,"positive regulation of nucleic acid-templated transcription",6.938%,null,null,3.240,-39.9077,0.549,1.712,97659,1
GO:1903506,"regulation of nucleic acid-templated transcription",4.236%,null,null,3.026,-67.0064,0.618,1.343,97659,1
GO:0034654,"nucleobase-containing compound biosynthetic process",10.342%,null,null,3.414,-99.4503,0.756,0.704,97659,1
GO:0090066,"regulation of anatomical structure size",1.680%, 2.085, 7.949,2.625,-29.1352,0.889,0.182,90066,0
GO:0032535,"regulation of cellular component size",1.173%,null,null,2.470,-27.0417,0.789,0.528,90066,1
GO:0044237,"cellular metabolic process",41.210%,-5.729,-0.565,4.014,-300.0000,0.886,0.186,44237,0
GO:0042127,"regulation of cell proliferation",1.105%, 1.809, 7.398,2.444,-32.5423,0.842,0.191,42127,0
GO:0002682,"regulation of immune system process",1.277%, 1.619, 7.344,2.507,-30.7601,0.885,0.194,2682,0
GO:0065009,"regulation of molecular function",4.964%, 1.496, 7.728,3.095,-39.7623,0.875,0.214,65009,0
GO:0044265,"cellular macromolecule catabolic process",1.943%,-7.307,-2.793,2.688,-47.5348,0.825,0.223,44265,0
GO:0009057,"macromolecule catabolic process",2.478%,null,null,2.794,-45.4824,0.882,0.561,44265,1
GO:0044257,"cellular protein catabolic process",1.265%,null,null,2.502,-36.0824,0.818,0.954,44265,1
GO:0044248,"cellular catabolic process",9.034%,null,null,3.355,-46.0071,0.841,0.669,44265,1
GO:0019941,"modification-dependent protein catabolic process",1.185%,null,null,2.474,-33.8415,0.819,0.985,44265,1
GO:1901575,"organic substance catabolic process",9.393%,null,null,3.372,-39.5953,0.889,0.857,44265,1
GO:0043632,"modification-dependent macromolecule catabolic process",1.193%,null,null,2.477,-34.5863,0.834,0.871,44265,1
GO:0030163,"protein catabolic process",1.401%,null,null,2.547,-38.0944,0.867,0.879,44265,1
GO:0051603,"proteolysis involved in cellular protein catabolic process",1.261%,null,null,2.501,-36.0824,0.818,0.978,44265,1
GO:0006511,"ubiquitin-dependent protein catabolic process",1.169%,null,null,2.468,-33.8415,0.820,0.860,44265,1
GO:0006914,"autophagy",0.934%,null,null,2.371,-38.2059,0.883,0.508,44265,1
GO:0051239,"regulation of multicellular organismal process",4.780%, 5.223, 5.323,3.079,-88.2056,0.793,0.235,51239,0
GO:0071704,"organic substance metabolic process",48.376%,-4.922,-1.476,4.084,-290.1346,0.922,0.245,71704,0
GO:0097435,"fibril organization",0.049%, 2.040, 3.382,1.114,-31.7847,0.899,0.247,97435,0
GO:0044238,"primary metabolic process",45.882%,-5.019,-2.424,4.061,-266.5098,0.923,0.262,44238,0
GO:0006935,"chemotaxis",2.330%,-0.291, 3.796,2.767,-34.8675,0.940,0.266,6935,0
GO:0042594,"response to starvation",0.714%,null,null,2.255,-27.6061,0.940,0.584,6935,1
GO:0009991,"response to extracellular stimulus",0.926%,null,null,2.367,-27.6360,0.949,0.602,6935,1
GO:0009267,"cellular response to starvation",0.451%,null,null,2.057,-27.9813,0.873,0.900,6935,1
GO:0042330,"taxis",2.717%,null,null,2.834,-30.4608,0.941,0.764,6935,1
GO:0031667,"response to nutrient levels",0.910%,null,null,2.360,-27.7562,0.944,0.962,6935,1
GO:0021700,"developmental maturation",1.317%, 6.488,-4.396,2.520,-29.5825,0.857,0.277,21700,0
GO:0002181,"cytoplasmic translation",0.048%,-5.177,-1.061,1.114,-28.8918,0.854,0.292,2181,0
GO:0044260,"cellular macromolecule metabolic process",27.568%,-7.027,-2.355,3.839,-252.8005,0.799,0.295,44260,0
GO:0009167,"purine ribonucleoside monophosphate metabolic process",3.551%,-6.181,-2.469,2.950,-26.9770,0.783,0.296,9167,0
GO:0006796,"phosphate-containing compound metabolic process",16.387%,null,null,3.614,-87.6989,0.837,0.587,9167,1
GO:0016310,"phosphorylation",7.426%,null,null,3.270,-84.1067,0.858,0.685,9167,1
GO:0009126,"purine nucleoside monophosphate metabolic process",3.551%,null,null,2.950,-26.9770,0.783,0.955,9167,1
GO:0048589,"developmental growth",2.637%, 6.543,-4.318,2.821,-51.6354,0.836,0.306,48589,0
GO:0048638,"regulation of developmental growth",1.289%,null,null,2.511,-35.1507,0.747,0.809,48589,1
GO:0040008,"regulation of growth",2.027%,null,null,2.707,-51.6054,0.871,0.857,48589,1
GO:0045165,"cell fate commitment",3.563%, 6.133,-3.920,2.951,-55.4023,0.783,0.320,45165,0
GO:2000026,"regulation of multicellular organismal development",3.699%, 6.571, 1.847,2.968,-76.0575,0.698,0.322,2000026,0
GO:0051240,"positive regulation of multicellular organismal process",0.491%,null,null,2.093,-26.9002,0.778,0.672,2000026,1
GO:0022603,"regulation of anatomical structure morphogenesis",2.661%,null,null,2.825,-38.8231,0.712,0.813,2000026,1
GO:0050767,"regulation of neurogenesis",1.488%,null,null,2.573,-28.1510,0.672,0.854,2000026,1
GO:0051960,"regulation of nervous system development",2.310%,null,null,2.763,-47.0573,0.698,0.820,2000026,1
GO:0045595,"regulation of cell differentiation",2.785%,null,null,2.844,-53.0155,0.685,0.819,2000026,1
GO:0060284,"regulation of cell development",1.943%,null,null,2.688,-39.9772,0.686,0.778,2000026,1
GO:0051094,"positive regulation of developmental process",1.101%,null,null,2.442,-32.8175,0.725,0.721,2000026,1
GO:0051093,"negative regulation of developmental process",1.480%,null,null,2.571,-27.1951,0.730,0.750,2000026,1
GO:0043170,"macromolecule metabolic process",35.600%,-6.695,-2.751,3.951,-235.0306,0.893,0.323,43170,0
GO:0035295,"tube development",1.660%, 6.653,-2.875,2.620,-68.0788,0.831,0.324,35295,0
GO:0070647,"protein modification by small protein conjugation or removal",1.145%,-7.446,-1.507,2.459,-39.6289,0.843,0.326,70647,0
GO:0018193,"peptidyl-amino acid modification",2.697%,null,null,2.831,-28.5561,0.824,0.523,70647,1
GO:0036211,"protein modification process",9.656%,null,null,3.384,-118.9223,0.851,0.888,70647,1
GO:0006464,"cellular protein modification process",9.656%,null,null,3.384,-118.9223,0.788,0.710,70647,1
GO:0006468,"protein phosphorylation",5.127%,null,null,3.109,-59.6867,0.794,0.796,70647,1
GO:0061061,"muscle structure development",2.242%, 6.190,-4.390,2.751,-39.2641,0.838,0.334,61061,0
GO:0006793,"phosphorus metabolic process",16.427%,-6.571,-4.479,3.615,-85.0697,0.853,0.337,6793,0
GO:0050794,"regulation of cellular process",30.401%, 0.751, 7.916,3.882,-300.0000,0.770,0.348,50794,0
GO:0050789,"regulation of biological process",33.198%,null,null,3.920,-300.0000,0.826,0.581,50794,1
GO:0061024,"membrane organization",1.297%, 2.756, 4.035,2.513,-35.8794,0.889,0.350,61024,0
GO:0003002,"regionalization",3.196%, 7.189,-3.207,2.904,-35.9578,0.819,0.356,3002,0
GO:0007389,"pattern specification process",3.451%, 7.183,-3.253,2.938,-41.6232,0.817,0.360,7389,0
GO:0065008,"regulation of biological quality",8.519%, 1.452, 7.808,3.330,-97.2003,0.864,0.365,65008,0
GO:0044087,"regulation of cellular component biogenesis",1.999%, 1.388, 7.168,2.701,-49.2327,0.800,0.365,44087,0
GO:0071822,"protein complex subunit organization",4.353%,null,null,3.038,-38.6420,0.861,0.769,44087,1
GO:0022607,"cellular component assembly",6.324%,null,null,3.200,-100.4823,0.852,0.795,44087,1
GO:0070271,"protein complex biogenesis",2.203%,null,null,2.743,-30.5183,0.905,0.681,44087,1
GO:0065003,"macromolecular complex assembly",2.853%,null,null,2.855,-41.2516,0.862,0.672,44087,1
GO:0070925,"organelle assembly",1.548%,null,null,2.590,-27.8448,0.871,0.622,44087,1
GO:0034622,"cellular macromolecular complex assembly",2.003%,null,null,2.702,-31.1377,0.867,0.693,44087,1
GO:0006461,"protein complex assembly",2.199%,null,null,2.742,-30.6997,0.865,0.894,44087,1
GO:0048646,"anatomical structure formation involved in morphogenesis",4.042%, 6.057,-4.126,3.006,-63.8807,0.820,0.365,48646,0
GO:0044703,"multi-organism reproductive process",6.711%,null,null,3.226,-52.3281,0.951,0.906,48646,1
GO:0044702,"single organism reproductive process",6.229%,null,null,3.194,-52.5209,0.910,0.894,48646,1
GO:0007409,"axonogenesis",2.737%,null,null,2.837,-39.6438,0.685,0.883,48646,1
GO:0007411,"axon guidance",2.207%,null,null,2.744,-33.8357,0.656,0.937,48646,1
GO:0003006,"developmental process involved in reproduction",5.782%,null,null,3.161,-66.7214,0.813,0.822,48646,1
GO:0016043,"cellular component organization",18.686%,null,null,3.671,-248.6012,0.838,0.564,48646,1
GO:1902589,"single-organism organelle organization",8.643%,null,null,3.336,-128.0384,0.811,0.650,48646,1
GO:0007292,"female gamete generation",4.493%,null,null,3.052,-55.3019,0.850,0.857,48646,1
GO:0048609,"multicellular organismal reproductive process",6.636%,null,null,3.221,-53.5484,0.869,0.885,48646,1
GO:0016358,"dendrite development",1.843%,null,null,2.666,-26.9650,0.716,0.826,48646,1
GO:0019953,"sexual reproduction",6.644%,null,null,3.222,-52.3281,0.941,0.909,48646,1
GO:0007281,"germ cell development",5.139%,null,null,3.110,-60.5733,0.715,0.900,48646,1
GO:0007276,"gamete generation",5.889%,null,null,3.169,-58.1239,0.845,0.877,48646,1
GO:0044085,"cellular component biogenesis",6.763%,null,null,3.229,-107.6321,0.902,0.614,48646,1
GO:0048468,"cell development",11.631%,null,null,3.465,-125.4499,0.733,0.733,48646,1
GO:0000902,"cell morphogenesis",6.252%,null,null,3.195,-82.5897,0.683,0.855,48646,1
GO:0000904,"cell morphogenesis involved in differentiation",4.261%,null,null,3.029,-60.6534,0.692,0.833,48646,1
GO:0022008,"neurogenesis",10.215%,null,null,3.408,-186.3491,0.709,0.709,48646,1
GO:0097485,"neuron projection guidance",2.250%,null,null,2.752,-34.5863,0.656,0.965,48646,1
GO:0048477,"oogenesis",4.441%,null,null,3.047,-55.4935,0.720,0.613,48646,1
GO:0032990,"cell part morphogenesis",4.900%,null,null,3.090,-64.0019,0.694,0.811,48646,1
GO:0032989,"cellular component morphogenesis",6.995%,null,null,3.244,-89.5541,0.687,0.649,48646,1
GO:0032504,"multicellular organism reproduction",7.849%,null,null,3.294,-36.0759,0.883,0.822,48646,1
GO:0043933,"macromolecular complex subunit organization",6.400%,null,null,3.205,-78.0865,0.863,0.606,48646,1
GO:0048812,"neuron projection morphogenesis",4.573%,null,null,3.060,-63.2103,0.663,0.541,48646,1
GO:0030154,"cell differentiation",16.830%,null,null,3.625,-217.4694,0.724,0.592,48646,1
GO:0007552,"metamorphosis",5.355%,null,null,3.128,-56.8343,0.792,0.566,48646,1
GO:0048858,"cell projection morphogenesis",4.876%,null,null,3.087,-63.5178,0.686,0.939,48646,1
GO:0061564,"axon development",2.805%,null,null,2.848,-39.9367,0.700,0.878,48646,1
GO:0030182,"neuron differentiation",6.432%,null,null,3.208,-86.1433,0.720,0.855,48646,1
GO:0030707,"ovarian follicle cell development",2.131%,null,null,2.728,-27.8496,0.720,0.851,48646,1
GO:0031175,"neuron projection development",4.664%,null,null,3.068,-63.2736,0.680,0.884,48646,1
GO:0007010,"cytoskeleton organization",5.590%,null,null,3.147,-90.8311,0.858,0.717,48646,1
GO:0002066,"columnar/cuboidal epithelial cell development",2.135%,null,null,2.729,-28.1264,0.756,0.977,48646,1
GO:0002065,"columnar/cuboidal epithelial cell differentiation",2.147%,null,null,2.732,-29.2269,0.764,0.906,48646,1
GO:0048667,"cell morphogenesis involved in neuron differentiation",3.886%,null,null,2.989,-57.4761,0.672,0.859,48646,1
GO:0048666,"neuron development",5.606%,null,null,3.148,-72.6466,0.721,0.886,48646,1
GO:0006996,"organelle organization",11.531%,null,null,3.461,-140.2888,0.849,0.699,48646,1
GO:0022412,"cellular process involved in reproduction in multicellular organism",5.514%,null,null,3.141,-63.6604,0.821,0.780,48646,1
GO:0048699,"generation of neurons",6.887%,null,null,3.237,-101.9949,0.724,0.760,48646,1
GO:0051128,"regulation of cellular component organization",5.291%,null,null,3.123,-118.6923,0.751,0.581,48646,1
GO:0030030,"cell projection organization",5.690%,null,null,3.154,-74.1714,0.830,0.591,48646,1
GO:0043412,"macromolecule modification",9.979%,-5.779,-2.909,3.398,-121.8683,0.882,0.370,43412,0
GO:0001709,"cell fate determination",1.109%, 5.761,-4.102,2.446,-27.8516,0.814,0.378,1709,0
GO:0048569,"post-embryonic organ development",4.792%, 7.056,-3.229,3.080,-48.8329,0.788,0.378,48569,0
GO:0048513,"organ development",10.805%,null,null,3.433,-79.7459,0.767,0.655,48569,1
GO:0007399,"nervous system development",11.815%,null,null,3.472,-196.4090,0.763,0.552,48569,1
GO:0048563,"post-embryonic organ morphogenesis",4.481%,null,null,3.051,-43.0036,0.762,0.646,48569,1
GO:0044767,"single-organism developmental process",25.042%,null,null,3.798,-156.7627,0.776,0.702,48569,1
GO:0007275,"multicellular organismal development",21.658%,null,null,3.735,-155.6746,0.766,0.636,48569,1
GO:0009653,"anatomical structure morphogenesis",13.878%,null,null,3.541,-105.7260,0.809,0.557,48569,1
GO:0002165,"instar larval or pupal development",5.770%,null,null,3.160,-65.0975,0.786,0.880,48569,1
GO:0048856,"anatomical structure development",22.724%,null,null,3.756,-150.5045,0.806,0.714,48569,1
GO:0035120,"post-embryonic appendage morphogenesis",4.002%,null,null,3.002,-33.8364,0.768,0.885,48569,1
GO:0035114,"imaginal disc-derived appendage morphogenesis",4.106%,null,null,3.013,-33.5641,0.778,0.954,48569,1
GO:0035107,"appendage morphogenesis",4.114%,null,null,3.014,-34.3839,0.778,0.949,48569,1
GO:0009887,"organ morphogenesis",6.516%,null,null,3.213,-49.1795,0.760,0.688,48569,1
GO:0009886,"post-embryonic morphogenesis",5.227%,null,null,3.118,-60.2701,0.768,0.904,48569,1
GO:0048707,"instar larval or pupal morphogenesis",5.163%,null,null,3.112,-57.9093,0.767,0.922,48569,1
GO:0048732,"gland development",1.480%,null,null,2.571,-28.8070,0.819,0.547,48569,1
GO:0048731,"system development",17.660%,null,null,3.646,-171.7325,0.757,0.619,48569,1
GO:0048737,"imaginal disc-derived appendage development",4.174%,null,null,3.020,-33.8397,0.797,0.955,48569,1
GO:0046483,"heterocycle metabolic process",23.155%,-7.072,-2.084,3.764,-209.5198,0.842,0.379,46483,0
GO:0009790,"embryo development",3.787%, 6.629,-3.077,2.978,-41.3045,0.811,0.380,9790,0
GO:0006725,"cellular aromatic compound metabolic process",23.466%,-6.825,-2.068,3.770,-215.2721,0.842,0.381,6725,0
GO:0051716,"cellular response to stimulus",19.444%,-1.690, 5.561,3.688,-166.4960,0.890,0.383,51716,0
GO:0048736,"appendage development",4.182%, 6.490,-3.183,3.021,-35.2074,0.808,0.386,48736,0
GO:0044707,"single-multicellular organism process",27.588%, 6.842,-1.785,3.840,-154.4479,0.848,0.386,44707,0
GO:0032879,"regulation of localization",2.893%, 0.638, 7.173,2.861,-44.5053,0.823,0.390,32879,0
GO:0044281,"small molecule metabolic process",11.424%,-2.964,-2.093,3.457,-46.8898,0.889,0.394,44281,0
GO:0048518,"positive regulation of biological process",7.904%, 1.665, 8.258,3.297,-165.2466,0.853,0.395,48518,0
GO:0048519,"negative regulation of biological process",8.136%, 1.698, 8.292,3.310,-134.0153,0.852,0.398,48519,0
GO:0007268,"synaptic transmission",2.973%, 4.712, 3.115,2.873,-33.0181,0.884,0.406,7268,0
GO:0008104,"protein localization",4.345%,-0.920, 5.251,3.037,-64.0387,0.922,0.416,8104,0
GO:0015031,"protein transport",2.917%,null,null,2.865,-37.6765,0.919,0.839,8104,1
GO:0070727,"cellular macromolecule localization",3.128%,null,null,2.895,-56.9271,0.909,0.833,8104,1
GO:0006886,"intracellular protein transport",1.903%,null,null,2.679,-35.6637,0.906,0.909,8104,1
GO:0006605,"protein targeting",0.914%,null,null,2.362,-29.2260,0.882,0.702,8104,1
GO:0072594,"establishment of protein localization to organelle",0.862%,null,null,2.336,-27.9724,0.916,0.746,8104,1
GO:0034613,"cellular protein localization",2.677%,null,null,2.827,-49.9592,0.908,0.813,8104,1
GO:0045184,"establishment of protein localization",2.985%,null,null,2.874,-39.0302,0.921,0.851,8104,1
GO:0010467,"gene expression",15.091%,-5.959,-3.404,3.578,-104.7069,0.872,0.418,10467,0
GO:0009605,"response to external stimulus",6.592%, 0.444, 4.410,3.218,-70.3725,0.953,0.425,9605,0
GO:0048869,"cellular developmental process",17.453%, 5.882,-3.422,3.641,-221.0703,0.745,0.434,48869,0
GO:0050793,"regulation of developmental process",5.143%, 6.492, 2.443,3.111,-104.7682,0.737,0.434,50793,0
GO:0048583,"regulation of response to stimulus",7.386%, 1.143, 7.567,3.268,-114.7157,0.829,0.436,48583,0
GO:0051641,"cellular localization",5.905%,-1.174, 3.945,3.171,-117.5030,0.936,0.438,51641,0
GO:0035239,"tube morphogenesis",1.125%, 6.812,-2.831,2.452,-49.4334,0.801,0.442,35239,0
GO:0060562,"epithelial tube morphogenesis",0.910%,null,null,2.360,-45.5441,0.791,1.137,35239,1
GO:0035220,"wing disc development",4.549%,null,null,3.057,-40.7243,0.750,1.301,35239,1
GO:0007560,"imaginal disc morphogenesis",4.481%,null,null,3.051,-43.0036,0.724,1.062,35239,1
GO:0007444,"imaginal disc development",5.846%,null,null,3.166,-58.6727,0.740,1.359,35239,1
GO:0007476,"imaginal disc-derived wing morphogenesis",3.563%,null,null,2.951,-31.1369,0.726,1.446,35239,1
GO:0007472,"wing disc morphogenesis",3.623%,null,null,2.959,-31.3990,0.733,1.450,35239,1
GO:0006950,"response to stress",8.004%,-0.161, 4.150,3.303,-111.0725,0.952,0.445,6950,0
GO:0033036,"macromolecule localization",5.466%,-0.986, 5.182,3.137,-82.5682,0.937,0.447,33036,0
GO:0006897,"endocytosis",3.264%,-0.326, 5.942,2.913,-49.4859,0.936,0.452,6897,0
GO:0010646,"regulation of cell communication",6.412%, 2.616, 7.239,3.206,-90.5813,0.773,0.454,10646,0
GO:0042221,"response to chemical",8.954%, 0.322, 4.492,3.351,-28.8539,0.951,0.457,42221,0
GO:0009791,"post-embryonic development",6.121%, 6.679,-3.120,3.186,-70.1909,0.801,0.457,9791,0
GO:0009888,"tissue development",6.763%, 6.159,-4.062,3.229,-82.0837,0.831,0.461,9888,0
GO:0019220,"regulation of phosphate metabolic process",3.491%,-3.265, 6.564,2.943,-38.4689,0.727,0.461,19220,0
GO:0042325,"regulation of phosphorylation",1.584%,null,null,2.600,-35.2171,0.752,0.863,19220,1
GO:0051174,"regulation of phosphorus metabolic process",3.491%,null,null,2.943,-38.4689,0.731,0.512,19220,1
GO:0032446,"protein modification by small protein conjugation",0.950%,-6.974,-1.090,2.378,-30.3981,0.846,0.463,32446,0
GO:0019538,"protein metabolic process",20.581%,-6.344,-3.526,3.713,-92.3370,0.863,0.464,19538,0
GO:0006396,"RNA processing",3.072%,-6.473,-3.211,2.887,-61.5901,0.792,0.465,6396,0
GO:0016071,"mRNA metabolic process",2.230%,null,null,2.748,-52.3029,0.806,0.505,6396,1
GO:0006259,"DNA metabolic process",3.651%,-6.835,-3.330,2.962,-37.3419,0.800,0.467,6259,0
GO:0006139,"nucleobase-containing compound metabolic process",22.608%,-6.759,-2.763,3.753,-206.0028,0.777,0.469,6139,0
GO:0016070,"RNA metabolic process",12.270%,null,null,3.488,-154.9919,0.758,0.627,6139,1
GO:0009059,"macromolecule biosynthetic process",13.147%,null,null,3.518,-62.1662,0.813,0.762,6139,1
GO:0044249,"cellular biosynthetic process",16.711%,null,null,3.622,-78.7398,0.785,0.729,6139,1
GO:0044271,"cellular nitrogen compound biosynthetic process",11.029%,null,null,3.442,-70.8411,0.775,0.674,6139,1
GO:1901576,"organic substance biosynthetic process",16.850%,null,null,3.626,-74.4970,0.832,0.815,6139,1
GO:0019438,"aromatic compound biosynthetic process",10.817%,null,null,3.433,-101.9770,0.781,0.671,6139,1
GO:0090304,"nucleic acid metabolic process",15.366%,null,null,3.586,-182.2142,0.776,0.669,6139,1
GO:0018130,"heterocycle biosynthetic process",10.857%,null,null,3.435,-102.8679,0.781,0.607,6139,1
GO:1901362,"organic cyclic compound biosynthetic process",11.041%,null,null,3.442,-101.0742,0.819,0.658,6139,1
GO:0034641,"cellular nitrogen compound metabolic process",23.749%,null,null,3.775,-159.3984,0.800,0.681,6139,1
GO:0016192,"vesicle-mediated transport",4.748%,-0.910, 5.581,3.076,-90.5530,0.933,0.480,16192,0
GO:0050790,"regulation of catalytic activity",4.756%, 0.883, 8.057,3.077,-30.8591,0.782,0.484,50790,0
GO:0080090,"regulation of primary metabolic process",14.129%,null,null,3.549,-174.5920,0.725,0.761,50790,1
GO:0031323,"regulation of cellular metabolic process",13.662%,null,null,3.535,-170.9680,0.685,0.769,50790,1
GO:0031326,"regulation of cellular biosynthetic process",9.385%,null,null,3.372,-85.9074,0.656,0.896,50790,1
GO:0051252,"regulation of RNA metabolic process",8.623%,null,null,3.335,-81.1337,0.631,0.748,50790,1
GO:2001141,"regulation of RNA biosynthetic process",8.104%,null,null,3.308,-67.0064,0.611,0.887,50790,1
GO:0019219,"regulation of nucleobase-containing compound metabolic process",10.610%,null,null,3.425,-85.5026,0.651,0.842,50790,1
GO:0010556,"regulation of macromolecule biosynthetic process",9.022%,null,null,3.354,-83.0150,0.671,0.898,50790,1
GO:0010468,"regulation of gene expression",10.418%,null,null,3.417,-104.9325,0.692,0.707,50790,1
GO:2000112,"regulation of cellular macromolecule biosynthetic process",8.882%,null,null,3.348,-82.7221,0.631,0.753,50790,1
GO:0060255,"regulation of macromolecule metabolic process",13.135%,null,null,3.518,-174.8413,0.706,0.598,50790,1
GO:0009889,"regulation of biosynthetic process",9.389%,null,null,3.372,-86.2045,0.719,0.691,50790,1
GO:0051171,"regulation of nitrogen compound metabolic process",10.881%,null,null,3.436,-101.8867,0.719,0.715,50790,1
GO:0034645,"cellular macromolecule biosynthetic process",12.996%,null,null,3.513,-61.9746,0.749,0.790,50790,1
GO:0044267,"cellular protein metabolic process",14.229%,-7.033,-2.913,3.552,-108.2785,0.789,0.485,44267,0
GO:0071702,"organic substance transport",4.501%,-0.614, 5.850,3.053,-27.1420,0.933,0.485,71702,0
GO:0019222,"regulation of metabolic process",16.308%,-0.638, 7.665,3.612,-187.9471,0.801,0.490,19222,0
GO:0006397,"mRNA processing",2.039%,-6.307,-3.295,2.709,-44.1566,0.795,0.499,6397,0
GO:0000377,"RNA splicing, via transesterification reactions with bulged adenosine as nucleophile",1.544%,null,null,2.589,-37.1309,0.801,0.984,6397,1
GO:0000375,"RNA splicing, via transesterification reactions",1.548%,null,null,2.590,-37.4713,0.801,0.967,6397,1
GO:0000398,"mRNA splicing, via spliceosome",1.544%,null,null,2.589,-37.1309,0.800,0.922,6397,1
GO:0008380,"RNA splicing",1.656%,null,null,2.619,-40.1060,0.801,0.845,6397,1
