term_ID,description,frequency,plot_X,plot_Y,plot_size,log10 p-value,uniqueness,dispensability,representative,eliminated
GO:0002376,"immune system process",29.354%, 3.033, 2.910,4.411,-21.2814,0.996,0.000,2376,0
GO:0007049,"cell cycle",3.703%,-6.060, 0.287,3.512,-75.5169,0.902,0.000,7049,0
GO:0007155,"cell adhesion",2.821%, 1.417, 1.080,3.394,-26.1222,0.994,0.000,7155,0
GO:0008152,"metabolic process",54.733%, 1.258, 2.035,4.682,-55.7917,0.997,0.000,8152,0
GO:0009719,"response to endogenous stimulus",3.718%,-5.392,-2.610,3.514,-39.0619,0.967,0.000,9719,0
GO:0009987,"cellular process",59.614%,-1.525, 0.248,4.719,-265.3905,0.998,0.000,9987,0
GO:0010604,"positive regulation of macromolecule metabolic process",4.917%, 4.941,-5.566,3.635,-79.0503,0.635,0.000,10604,0
GO:0048523,"negative regulation of cellular process",7.863%,null,null,3.839,-47.7318,0.755,0.779,10604,1
GO:0031324,"negative regulation of cellular metabolic process",3.678%,null,null,3.509,-25.0719,0.662,0.936,10604,1
GO:1902680,"positive regulation of RNA biosynthetic process",2.779%,null,null,3.387,-36.0605,0.562,0.929,10604,1
GO:0031329,"regulation of cellular catabolic process",2.423%,null,null,3.328,-22.0623,0.645,0.761,10604,1
GO:0031328,"positive regulation of cellular biosynthetic process",3.341%,null,null,3.467,-41.3454,0.607,0.954,10604,1
GO:0031325,"positive regulation of cellular metabolic process",5.082%,null,null,3.649,-72.2464,0.618,0.921,10604,1
GO:0051246,"regulation of protein metabolic process",4.423%,null,null,3.589,-42.9163,0.678,0.533,10604,1
GO:0051247,"positive regulation of protein metabolic process",2.220%,null,null,3.290,-44.9214,0.630,0.809,10604,1
GO:0019220,"regulation of phosphate metabolic process",4.763%,null,null,3.621,-24.4086,0.662,0.824,10604,1
GO:0051254,"positive regulation of RNA metabolic process",2.813%,null,null,3.393,-37.5044,0.574,0.938,10604,1
GO:0048585,"negative regulation of response to stimulus",2.501%,null,null,3.342,-19.5976,0.860,0.642,10604,1
GO:0045935,"positive regulation of nucleobase-containing compound metabolic process",3.128%,null,null,3.439,-37.7130,0.607,0.945,10604,1
GO:0010628,"positive regulation of gene expression",2.987%,null,null,3.419,-39.4957,0.643,0.846,10604,1
GO:0010605,"negative regulation of macromolecule metabolic process",3.670%,null,null,3.508,-31.3943,0.671,0.517,10604,1
GO:0043085,"positive regulation of catalytic activity",3.352%,null,null,3.469,-27.3197,0.687,0.861,10604,1
GO:0051347,"positive regulation of transferase activity",1.092%,null,null,2.982,-30.6192,0.721,0.733,10604,1
GO:0010557,"positive regulation of macromolecule biosynthetic process",3.143%,null,null,3.441,-44.5847,0.625,0.852,10604,1
GO:0010562,"positive regulation of phosphorus metabolic process",1.863%,null,null,3.214,-24.5055,0.651,0.789,10604,1
GO:0042325,"regulation of phosphorylation",2.769%,null,null,3.386,-26.1494,0.682,0.873,10604,1
GO:0009896,"positive regulation of catabolic process",0.386%,null,null,2.531,-27.9973,0.717,0.644,10604,1
GO:0009892,"negative regulation of metabolic process",3.994%,null,null,3.545,-30.5211,0.729,0.688,10604,1
GO:0009891,"positive regulation of biosynthetic process",3.388%,null,null,3.473,-43.7491,0.669,0.862,10604,1
GO:0051173,"positive regulation of nitrogen compound metabolic process",3.225%,null,null,3.452,-38.6488,0.676,0.856,10604,1
GO:0022610,"biological adhesion",2.826%, 2.709,-1.028,3.395,-26.1966,0.994,0.000,22610,0
GO:0023052,"signaling",17.329%, 1.492, 4.057,4.182,-139.5527,0.995,0.000,23052,0
GO:0032501,"multicellular organismal process",15.657%, 1.490,-1.001,4.138,-77.1341,0.995,0.000,32501,0
GO:0032502,"developmental process",13.055%, 0.101, 1.931,4.059,-28.1878,0.995,0.000,32502,0
GO:0040011,"locomotion",3.285%,-0.972,-0.634,3.460,-22.6337,0.994,0.000,40011,0
GO:0044085,"cellular component biogenesis",4.871%,-2.276, 4.477,3.631,-93.8204,0.915,0.000,44085,0
GO:0071822,"protein complex subunit organization",3.467%,null,null,3.483,-43.9036,0.855,0.567,44085,1
GO:0016043,"cellular component organization",12.380%,null,null,4.036,-151.1779,0.836,0.708,44085,1
GO:0022613,"ribonucleoprotein complex biogenesis",0.598%,null,null,2.721,-32.6322,0.921,0.701,44085,1
GO:1902589,"single-organism organelle organization",5.234%,null,null,3.662,-27.7706,0.826,0.736,44085,1
GO:0006364,"rRNA processing",0.206%,null,null,2.260,-20.6265,0.736,0.854,44085,1
GO:0061024,"membrane organization",1.629%,null,null,3.156,-33.0691,0.874,0.507,44085,1
GO:0051276,"chromosome organization",2.327%,null,null,3.310,-37.7207,0.865,0.534,44085,1
GO:0006325,"chromatin organization",1.762%,null,null,3.189,-27.5830,0.860,0.753,44085,1
GO:0022607,"cellular component assembly",4.569%,null,null,3.603,-75.0615,0.844,0.593,44085,1
GO:0070271,"protein complex biogenesis",2.588%,null,null,3.356,-40.4300,0.908,0.853,44085,1
GO:0043623,"cellular protein complex assembly",1.060%,null,null,2.969,-24.2215,0.864,0.753,44085,1
GO:0044087,"regulation of cellular component biogenesis",1.045%,null,null,2.963,-19.8530,0.852,0.752,44085,1
GO:0065003,"macromolecular complex assembly",2.983%,null,null,3.418,-64.3778,0.849,0.871,44085,1
GO:0043933,"macromolecular complex subunit organization",5.276%,null,null,3.666,-91.1647,0.854,0.720,44085,1
GO:0042254,"ribosome biogenesis",0.322%,null,null,2.453,-19.6066,0.924,0.652,44085,1
GO:0006996,"organelle organization",7.033%,null,null,3.790,-71.0000,0.848,0.763,44085,1
GO:0051128,"regulation of cellular component organization",3.835%,null,null,3.527,-38.5806,0.747,0.576,44085,1
GO:0034622,"cellular macromolecular complex assembly",1.656%,null,null,3.163,-57.4219,0.858,0.800,44085,1
GO:0006461,"protein complex assembly",2.584%,null,null,3.356,-40.4300,0.850,0.879,44085,1
GO:0044699,"single-organism process",71.655%, 2.790, 5.699,4.799,-168.3992,0.998,0.000,44699,0
GO:0046907,"intracellular transport",3.541%,-2.095, 6.079,3.493,-56.9579,0.887,0.000,46907,0
GO:1902582,"single-organism intracellular transport",2.514%,null,null,3.344,-37.1996,0.877,0.786,46907,1
GO:1902580,"single-organism cellular localization",1.731%,null,null,3.182,-41.8661,0.888,0.706,46907,1
GO:0051656,"establishment of organelle localization",0.611%,null,null,2.730,-21.0368,0.908,0.619,46907,1
GO:0051640,"organelle localization",0.880%,null,null,2.888,-19.0616,0.906,0.647,46907,1
GO:0051649,"establishment of localization in cell",5.403%,null,null,3.676,-65.2995,0.883,0.834,46907,1
GO:0050896,"response to stimulus",47.248%,-0.557, 1.606,4.618,-147.7084,0.997,0.000,50896,0
GO:0051179,"localization",18.927%, 0.204,-0.417,4.220,-79.8112,0.995,0.000,51179,0
GO:0065007,"biological regulation",51.216%, 1.692, 3.905,4.653,-172.5601,0.997,0.000,65007,0
GO:0071840,"cellular component organization or biogenesis",12.603%, 2.485, 5.053,4.044,-158.3005,0.995,0.000,71840,0
GO:0007606,"sensory perception of chemical stimulus",0.957%,-1.269, 4.363,2.925,-69.4384,0.937,0.024,7606,0
GO:0050906,"detection of stimulus involved in sensory perception",0.908%,null,null,2.902,-25.7110,0.914,0.852,7606,1
GO:0050907,"detection of chemical stimulus involved in sensory perception",0.794%,null,null,2.844,-25.9729,0.897,0.952,7606,1
GO:0050877,"neurological system process",2.809%,null,null,3.392,-41.0470,0.934,0.737,7606,1
GO:0009593,"detection of chemical stimulus",0.871%,null,null,2.884,-22.7723,0.945,0.923,7606,1
GO:0007608,"sensory perception of smell",0.790%,null,null,2.841,-48.8049,0.938,0.840,7606,1
GO:0007600,"sensory perception",1.733%,null,null,3.182,-51.6097,0.935,0.798,7606,1
GO:0008283,"cell proliferation",4.075%,-0.589, 0.908,3.554,-19.3171,0.980,0.029,8283,0
GO:0044033,"multi-organism metabolic process",0.213%, 3.118, 0.306,2.274,-28.7223,0.925,0.060,44033,0
GO:0016032,"viral process",0.955%,null,null,2.924,-28.0855,0.910,0.551,44033,1
GO:0044764,"multi-organism cellular process",0.977%,null,null,2.933,-27.9671,0.917,0.652,44033,1
GO:0044419,"interspecies interaction between organisms",1.105%,null,null,2.987,-28.3784,0.970,0.651,44033,1
GO:0019058,"viral life cycle",0.401%,null,null,2.548,-27.5169,0.917,0.901,44033,1
GO:0019080,"viral gene expression",0.186%,null,null,2.215,-27.3480,0.823,0.838,44033,1
GO:0019083,"viral transcription",0.174%,null,null,2.188,-24.2795,0.769,0.971,44033,1
GO:0044403,"symbiosis, encompassing mutualism through parasitism",1.105%,null,null,2.987,-28.5422,0.964,0.973,44033,1
GO:0007059,"chromosome segregation",0.438%,-2.612, 2.572,2.585,-24.1372,0.923,0.099,7059,0
GO:0051606,"detection of stimulus",1.214%,-3.427,-1.892,3.028,-24.4006,0.971,0.103,51606,0
GO:0044093,"positive regulation of molecular function",3.848%,-1.166,-5.009,3.529,-34.1728,0.886,0.104,44093,0
GO:0050790,"regulation of catalytic activity",5.262%,null,null,3.665,-32.9892,0.730,0.841,44093,1
GO:0051338,"regulation of transferase activity",1.829%,null,null,3.206,-29.2402,0.763,0.718,44093,1
GO:0044092,"negative regulation of molecular function",1.921%,null,null,3.227,-19.4012,0.895,0.723,44093,1
GO:0080134,"regulation of response to stress",1.961%,-2.743,-4.754,3.236,-37.7190,0.889,0.110,80134,0
GO:0031347,"regulation of defense response",1.124%,null,null,2.994,-19.0414,0.890,0.546,80134,1
GO:0031349,"positive regulation of defense response",0.630%,null,null,2.744,-19.0403,0.871,0.807,80134,1
GO:0033554,"cellular response to stress",3.483%,null,null,3.485,-33.2235,0.867,0.630,80134,1
GO:0002758,"innate immune response-activating signal transduction",0.408%,null,null,2.555,-17.9249,0.784,0.840,80134,1
GO:0071495,"cellular response to endogenous stimulus",2.579%,-2.791,-2.598,3.355,-35.1223,0.964,0.114,71495,0
GO:0009725,"response to hormone",2.314%,null,null,3.308,-19.6467,0.941,0.854,71495,1
GO:0050793,"regulation of developmental process",4.431%,-5.101,-5.047,3.590,-33.0783,0.864,0.115,50793,0
GO:0048513,"organ development",7.380%,null,null,3.811,-23.7442,0.895,0.762,50793,1
GO:0051240,"positive regulation of multicellular organismal process",1.418%,null,null,3.095,-19.8082,0.851,0.719,50793,1
GO:0044767,"single-organism developmental process",12.982%,null,null,4.057,-32.1941,0.918,0.686,50793,1
GO:0022603,"regulation of anatomical structure morphogenesis",1.794%,null,null,3.197,-19.5369,0.867,0.807,50793,1
GO:0007275,"multicellular organismal development",11.228%,null,null,3.994,-25.5535,0.892,0.837,50793,1
GO:0009653,"anatomical structure morphogenesis",5.999%,null,null,3.721,-26.6420,0.938,0.729,50793,1
GO:2000026,"regulation of multicellular organismal development",3.472%,null,null,3.484,-24.7739,0.829,0.547,50793,1
GO:2000027,"regulation of organ morphogenesis",0.521%,null,null,2.661,-21.4413,0.859,0.691,50793,1
GO:0030154,"cell differentiation",8.015%,null,null,3.847,-26.1283,0.839,0.775,50793,1
GO:0048856,"anatomical structure development",11.534%,null,null,4.005,-26.1498,0.934,0.843,50793,1
GO:0045595,"regulation of cell differentiation",3.246%,null,null,3.455,-18.5526,0.752,0.878,50793,1
GO:0048869,"cellular developmental process",8.570%,null,null,3.876,-27.1566,0.839,0.787,50793,1
GO:0051094,"positive regulation of developmental process",1.985%,null,null,3.241,-18.8355,0.838,0.818,50793,1
GO:0048731,"system development",9.834%,null,null,3.936,-22.0313,0.891,0.812,50793,1
GO:0009058,"biosynthetic process",19.017%, 5.553,-1.057,4.222,-30.5703,0.899,0.117,9058,0
GO:0022402,"cell cycle process",2.580%,-4.511, 0.432,3.355,-73.8199,0.852,0.125,22402,0
GO:0000278,"mitotic cell cycle",1.725%,null,null,3.180,-58.0882,0.858,0.823,22402,1
GO:0098813,"nuclear chromosome segregation",0.345%,null,null,2.481,-27.7267,0.871,0.681,22402,1
GO:0051726,"regulation of cell cycle",1.952%,null,null,3.234,-35.4368,0.765,0.836,22402,1
GO:0044772,"mitotic cell cycle phase transition",0.830%,null,null,2.863,-47.8222,0.855,0.887,22402,1
GO:0044770,"cell cycle phase transition",0.847%,null,null,2.872,-47.8686,0.863,0.753,22402,1
GO:0044839,"cell cycle G2/M phase transition",0.234%,null,null,2.314,-23.7947,0.873,0.780,22402,1
GO:0007346,"regulation of mitotic cell cycle",0.775%,null,null,2.833,-23.2695,0.781,0.880,22402,1
GO:0000819,"sister chromatid segregation",0.236%,null,null,2.318,-24.7943,0.826,0.923,22402,1
GO:0010564,"regulation of cell cycle process",1.104%,null,null,2.987,-28.0227,0.773,0.818,22402,1
GO:1901987,"regulation of cell cycle phase transition",0.520%,null,null,2.660,-23.9879,0.785,0.941,22402,1
GO:1901990,"regulation of mitotic cell cycle phase transition",0.505%,null,null,2.647,-23.9062,0.784,0.939,22402,1
GO:0007062,"sister chromatid cohesion",0.062%,null,null,1.740,-18.2847,0.844,0.828,22402,1
GO:0000086,"G2/M transition of mitotic cell cycle",0.231%,null,null,2.310,-22.2035,0.876,0.653,22402,1
GO:1903047,"mitotic cell cycle process",1.493%,null,null,3.118,-64.1834,0.851,0.807,22402,1
GO:0007186,"G-protein coupled receptor signaling pathway",3.393%,-3.428,-6.112,3.474,-68.8773,0.750,0.130,7186,0
GO:0044700,"single organism signaling",17.329%,null,null,4.182,-140.1362,0.913,0.809,7186,1
GO:0023051,"regulation of signaling",6.570%,null,null,3.761,-48.9548,0.861,0.637,7186,1
GO:0048013,"ephrin receptor signaling pathway",0.101%,null,null,1.954,-18.2110,0.825,0.664,7186,1
GO:0016055,"Wnt signaling pathway",0.887%,null,null,2.892,-26.6051,0.786,0.543,7186,1
GO:0035556,"intracellular signal transduction",6.704%,null,null,3.770,-41.5937,0.733,0.640,7186,1
GO:0010646,"regulation of cell communication",6.570%,null,null,3.761,-48.7789,0.760,0.631,7186,1
GO:0007167,"enzyme linked receptor protein signaling pathway",2.356%,null,null,3.316,-47.0896,0.761,0.617,7186,1
GO:0007166,"cell surface receptor signaling pathway",8.919%,null,null,3.894,-43.6340,0.722,0.683,7186,1
GO:0007165,"signal transduction",16.054%,null,null,4.149,-136.3256,0.697,0.556,7186,1
GO:0007169,"transmembrane receptor protein tyrosine kinase signaling pathway",1.599%,null,null,3.147,-42.4752,0.771,0.586,7186,1
GO:0009056,"catabolic process",7.851%, 5.202, 2.790,3.838,-22.8138,0.914,0.130,9056,0
GO:0006928,"movement of cell or subcellular component",3.830%,-4.497,-0.127,3.527,-35.8199,0.902,0.132,6928,0
GO:0051716,"cellular response to stimulus",19.092%, 0.648,-5.921,4.224,-148.0797,0.883,0.160,51716,0
GO:0044763,"single-organism cellular process",45.302%, 4.050,-4.561,4.599,-100.9973,0.884,0.171,44763,0
GO:0007154,"cell communication",17.535%,-0.106,-3.267,4.187,-136.7512,0.877,0.173,7154,0
GO:0050789,"regulation of biological process",49.744%,-1.595,-7.928,4.640,-170.1590,0.874,0.176,50789,0
GO:0065009,"regulation of molecular function",6.209%,-2.149,-5.597,3.736,-42.9381,0.912,0.188,65009,0
GO:0006950,"response to stress",8.191%,-4.403,-3.240,3.857,-44.2383,0.964,0.190,6950,0
GO:0006725,"cellular aromatic compound metabolic process",24.907%, 7.006,-3.578,4.340,-71.6296,0.803,0.191,6725,0
GO:0042221,"response to chemical",8.684%,-5.873,-3.204,3.882,-67.2753,0.964,0.193,42221,0
GO:0065008,"regulation of biological quality",7.337%,-2.826,-6.012,3.809,-49.8822,0.910,0.197,65008,0
GO:0006807,"nitrogen compound metabolic process",26.566%, 6.164,-2.722,4.368,-56.9878,0.892,0.201,6807,0
GO:0048519,"negative regulation of biological process",8.588%,-3.405,-7.928,3.877,-48.7251,0.902,0.207,48519,0
GO:0016071,"mRNA metabolic process",1.098%, 7.952, 0.845,2.985,-55.2756,0.772,0.225,16071,0
GO:0043170,"macromolecule metabolic process",29.866%, 7.694,-2.212,4.418,-89.2439,0.839,0.230,43170,0
GO:0044265,"cellular macromolecule catabolic process",1.775%, 7.986, 0.323,3.193,-51.7307,0.720,0.241,44265,0
GO:0031331,"positive regulation of cellular catabolic process",0.268%,null,null,2.373,-23.8598,0.671,0.925,44265,1
GO:0009057,"macromolecule catabolic process",2.264%,null,null,3.298,-44.5128,0.787,0.619,44265,1
GO:0044257,"cellular protein catabolic process",1.212%,null,null,3.027,-25.9528,0.698,0.917,44265,1
GO:0043161,"proteasome-mediated ubiquitin-dependent protein catabolic process",0.459%,null,null,2.606,-31.5155,0.720,0.786,44265,1
GO:0044248,"cellular catabolic process",6.840%,null,null,3.778,-27.3770,0.770,0.743,44265,1
GO:1901575,"organic substance catabolic process",7.339%,null,null,3.809,-22.7709,0.800,0.886,44265,1
GO:0019941,"modification-dependent protein catabolic process",1.077%,null,null,2.976,-26.6837,0.697,0.986,44265,1
GO:0043632,"modification-dependent macromolecule catabolic process",1.081%,null,null,2.978,-29.1135,0.730,0.865,44265,1
GO:0042176,"regulation of protein catabolic process",0.460%,null,null,2.607,-22.7226,0.664,0.787,44265,1
GO:0010498,"proteasomal protein catabolic process",0.487%,null,null,2.631,-32.0456,0.720,0.819,44265,1
GO:1903364,"positive regulation of cellular protein catabolic process",0.002%,null,null,0.477,-24.0206,0.711,0.503,44265,1
GO:1903362,"regulation of cellular protein catabolic process",0.220%,null,null,2.288,-21.2541,0.635,0.881,44265,1
GO:0030163,"protein catabolic process",1.538%,null,null,3.131,-25.1277,0.743,0.902,44265,1
GO:0009894,"regulation of catabolic process",2.662%,null,null,3.369,-25.3446,0.716,0.633,44265,1
GO:0006401,"RNA catabolic process",0.316%,null,null,2.444,-24.5534,0.730,0.756,44265,1
GO:0051603,"proteolysis involved in cellular protein catabolic process",1.180%,null,null,3.016,-26.5302,0.695,0.970,44265,1
GO:0006511,"ubiquitin-dependent protein catabolic process",1.057%,null,null,2.968,-27.4655,0.697,0.903,44265,1
GO:0031145,"anaphase-promoting complex-dependent proteasomal ubiquitin-dependent protein catabolic process",0.103%,null,null,1.959,-26.7156,0.755,0.864,44265,1
GO:0045732,"positive regulation of protein catabolic process",0.237%,null,null,2.320,-25.7333,0.643,0.735,44265,1
GO:0042981,"regulation of apoptotic process",3.144%,-0.745,-7.540,3.441,-25.5801,0.773,0.257,42981,0
GO:0060548,"negative regulation of cell death",1.853%,null,null,3.211,-20.2830,0.763,0.884,42981,1
GO:0043069,"negative regulation of programmed cell death",1.726%,null,null,3.181,-20.3889,0.764,0.963,42981,1
GO:0043066,"negative regulation of apoptotic process",1.702%,null,null,3.175,-19.6206,0.764,0.888,42981,1
GO:0043067,"regulation of programmed cell death",3.163%,null,null,3.444,-26.4686,0.773,0.953,42981,1
GO:0012501,"programmed cell death",4.106%,null,null,3.557,-28.1337,0.869,0.927,42981,1
GO:0010941,"regulation of cell death",3.315%,null,null,3.464,-27.7750,0.774,0.864,42981,1
GO:0008219,"cell death",4.485%,null,null,3.595,-28.9286,0.867,0.941,42981,1
GO:0006915,"apoptotic process",4.058%,null,null,3.552,-27.5339,0.868,0.919,42981,1
GO:0042127,"regulation of cell proliferation",3.148%,-0.299,-8.563,3.442,-21.8720,0.810,0.257,42127,0
GO:0044237,"cellular metabolic process",42.121%, 6.053,-4.864,4.568,-66.3856,0.836,0.263,44237,0
GO:0019222,"regulation of metabolic process",17.756%, 3.106,-7.081,4.193,-63.2528,0.840,0.269,19222,0
GO:0006508,"proteolysis",4.713%, 6.975, 0.378,3.617,-25.2613,0.788,0.279,6508,0
GO:0044267,"cellular protein metabolic process",12.981%,null,null,4.057,-61.7450,0.700,0.577,6508,1
GO:0044238,"primary metabolic process",41.881%, 6.713,-3.579,4.565,-61.8533,0.881,0.314,44238,0
GO:0071704,"organic substance metabolic process",42.826%, 6.522,-3.668,4.575,-57.4310,0.880,0.319,71704,0
GO:0006793,"phosphorus metabolic process",17.457%, 7.393,-3.620,4.185,-30.9707,0.817,0.319,6793,0
GO:0048583,"regulation of response to stimulus",26.518%,-3.574,-6.480,4.367,-50.3866,0.864,0.322,48583,0
GO:0043488,"regulation of mRNA stability",0.087%, 5.388,-1.721,1.886,-17.7102,0.790,0.325,43488,0
GO:0048522,"positive regulation of cellular process",8.548%, 0.202,-8.184,3.875,-88.2287,0.770,0.325,48522,0
GO:0002223,"stimulatory C-type lectin receptor signaling pathway",0.006%,-1.848,-5.992,0.778,-24.0483,0.842,0.335,2223,0
GO:0002220,"innate immune response activating cell surface receptor signaling pathway",0.006%,null,null,0.778,-23.2204,0.842,0.561,2223,1
GO:0048518,"positive regulation of biological process",28.712%,-1.976,-8.110,4.401,-85.5314,0.879,0.335,48518,0
GO:0016072,"rRNA metabolic process",0.219%, 7.429, 2.183,2.286,-20.8538,0.804,0.336,16072,0
GO:0050794,"regulation of cellular process",28.971%, 1.190,-7.667,4.405,-153.8193,0.827,0.337,50794,0
GO:0007164,"establishment of tissue polarity",0.075%,-5.260, 1.732,1.826,-23.6257,0.948,0.343,7164,0
GO:0006413,"translational initiation",0.465%, 6.815, 1.472,2.612,-23.1933,0.756,0.349,6413,0
GO:0046483,"heterocycle metabolic process",24.799%, 7.007,-3.809,4.338,-71.4470,0.804,0.359,46483,0
GO:0001738,"morphogenesis of a polarized epithelium",0.093%,-4.522, 1.341,1.919,-23.0661,0.943,0.373,1738,0
GO:1901360,"organic cyclic compound metabolic process",25.430%, 7.193,-1.886,4.349,-65.9859,0.844,0.376,1901360,0
GO:0016477,"cell migration",2.372%,-2.718, 5.338,3.319,-19.0652,0.842,0.381,16477,0
GO:0048870,"cell motility",2.570%,null,null,3.353,-18.4857,0.840,0.964,16477,1
GO:0006397,"mRNA processing",0.818%, 7.392, 1.231,2.857,-31.6438,0.756,0.384,6397,0
GO:0000956,"nuclear-transcribed mRNA catabolic process",0.245%,null,null,2.334,-23.6879,0.728,0.825,6397,1
GO:0000377,"RNA splicing, via transesterification reactions with bulged adenosine as nucleophile",0.423%,null,null,2.571,-29.9829,0.778,0.993,6397,1
GO:0000375,"RNA splicing, via transesterification reactions",0.428%,null,null,2.576,-30.4188,0.778,0.916,6397,1
GO:0000398,"mRNA splicing, via spliceosome",0.423%,null,null,2.571,-29.9829,0.770,0.869,6397,1
GO:0006402,"mRNA catabolic process",0.271%,null,null,2.378,-23.7979,0.726,0.963,6397,1
GO:0008380,"RNA splicing",0.652%,null,null,2.758,-25.7409,0.770,0.823,6397,1
GO:0000184,"nuclear-transcribed mRNA catabolic process, nonsense-mediated decay",0.142%,null,null,2.100,-22.5473,0.741,0.938,6397,1
GO:0051674,"localization of cell",2.570%,-1.428, 6.165,3.353,-18.4857,0.924,0.385,51674,0
GO:0044260,"cellular macromolecule metabolic process",25.627%, 7.088,-2.377,4.352,-98.5044,0.721,0.388,44260,0
GO:0019538,"protein metabolic process",17.009%,null,null,4.174,-51.3709,0.789,0.541,44260,1
GO:0010467,"gene expression",15.379%,null,null,4.130,-72.8265,0.793,0.524,44260,1
GO:0034660,"ncRNA metabolic process",0.917%, 7.264, 1.065,2.906,-18.2993,0.776,0.389,34660,0
GO:0007267,"cell-cell signaling",2.522%,-6.535,-2.040,3.345,-25.5767,0.865,0.410,7267,0
GO:0003008,"system process",4.235%, 0.712, 6.025,3.570,-57.4833,0.941,0.411,3008,0
GO:0044707,"single-multicellular organism process",15.092%,null,null,4.122,-40.5359,0.931,0.619,3008,1
GO:0051239,"regulation of multicellular organismal process",5.506%,null,null,3.684,-37.4948,0.870,0.653,3008,1
GO:0071310,"cellular response to organic substance",4.572%,-5.624,-4.413,3.603,-36.0405,0.852,0.414,71310,0
GO:1901701,"cellular response to oxygen-containing compound",1.893%,null,null,3.221,-18.0576,0.868,0.781,71310,1
GO:1901700,"response to oxygen-containing compound",3.064%,null,null,3.430,-26.7359,0.945,0.679,71310,1
GO:0070887,"cellular response to chemical stimulus",5.433%,null,null,3.678,-34.4363,0.850,0.782,71310,1
GO:0070848,"response to growth factor",1.438%,null,null,3.101,-17.9471,0.948,0.716,71310,1
GO:0010033,"response to organic substance",6.118%,null,null,3.730,-45.3465,0.940,0.759,71310,1
GO:0006396,"RNA processing",1.631%, 7.528, 0.484,3.156,-42.6353,0.757,0.415,6396,0
GO:0035567,"non-canonical Wnt signaling pathway",0.083%,-2.985,-6.919,1.869,-27.3819,0.824,0.420,35567,0
GO:0060071,"Wnt signaling pathway, planar cell polarity pathway",0.065%,null,null,1.763,-23.4918,0.771,0.649,35567,1
GO:0090175,"regulation of establishment of planar polarity",0.067%,null,null,1.778,-23.4918,0.876,0.982,35567,1
GO:0001736,"establishment of planar polarity",0.075%,null,null,1.826,-23.6257,0.940,0.992,35567,1
GO:0006259,"DNA metabolic process",3.159%, 7.893,-0.282,3.443,-20.2854,0.748,0.421,6259,0
GO:0008104,"protein localization",4.788%,-1.951, 6.147,3.624,-53.6643,0.889,0.423,8104,0
GO:0015031,"protein transport",3.600%,null,null,3.500,-35.9653,0.885,0.877,8104,1
GO:0070727,"cellular macromolecule localization",3.140%,null,null,3.440,-43.6904,0.884,0.834,8104,1
GO:0033365,"protein localization to organelle",1.274%,null,null,3.049,-41.3715,0.887,0.857,8104,1
GO:0006886,"intracellular protein transport",2.201%,null,null,3.286,-26.7910,0.877,0.921,8104,1
GO:0070972,"protein localization to endoplasmic reticulum",0.196%,null,null,2.238,-19.2337,0.902,0.791,8104,1
GO:0006605,"protein targeting",1.102%,null,null,2.986,-28.4747,0.874,0.841,8104,1
GO:0072599,"establishment of protein localization to endoplasmic reticulum",0.160%,null,null,2.149,-19.3300,0.900,0.962,8104,1
GO:0006613,"cotranslational protein targeting to membrane",0.156%,null,null,2.140,-18.7941,0.799,0.892,8104,1
GO:0045047,"protein targeting to ER",0.158%,null,null,2.146,-19.8948,0.888,0.993,8104,1
GO:0006614,"SRP-dependent cotranslational protein targeting to membrane",0.150%,null,null,2.124,-18.4627,0.794,0.772,8104,1
GO:0072594,"establishment of protein localization to organelle",0.948%,null,null,2.921,-36.2945,0.885,0.705,8104,1
GO:0034613,"cellular protein localization",3.129%,null,null,3.439,-42.9141,0.875,0.834,8104,1
GO:0045184,"establishment of protein localization",3.785%,null,null,3.522,-43.6957,0.887,0.859,8104,1
GO:0009967,"positive regulation of signal transduction",2.348%,-1.227,-6.964,3.314,-28.0217,0.706,0.430,9967,0
GO:0023056,"positive regulation of signaling",2.489%,null,null,3.339,-28.3706,0.833,0.683,9967,1
GO:0023057,"negative regulation of signaling",2.197%,null,null,3.285,-21.6809,0.832,0.672,9967,1
GO:0010648,"negative regulation of cell communication",2.203%,null,null,3.286,-21.4240,0.758,0.672,9967,1
GO:0010647,"positive regulation of cell communication",2.500%,null,null,3.341,-27.9340,0.731,0.684,9967,1
GO:0060070,"canonical Wnt signaling pathway",0.467%,null,null,2.614,-17.8992,0.794,0.836,9967,1
GO:0033043,"regulation of organelle organization",1.797%,null,null,3.198,-17.9457,0.765,0.775,9967,1
GO:0030178,"negative regulation of Wnt signaling pathway",0.292%,null,null,2.410,-18.0650,0.771,0.770,9967,1
GO:1902531,"regulation of intracellular signal transduction",3.702%,null,null,3.512,-27.4904,0.736,0.757,9967,1
GO:0009968,"negative regulation of signal transduction",2.090%,null,null,3.264,-21.0564,0.733,0.700,9967,1
GO:0009966,"regulation of signal transduction",5.885%,null,null,3.713,-48.1991,0.721,0.830,9967,1
GO:0051130,"positive regulation of cellular component organization",1.698%,null,null,3.173,-25.5180,0.721,0.575,9967,1
GO:0006139,"nucleobase-containing compound metabolic process",24.258%, 7.283,-2.202,4.328,-77.2610,0.738,0.430,6139,0
GO:0016070,"RNA metabolic process",12.843%,null,null,4.052,-66.1797,0.690,0.605,6139,1
GO:0090304,"nucleic acid metabolic process",15.268%,null,null,4.127,-77.6806,0.719,0.636,6139,1
GO:0034641,"cellular nitrogen compound metabolic process",25.263%,null,null,4.346,-69.0327,0.761,0.697,6139,1
GO:0032879,"regulation of localization",4.330%,-4.228, 3.878,3.580,-35.4209,0.840,0.437,32879,0
GO:0051049,"regulation of transport",3.246%,-3.744, 4.331,3.455,-29.9451,0.842,0.447,51049,0
GO:0016192,"vesicle-mediated transport",3.273%,-1.907, 6.218,3.458,-27.4648,0.918,0.448,16192,0
GO:0048584,"positive regulation of response to stimulus",22.389%,-2.217,-6.981,4.293,-32.2172,0.817,0.450,48584,0
GO:0051641,"cellular localization",6.184%,-1.530, 6.108,3.735,-78.1485,0.915,0.464,51641,0
GO:0051234,"establishment of localization",16.610%,null,null,4.164,-65.8904,0.902,0.749,51641,1
GO:0006810,"transport",16.357%,null,null,4.157,-61.2742,0.897,0.588,51641,1
GO:0044765,"single-organism transport",13.545%,null,null,4.075,-36.7270,0.882,0.786,51641,1
GO:0071702,"organic substance transport",5.810%,null,null,3.708,-29.2225,0.911,0.643,51641,1
GO:1902578,"single-organism localization",14.013%,null,null,4.090,-41.2130,0.890,0.715,51641,1
GO:0043412,"macromolecule modification",10.189%, 7.439,-0.564,3.951,-52.1013,0.807,0.465,43412,0
GO:0051174,"regulation of phosphorus metabolic process",4.788%, 3.660,-6.536,3.624,-24.4256,0.672,0.470,51174,0
GO:0006796,"phosphate-containing compound metabolic process",17.353%,null,null,4.183,-34.3274,0.795,0.714,51174,1
GO:0016310,"phosphorylation",10.160%,null,null,3.950,-50.0244,0.813,0.541,51174,1
GO:0033036,"macromolecule localization",5.646%,-2.133, 6.016,3.695,-53.2179,0.916,0.477,33036,0
GO:0009893,"positive regulation of metabolic process",5.415%, 2.848,-7.433,3.677,-78.8638,0.739,0.480,9893,0
GO:0080090,"regulation of primary metabolic process",15.914%,null,null,4.145,-51.9449,0.683,0.757,9893,1
GO:0031323,"regulation of cellular metabolic process",15.735%,null,null,4.140,-50.3777,0.625,0.771,9893,1
GO:0051252,"regulation of RNA metabolic process",10.497%,null,null,3.964,-24.5381,0.555,0.822,9893,1
GO:0019219,"regulation of nucleobase-containing compound metabolic process",12.840%,null,null,4.052,-29.4522,0.589,0.717,9893,1
GO:0010468,"regulation of gene expression",11.954%,null,null,4.021,-38.3631,0.634,0.704,9893,1
GO:0060255,"regulation of macromolecule metabolic process",14.730%,null,null,4.112,-66.5540,0.649,0.588,9893,1
GO:0009889,"regulation of biosynthetic process",11.561%,null,null,4.006,-29.1940,0.681,0.698,9893,1
GO:0051171,"regulation of nitrogen compound metabolic process",13.046%,null,null,4.059,-32.3968,0.679,0.719,9893,1
GO:0006366,"transcription from RNA polymerase II promoter",3.963%, 7.833,-0.561,3.541,-42.2266,0.676,0.487,6366,0
GO:0032774,"RNA biosynthetic process",10.939%,null,null,3.982,-43.9793,0.665,0.784,6366,1
GO:0031326,"regulation of cellular biosynthetic process",11.466%,null,null,4.003,-27.4900,0.597,0.876,6366,1
GO:2001141,"regulation of RNA biosynthetic process",10.349%,null,null,3.958,-22.7675,0.538,0.867,6366,1
GO:0006367,"transcription initiation from RNA polymerase II promoter",0.283%,null,null,2.396,-20.2016,0.761,0.913,6366,1
GO:0006357,"regulation of transcription from RNA polymerase II promoter",3.684%,null,null,3.510,-29.1718,0.572,1.271,6366,1
GO:0009059,"macromolecule biosynthetic process",14.776%,null,null,4.113,-51.5894,0.747,0.709,6366,1
GO:0044249,"cellular biosynthetic process",18.384%,null,null,4.208,-32.6123,0.752,0.746,6366,1
GO:0006355,"regulation of transcription, DNA-templated",10.156%,null,null,3.950,-22.0096,0.507,1.833,6366,1
GO:0044271,"cellular nitrogen compound biosynthetic process",13.670%,null,null,4.079,-41.4943,0.739,0.703,6366,1
GO:0006352,"DNA-templated transcription, initiation",0.406%,null,null,2.553,-22.4303,0.752,0.950,6366,1
GO:0006351,"transcription, DNA-templated",10.635%,null,null,3.970,-32.9053,0.624,1.518,6366,1
GO:0045893,"positive regulation of transcription, DNA-templated",2.722%,null,null,3.378,-32.6409,0.542,1.215,6366,1
GO:1901576,"organic substance biosynthetic process",18.650%,null,null,4.214,-30.8885,0.787,0.797,6366,1
GO:0045944,"positive regulation of transcription from RNA polymerase II promoter",2.089%,null,null,3.263,-23.9995,0.556,1.170,6366,1
GO:0019438,"aromatic compound biosynthetic process",13.512%,null,null,4.074,-44.6961,0.743,0.701,6366,1
GO:0010556,"regulation of macromolecule biosynthetic process",11.160%,null,null,3.991,-30.0565,0.616,0.788,6366,1
GO:0018130,"heterocycle biosynthetic process",13.553%,null,null,4.075,-43.9010,0.743,0.702,6366,1
GO:2000112,"regulation of cellular macromolecule biosynthetic process",10.806%,null,null,3.977,-26.3076,0.558,0.864,6366,1
GO:1903508,"positive regulation of nucleic acid-templated transcription",5.212%,null,null,3.660,-32.6409,0.504,1.598,6366,1
GO:1903506,"regulation of nucleic acid-templated transcription",2.990%,null,null,3.419,-21.5944,0.584,1.232,6366,1
GO:0097659,"nucleic acid-templated transcription",1.480%,null,null,3.114,-32.3563,0.743,0.530,6366,1
GO:1901362,"organic cyclic compound biosynthetic process",13.849%,null,null,4.085,-41.5800,0.777,0.697,6366,1
GO:0034654,"nucleobase-containing compound biosynthetic process",13.254%,null,null,4.066,-45.0848,0.719,0.818,6366,1
GO:0034645,"cellular macromolecule biosynthetic process",14.343%,null,null,4.100,-48.0707,0.683,0.630,6366,1
GO:0031399,"regulation of protein modification process",2.771%, 4.885,-5.363,3.386,-42.0527,0.595,0.495,31399,0
GO:0001934,"positive regulation of protein phosphorylation",1.425%,null,null,3.098,-23.0658,0.571,0.929,31399,1
GO:0018193,"peptidyl-amino acid modification",2.453%,null,null,3.333,-27.7934,0.739,0.574,31399,1
GO:0001932,"regulation of protein phosphorylation",2.262%,null,null,3.298,-21.8762,0.588,0.891,31399,1
GO:0032270,"positive regulation of cellular protein metabolic process",1.974%,null,null,3.239,-39.1016,0.573,0.935,31399,1
GO:0032268,"regulation of cellular protein metabolic process",3.398%,null,null,3.475,-37.9689,0.595,0.855,31399,1
GO:0045937,"positive regulation of phosphate metabolic process",1.863%,null,null,3.214,-24.5055,0.649,0.969,31399,1
GO:0070647,"protein modification by small protein conjugation or removal",1.542%,null,null,3.132,-30.1215,0.753,0.540,31399,1
GO:1903321,"negative regulation of protein modification by small protein conjugation or removal",0.158%,null,null,2.146,-19.3854,0.653,0.924,31399,1
GO:1903322,"positive regulation of protein modification by small protein conjugation or removal",0.232%,null,null,2.312,-25.6233,0.626,0.954,31399,1
GO:1903320,"regulation of protein modification by small protein conjugation or removal",0.359%,null,null,2.500,-25.8838,0.658,0.830,31399,1
GO:0032446,"protein modification by small protein conjugation",1.403%,null,null,3.091,-32.5918,0.726,0.533,31399,1
GO:0031396,"regulation of protein ubiquitination",0.335%,null,null,2.470,-26.7555,0.647,0.824,31399,1
GO:0051436,"negative regulation of ubiquitin-protein ligase activity involved in mitotic cell cycle",0.076%,null,null,1.833,-21.7495,0.618,0.941,31399,1
GO:0051437,"positive regulation of ubiquitin-protein ligase activity involved in regulation of mitotic cell cycle transition",0.085%,null,null,1.881,-26.0577,0.546,1.544,31399,1
GO:0051438,"regulation of ubiquitin-protein transferase activity",0.128%,null,null,2.053,-20.7664,0.662,0.977,31399,1
GO:0031398,"positive regulation of protein ubiquitination",0.215%,null,null,2.279,-26.0198,0.627,0.948,31399,1
GO:0051439,"regulation of ubiquitin-protein ligase activity involved in mitotic cell cycle",0.092%,null,null,1.914,-22.3644,0.628,0.884,31399,1
GO:0031397,"negative regulation of protein ubiquitination",0.149%,null,null,2.121,-22.0127,0.653,0.919,31399,1
GO:0051443,"positive regulation of ubiquitin-protein transferase activity",0.104%,null,null,1.964,-21.7884,0.638,0.960,31399,1
GO:0031401,"positive regulation of protein modification process",1.764%,null,null,3.190,-42.7672,0.572,0.857,31399,1
GO:0051444,"negative regulation of ubiquitin-protein transferase activity",0.090%,null,null,1.903,-21.0005,0.655,0.988,31399,1
GO:0042327,"positive regulation of phosphorylation",1.686%,null,null,3.171,-25.0844,0.650,0.938,31399,1
GO:0016567,"protein ubiquitination",1.323%,null,null,3.065,-24.6010,0.727,0.956,31399,1
GO:0030162,"regulation of proteolysis",1.024%,null,null,2.954,-22.3083,0.686,0.730,31399,1
GO:2000060,"positive regulation of protein ubiquitination involved in ubiquitin-dependent protein catabolic process",0.033%,null,null,1.477,-28.0454,0.627,0.846,31399,1
GO:2000058,"regulation of protein ubiquitination involved in ubiquitin-dependent protein catabolic process",0.046%,null,null,1.613,-25.4792,0.652,0.838,31399,1
GO:0036211,"protein modification process",9.809%,null,null,3.935,-55.2190,0.743,0.883,31399,1
GO:1903052,"positive regulation of proteolysis involved in cellular protein catabolic process",0.114%,null,null,2.004,-23.5973,0.613,1.445,31399,1
GO:1903050,"regulation of proteolysis involved in cellular protein catabolic process",0.211%,null,null,2.270,-21.7847,0.633,0.881,31399,1
GO:0000165,"MAPK cascade",1.448%,null,null,3.104,-26.8235,0.646,0.536,31399,1
GO:0006464,"cellular protein modification process",9.809%,null,null,3.935,-55.2190,0.686,0.709,31399,1
GO:0006468,"protein phosphorylation",5.136%,null,null,3.654,-39.0169,0.700,0.792,31399,1
GO:0023014,"signal transduction by protein phosphorylation",1.554%,null,null,3.135,-27.4437,0.644,0.671,31399,1
GO:0042787,"protein ubiquitination involved in ubiquitin-dependent protein catabolic process",0.129%,null,null,2.057,-17.7911,0.722,0.752,31399,1
GO:0044802,"single-organism membrane organization",1.380%,-5.432, 2.848,3.084,-24.5319,0.847,0.496,44802,0
GO:0072657,"protein localization to membrane",0.687%,null,null,2.781,-22.5643,0.774,0.874,44802,1
GO:0090150,"establishment of protein localization to membrane",0.514%,null,null,2.655,-20.6065,0.778,0.848,44802,1
