term_ID,description,frequency,plot_X,plot_Y,plot_size,log10 p-value,uniqueness,dispensability,representative,eliminated
GO:0000003,"reproduction",4.128%,-0.455,-0.837,3.415,-47.6814,1.000,0.000,3,0
GO:0002376,"immune system process",8.704%,-0.527,-0.739,3.739,-84.6167,0.995,0.000,2376,0
GO:0007155,"cell adhesion",4.080%,-0.472,-0.891,3.410,-96.5492,0.976,0.000,7155,0
GO:0016337,"single organismal cell-cell adhesion",1.247%,null,null,2.896,-70.3933,0.947,0.806,7155,1
GO:0098609,"cell-cell adhesion",0.851%,null,null,2.730,-76.7316,0.978,0.768,7155,1
GO:0098602,"single organism cell adhesion",1.444%,null,null,2.960,-78.7648,0.946,0.822,7155,1
GO:0030155,"regulation of cell adhesion",1.352%,null,null,2.931,-59.3030,0.854,0.815,7155,1
GO:0008152,"metabolic process",52.367%,-0.271,-0.827,4.518,-268.0181,0.997,0.000,8152,0
GO:0009719,"response to endogenous stimulus",4.836%, 1.204, 5.091,3.484,-103.8119,0.945,0.000,9719,0
GO:0009987,"cellular process",68.218%,-0.554,-0.794,4.633,-300.0000,0.998,0.000,9987,0
GO:0022414,"reproductive process",5.587%,-0.156,-0.563,3.547,-47.7891,0.995,0.000,22414,0
GO:0022610,"biological adhesion",4.122%,-0.164,-1.098,3.415,-95.8544,0.995,0.000,22610,0
GO:0023052,"signaling",26.299%,-0.256,-1.183,4.219,-115.6796,0.996,0.000,23052,0
GO:0032501,"multicellular organismal process",30.741%,-0.516,-0.970,4.287,-100.4945,0.996,0.000,32501,0
GO:0032502,"developmental process",24.064%,-0.494,-0.930,4.181,-205.7713,0.996,0.000,32502,0
GO:0034613,"cellular protein localization",4.512%, 0.565, 0.890,3.454,-125.5814,0.866,0.000,34613,0
GO:0015031,"protein transport",4.668%,null,null,3.469,-89.0262,0.873,0.803,34613,1
GO:0070727,"cellular macromolecule localization",4.547%,null,null,3.457,-125.9967,0.872,0.746,34613,1
GO:1902582,"single-organism intracellular transport",3.738%,null,null,3.372,-80.9875,0.846,0.750,34613,1
GO:0033365,"protein localization to organelle",2.049%,null,null,3.111,-77.4399,0.879,0.845,34613,1
GO:0032880,"regulation of protein localization",1.947%,null,null,3.089,-64.7601,0.786,0.703,34613,1
GO:0006886,"intracellular protein transport",2.882%,null,null,3.259,-75.7854,0.864,0.888,34613,1
GO:0034504,"protein localization to nucleus",1.182%,null,null,2.873,-57.4619,0.885,0.783,34613,1
GO:0046907,"intracellular transport",4.931%,null,null,3.492,-96.3523,0.877,0.706,34613,1
GO:0008104,"protein localization",6.994%,null,null,3.644,-142.3880,0.878,0.806,34613,1
GO:0006605,"protein targeting",1.640%,null,null,3.015,-53.0059,0.845,0.818,34613,1
GO:0072594,"establishment of protein localization to organelle",1.354%,null,null,2.931,-51.8579,0.879,0.871,34613,1
GO:0006913,"nucleocytoplasmic transport",1.360%,null,null,2.933,-46.0998,0.892,0.755,34613,1
GO:0051649,"establishment of localization in cell",7.739%,null,null,3.688,-128.3915,0.871,0.775,34613,1
GO:0045184,"establishment of protein localization",5.033%,null,null,3.501,-107.1843,0.875,0.817,34613,1
GO:0051169,"nuclear transport",1.378%,null,null,2.939,-46.6211,0.892,0.756,34613,1
GO:0040007,"growth",4.350%,-0.221,-0.364,3.438,-60.5644,0.995,0.000,40007,0
GO:0040011,"locomotion",5.518%,-0.273,-0.517,3.541,-105.0593,0.995,0.000,40011,0
GO:0044699,"single-organism process",62.571%, 0.140,-1.706,4.596,-215.4552,0.998,0.000,44699,0
GO:0050896,"response to stimulus",36.212%,-0.272,-1.102,4.358,-145.6438,0.996,0.000,50896,0
GO:0051179,"localization",22.125%,-0.128,-0.201,4.144,-223.0472,0.996,0.000,51179,0
GO:0051247,"positive regulation of protein metabolic process",3.636%,-6.175, 0.691,3.360,-142.0974,0.660,0.000,51247,0
GO:0001934,"positive regulation of protein phosphorylation",2.344%,null,null,3.170,-105.1305,0.625,0.889,51247,1
GO:0045860,"positive regulation of protein kinase activity",1.460%,null,null,2.964,-54.6050,0.631,0.896,51247,1
GO:0045859,"regulation of protein kinase activity",2.404%,null,null,3.181,-76.8511,0.658,0.846,51247,1
GO:0001932,"regulation of protein phosphorylation",3.657%,null,null,3.363,-138.3333,0.660,0.724,51247,1
GO:0032269,"negative regulation of cellular protein metabolic process",1.732%,null,null,3.038,-52.3512,0.678,0.740,51247,1
GO:0032270,"positive regulation of cellular protein metabolic process",3.220%,null,null,3.307,-132.8288,0.634,0.808,51247,1
GO:0032268,"regulation of cellular protein metabolic process",5.579%,null,null,3.546,-162.0806,0.672,0.774,51247,1
GO:0019220,"regulation of phosphate metabolic process",7.431%,null,null,3.671,-142.3586,0.676,0.850,51247,1
GO:0045937,"positive regulation of phosphate metabolic process",3.217%,null,null,3.307,-109.3659,0.651,0.956,51247,1
GO:0071900,"regulation of protein serine/threonine kinase activity",1.540%,null,null,2.987,-65.4330,0.676,0.902,51247,1
GO:0051347,"positive regulation of transferase activity",1.619%,null,null,3.009,-66.6779,0.710,0.894,51247,1
GO:0043549,"regulation of kinase activity",2.579%,null,null,3.211,-81.2213,0.692,0.950,51247,1
GO:0031399,"regulation of protein modification process",4.495%,null,null,3.452,-145.7621,0.674,0.850,51247,1
GO:0031401,"positive regulation of protein modification process",2.823%,null,null,3.250,-114.5839,0.635,0.912,51247,1
GO:0042325,"regulation of phosphorylation",4.696%,null,null,3.471,-146.8716,0.694,0.756,51247,1
GO:0042327,"positive regulation of phosphorylation",2.947%,null,null,3.269,-107.5792,0.648,0.914,51247,1
GO:0043410,"positive regulation of MAPK cascade",1.484%,null,null,2.971,-62.7543,0.584,0.897,51247,1
GO:0043408,"regulation of MAPK cascade",2.220%,null,null,3.146,-76.9138,0.608,0.833,51247,1
GO:0043405,"regulation of MAP kinase activity",1.013%,null,null,2.806,-48.8227,0.627,0.857,51247,1
GO:0000165,"MAPK cascade",2.504%,null,null,3.198,-79.5501,0.678,0.943,51247,1
GO:0033674,"positive regulation of kinase activity",1.535%,null,null,2.986,-56.2466,0.659,0.965,51247,1
GO:0006468,"protein phosphorylation",6.709%,null,null,3.626,-165.5002,0.761,0.767,51247,1
GO:0023014,"signal transduction by protein phosphorylation",2.649%,null,null,3.223,-80.0866,0.682,0.726,51247,1
GO:0065003,"macromolecular complex assembly",4.301%, 2.296,-0.903,3.433,-122.3677,0.892,0.000,65003,0
GO:0071822,"protein complex subunit organization",5.228%,null,null,3.518,-79.3289,0.895,0.777,65003,1
GO:0022607,"cellular component assembly",7.134%,null,null,3.653,-177.8595,0.888,0.820,65003,1
GO:0070271,"protein complex biogenesis",3.733%,null,null,3.372,-78.3572,0.933,0.738,65003,1
GO:0034622,"cellular macromolecular complex assembly",2.227%,null,null,3.147,-78.5931,0.901,0.705,65003,1
GO:0006461,"protein complex assembly",3.730%,null,null,3.371,-78.5149,0.893,0.849,65003,1
GO:0065007,"biological regulation",49.068%,-0.784,-0.779,4.490,-232.8408,0.997,0.000,65007,0
GO:0071840,"cellular component organization or biogenesis",20.072%, 0.115,-1.583,4.102,-300.0000,0.995,0.000,71840,0
GO:0022402,"cell cycle process",3.752%, 0.075,-0.255,3.374,-112.3579,0.902,0.038,22402,0
GO:0000278,"mitotic cell cycle",2.660%,null,null,3.225,-85.1900,0.907,0.812,22402,1
GO:0051726,"regulation of cell cycle",3.036%,null,null,3.282,-94.8246,0.818,0.828,22402,1
GO:0007346,"regulation of mitotic cell cycle",1.479%,null,null,2.970,-50.2452,0.833,0.885,22402,1
GO:0010564,"regulation of cell cycle process",1.744%,null,null,3.041,-58.4149,0.830,0.809,22402,1
GO:1903047,"mitotic cell cycle process",2.324%,null,null,3.166,-72.3241,0.907,0.796,22402,1
GO:0072359,"circulatory system development",4.469%, 5.974,-3.931,3.450,-92.4268,0.854,0.055,72359,0
GO:0030029,"actin filament-based process",2.689%,-0.070,-0.204,3.229,-49.3563,0.926,0.081,30029,0
GO:0001775,"cell activation",3.447%, 0.032,-0.390,3.337,-62.1932,0.923,0.084,1775,0
GO:0044763,"single-organism cellular process",54.297%,-0.322,-2.755,4.534,-298.4000,0.889,0.094,44763,0
GO:0044702,"single organism reproductive process",5.065%, 0.143,-1.747,3.504,-47.6433,0.956,0.098,44702,0
GO:0007049,"cell cycle",5.193%, 0.186,-0.189,3.515,-139.8019,0.918,0.098,7049,0
GO:0006928,"movement of cell or subcellular component",6.288%, 0.195, 0.019,3.598,-121.2247,0.916,0.104,6928,0
GO:0008283,"cell proliferation",7.198%,-0.193,-1.046,3.657,-151.8790,0.954,0.108,8283,0
GO:0043066,"negative regulation of apoptotic process",2.473%,-2.465, 4.549,3.193,-82.0295,0.759,0.116,43066,0
GO:0060548,"negative regulation of cell death",2.692%,null,null,3.230,-90.4729,0.757,0.756,43066,1
GO:0043069,"negative regulation of programmed cell death",2.530%,null,null,3.203,-83.2585,0.758,0.954,43066,1
GO:0043065,"positive regulation of apoptotic process",1.386%,null,null,2.942,-58.2665,0.751,0.706,43066,1
GO:0043068,"positive regulation of programmed cell death",1.405%,null,null,2.947,-58.5929,0.751,0.969,43066,1
GO:0010942,"positive regulation of cell death",1.495%,null,null,2.975,-60.5719,0.751,0.700,43066,1
GO:0042592,"homeostatic process",5.779%,-2.602, 3.197,3.561,-70.6593,0.883,0.118,42592,0
GO:0002682,"regulation of immune system process",3.911%,-1.571, 3.060,3.392,-60.7810,0.864,0.124,2682,0
GO:0048518,"positive regulation of biological process",17.954%,-3.131, 5.666,4.054,-300.0000,0.842,0.165,48518,0
GO:0044237,"cellular metabolic process",43.133%,-5.990,-3.454,4.434,-282.4242,0.836,0.167,44237,0
GO:0065009,"regulation of molecular function",9.358%,-2.561, 3.625,3.771,-180.5560,0.874,0.177,65009,0
GO:0007154,"cell communication",26.729%, 1.771, 0.488,4.226,-116.3389,0.890,0.182,7154,0
GO:0097659,"nucleic acid-templated transcription",2.212%,-5.206,-3.656,3.144,-142.0408,0.794,0.182,97659,0
GO:0016310,"phosphorylation",8.867%,-5.125,-3.906,3.747,-170.5944,0.821,0.189,16310,0
GO:0006796,"phosphate-containing compound metabolic process",16.617%,null,null,4.020,-152.1848,0.799,0.705,16310,1
GO:0065008,"regulation of biological quality",12.554%,-2.662, 4.060,3.898,-140.1730,0.867,0.191,65008,0
GO:0007167,"enzyme linked receptor protein signaling pathway",3.203%,-0.908, 6.847,3.305,-75.8754,0.787,0.200,7167,0
GO:0071495,"cellular response to endogenous stimulus",3.220%, 1.094, 4.663,3.307,-93.0057,0.941,0.200,71495,0
GO:0032870,"cellular response to hormone stimulus",1.568%,null,null,2.995,-50.1033,0.890,0.759,71495,1
GO:0009725,"response to hormone",2.719%,null,null,3.234,-52.8944,0.923,0.819,71495,1
GO:0009628,"response to abiotic stimulus",3.822%, 1.218, 5.346,3.382,-53.1620,0.947,0.206,9628,0
GO:1901700,"response to oxygen-containing compound",4.580%, 1.723, 6.416,3.460,-68.0593,0.928,0.212,1901700,0
GO:0048519,"negative regulation of biological process",15.841%,-3.126, 5.550,3.999,-198.2462,0.846,0.229,48519,0
GO:0006974,"cellular response to DNA damage stimulus",2.697%, 1.162, 5.230,3.230,-47.1417,0.902,0.252,6974,0
GO:0080135,"regulation of cellular response to stress",1.552%,null,null,2.991,-46.7752,0.816,0.711,6974,1
GO:0048583,"regulation of response to stimulus",12.516%,-1.261, 7.072,3.897,-172.3617,0.815,0.254,48583,0
GO:0044710,"single-organism metabolic process",22.420%,-5.129,-3.838,4.150,-45.4322,0.845,0.264,44710,0
GO:0009058,"biosynthetic process",22.439%,-5.260,-3.567,4.150,-168.3608,0.891,0.264,9058,0
GO:0009605,"response to external stimulus",7.342%, 1.224, 5.585,3.665,-75.8043,0.942,0.276,9605,0
GO:0019222,"regulation of metabolic process",25.262%,-5.905, 1.317,4.202,-237.7167,0.787,0.278,19222,0
GO:0006807,"nitrogen compound metabolic process",27.905%,-5.607,-3.698,4.245,-223.0399,0.885,0.291,6807,0
GO:0007267,"cell-cell signaling",3.768%, 0.122, 3.564,3.376,-65.1903,0.892,0.293,7267,0
GO:0051338,"regulation of transferase activity",2.717%,-5.089, 1.314,3.234,-92.2829,0.761,0.297,51338,0
GO:1902680,"positive regulation of RNA biosynthetic process",5.645%,null,null,3.551,-114.9279,0.594,0.910,51338,1
GO:0031328,"positive regulation of cellular biosynthetic process",6.577%,null,null,3.618,-152.6499,0.613,0.807,51338,1
GO:0031325,"positive regulation of cellular metabolic process",9.548%,null,null,3.779,-226.3084,0.626,0.871,51338,1
GO:0051254,"positive regulation of RNA metabolic process",5.795%,null,null,3.563,-120.6557,0.608,0.914,51338,1
GO:0045935,"positive regulation of nucleobase-containing compound metabolic process",6.287%,null,null,3.598,-142.5426,0.621,0.800,51338,1
GO:0010628,"positive regulation of gene expression",6.082%,null,null,3.584,-145.0586,0.653,0.795,51338,1
GO:0050790,"regulation of catalytic activity",7.728%,null,null,3.688,-124.4849,0.723,0.789,51338,1
GO:0010604,"positive regulation of macromolecule metabolic process",9.245%,null,null,3.765,-228.2700,0.636,0.758,51338,1
GO:0051336,"regulation of hydrolase activity",4.458%,null,null,3.449,-45.9056,0.743,0.767,51338,1
GO:0043085,"positive regulation of catalytic activity",4.734%,null,null,3.475,-90.2681,0.673,0.710,51338,1
GO:0010557,"positive regulation of macromolecule biosynthetic process",6.237%,null,null,3.595,-146.3067,0.625,0.921,51338,1
GO:0044093,"positive regulation of molecular function",5.609%,null,null,3.548,-130.6582,0.846,0.724,51338,1
GO:0009891,"positive regulation of biosynthetic process",6.648%,null,null,3.622,-151.5858,0.644,0.809,51338,1
GO:0051173,"positive regulation of nitrogen compound metabolic process",6.434%,null,null,3.608,-152.7457,0.659,0.804,51338,1
GO:0048589,"developmental growth",1.824%, 5.397,-3.958,3.061,-51.8586,0.886,0.305,48589,0
GO:0006950,"response to stress",11.508%, 1.209, 5.342,3.860,-150.8580,0.938,0.306,6950,0
GO:0044260,"cellular macromolecule metabolic process",31.384%,-6.522,-3.964,4.296,-300.0000,0.776,0.308,44260,0
GO:0006793,"phosphorus metabolic process",16.763%,-5.762,-4.148,4.024,-145.9197,0.840,0.325,6793,0
GO:0042692,"muscle cell differentiation",1.824%, 5.259,-3.780,3.061,-46.7510,0.843,0.328,42692,0
GO:1901360,"organic cyclic compound metabolic process",26.694%,-5.395,-3.441,4.226,-218.5359,0.866,0.331,1901360,0
GO:0061061,"muscle structure development",2.758%, 5.311,-3.908,3.240,-62.1495,0.874,0.348,61061,0
GO:0050794,"regulation of cellular process",43.146%,-3.117, 5.431,4.434,-223.6591,0.778,0.368,50794,0
GO:0018193,"peptidyl-amino acid modification",3.450%,-5.505,-4.296,3.337,-97.1116,0.811,0.371,18193,0
GO:0016477,"cell migration",4.142%, 0.668, 0.916,3.417,-93.9037,0.820,0.374,16477,0
GO:0030334,"regulation of cell migration",1.881%,null,null,3.074,-64.0193,0.748,0.827,16477,1
GO:0030335,"positive regulation of cell migration",0.994%,null,null,2.797,-51.0165,0.710,0.899,16477,1
GO:0051272,"positive regulation of cellular component movement",1.062%,null,null,2.826,-51.1899,0.715,0.875,16477,1
GO:0051270,"regulation of cellular component movement",2.216%,null,null,3.145,-73.1526,0.756,0.741,16477,1
GO:2000145,"regulation of cell motility",1.951%,null,null,3.090,-65.0267,0.747,0.952,16477,1
GO:2000147,"positive regulation of cell motility",1.017%,null,null,2.808,-50.7756,0.709,0.978,16477,1
GO:0048870,"cell motility",4.515%,null,null,3.454,-92.7976,0.817,0.942,16477,1
GO:0040012,"regulation of locomotion",2.130%,null,null,3.128,-68.6055,0.864,0.778,16477,1
GO:0040017,"positive regulation of locomotion",1.089%,null,null,2.837,-55.1331,0.810,0.887,16477,1
GO:0044238,"primary metabolic process",44.841%,-6.000,-3.653,4.451,-279.8691,0.869,0.375,44238,0
GO:0016192,"vesicle-mediated transport",4.241%, 0.684, 0.887,3.427,-59.2003,0.901,0.375,16192,0
GO:0048646,"anatomical structure formation involved in morphogenesis",4.623%, 5.333,-3.789,3.464,-87.5550,0.876,0.377,48646,0
GO:0043170,"macromolecule metabolic process",36.206%,-6.250,-3.810,4.358,-300.0000,0.855,0.377,43170,0
GO:0006259,"DNA metabolic process",3.804%,-5.415,-3.891,3.380,-72.5034,0.808,0.377,6259,0
GO:0035295,"tube development",3.352%, 5.488,-3.591,3.325,-57.2442,0.863,0.377,35295,0
GO:0044707,"single-multicellular organism process",29.673%, 4.511,-3.482,4.272,-215.5444,0.890,0.378,44707,0
GO:0051674,"localization of cell",4.515%, 0.582, 0.817,3.454,-92.7976,0.909,0.379,51674,0
GO:0046483,"heterocycle metabolic process",25.780%,-5.915,-3.835,4.211,-225.3496,0.823,0.380,46483,0
GO:0006725,"cellular aromatic compound metabolic process",25.830%,-5.832,-3.784,4.212,-221.3943,0.823,0.381,6725,0
GO:0043009,"chordate embryonic development",4.046%, 5.664,-3.741,3.407,-58.6406,0.854,0.388,43009,0
GO:0048598,"embryonic morphogenesis",2.996%,null,null,3.276,-50.8915,0.850,0.812,43009,1
GO:0009792,"embryo development ending in birth or egg hatching",4.085%,null,null,3.411,-58.0626,0.854,0.851,43009,1
GO:0006396,"RNA processing",2.185%,-5.108,-3.665,3.139,-46.9932,0.816,0.392,6396,0
GO:0071704,"organic substance metabolic process",46.485%,-5.938,-3.598,4.467,-273.7738,0.868,0.393,71704,0
GO:0051240,"positive regulation of multicellular organismal process",2.203%, 2.546, 2.696,3.143,-113.4205,0.763,0.395,51240,0
GO:0007507,"heart development",2.716%, 5.463,-3.591,3.234,-65.8829,0.853,0.400,7507,0
GO:0048514,"blood vessel morphogenesis",2.052%,null,null,3.112,-48.4013,0.849,0.932,7507,1
GO:0072358,"cardiovascular system development",4.465%,null,null,3.449,-59.0386,0.843,0.884,7507,1
GO:0001944,"vasculature development",2.658%,null,null,3.224,-58.6645,0.854,0.821,7507,1
GO:0001568,"blood vessel development",2.485%,null,null,3.195,-56.0933,0.855,0.814,7507,1
GO:0007166,"cell surface receptor signaling pathway",14.995%,-0.761, 6.681,3.975,-168.6420,0.726,0.405,7166,0
GO:0043412,"macromolecule modification",13.349%,-5.403,-3.628,3.925,-159.5384,0.852,0.409,43412,0
GO:0051716,"cellular response to stimulus",28.763%, 1.364, 6.750,4.258,-148.5802,0.876,0.412,51716,0
GO:0042221,"response to chemical",15.186%, 1.282, 5.845,3.981,-124.1773,0.935,0.414,42221,0
GO:0051094,"positive regulation of developmental process",3.468%, 4.467, 0.248,3.340,-109.7012,0.712,0.422,51094,0
GO:2000026,"regulation of multicellular organismal development",6.161%,null,null,3.589,-116.1614,0.736,0.757,51094,1
GO:0045595,"regulation of cell differentiation",5.745%,null,null,3.559,-110.9948,0.718,0.825,51094,1
GO:0030030,"cell projection organization",4.817%, 2.143,-0.417,3.482,-75.9388,0.871,0.423,30030,0
GO:0007010,"cytoskeleton organization",4.493%, 2.143,-0.698,3.452,-74.5217,0.898,0.426,7010,0
GO:0031323,"regulation of cellular metabolic process",22.209%,-6.485, 0.938,4.146,-239.4322,0.659,0.427,31323,0
GO:0009967,"positive regulation of signal transduction",4.258%,-0.938, 6.590,3.429,-107.0534,0.687,0.436,9967,0
GO:1902533,"positive regulation of intracellular signal transduction",2.803%,null,null,3.247,-80.1679,0.702,0.877,9967,1
GO:0007169,"transmembrane receptor protein tyrosine kinase signaling pathway",1.976%,-0.789, 6.714,3.096,-60.9695,0.801,0.438,7169,0
GO:0048732,"gland development",2.433%, 5.356,-3.567,3.186,-51.2911,0.865,0.440,48732,0
GO:0071363,"cellular response to growth factor stimulus",1.717%, 1.400, 5.820,3.035,-63.2454,0.892,0.447,71363,0
GO:0046903,"secretion",3.577%, 0.707, 0.874,3.353,-49.3320,0.870,0.450,46903,0
GO:0050789,"regulation of biological process",46.584%,-2.884, 5.485,4.468,-230.7400,0.824,0.452,50789,0
GO:0010629,"negative regulation of gene expression",4.622%,-6.183, 0.466,3.464,-76.9644,0.686,0.458,10629,0
GO:0031324,"negative regulation of cellular metabolic process",6.760%,null,null,3.629,-110.9034,0.666,0.849,10629,1
GO:1902679,"negative regulation of RNA biosynthetic process",4.223%,null,null,3.425,-58.6785,0.630,0.932,10629,1
GO:0031327,"negative regulation of cellular biosynthetic process",4.876%,null,null,3.488,-69.5211,0.650,0.941,10629,1
GO:0051248,"negative regulation of protein metabolic process",2.028%,null,null,3.107,-53.7335,0.698,0.723,10629,1
GO:0051253,"negative regulation of RNA metabolic process",4.407%,null,null,3.444,-62.3912,0.642,0.935,10629,1
GO:0045934,"negative regulation of nucleobase-containing compound metabolic process",4.738%,null,null,3.475,-74.7452,0.657,0.791,10629,1
GO:0010605,"negative regulation of macromolecule metabolic process",6.707%,null,null,3.626,-110.2585,0.674,0.897,10629,1
GO:0010558,"negative regulation of macromolecule biosynthetic process",4.680%,null,null,3.470,-72.4531,0.660,0.930,10629,1
GO:2000113,"negative regulation of cellular macromolecule biosynthetic process",4.525%,null,null,3.455,-74.7356,0.639,0.818,10629,1
GO:0009890,"negative regulation of biosynthetic process",4.923%,null,null,3.492,-74.0293,0.680,0.801,10629,1
GO:0051172,"negative regulation of nitrogen compound metabolic process",4.828%,null,null,3.483,-79.9250,0.693,0.796,10629,1
GO:0051130,"positive regulation of cellular component organization",2.703%,-0.565, 3.619,3.231,-103.3382,0.743,0.459,51130,0
GO:0033043,"regulation of organelle organization",2.850%,null,null,3.255,-71.7677,0.806,0.709,51130,1
GO:0051239,"regulation of multicellular organismal process",9.620%, 1.821, 3.102,3.783,-152.4019,0.813,0.459,51239,0
GO:0090304,"nucleic acid metabolic process",19.174%,-6.111,-3.779,4.082,-236.0872,0.761,0.461,90304,0
GO:0010467,"gene expression",19.982%,-5.778,-3.701,4.100,-217.9560,0.838,0.468,10467,0
GO:0018108,"peptidyl-tyrosine phosphorylation",1.409%,-4.838,-3.549,2.949,-48.1123,0.804,0.469,18108,0
GO:0018212,"peptidyl-tyrosine modification",1.422%,null,null,2.953,-47.5440,0.832,0.763,18108,1
GO:0008284,"positive regulation of cell proliferation",3.212%,-2.094, 4.536,3.306,-89.8041,0.759,0.471,8284,0
GO:0042127,"regulation of cell proliferation",5.587%,null,null,3.547,-134.7013,0.819,0.772,8284,1
GO:0008285,"negative regulation of cell proliferation",2.381%,null,null,3.176,-59.4923,0.794,0.759,8284,1
GO:0010646,"regulation of cell communication",11.000%,-2.193, 5.827,3.841,-155.1187,0.780,0.471,10646,0
GO:0019538,"protein metabolic process",20.864%,-5.836,-3.692,4.119,-197.5546,0.836,0.476,19538,0
GO:0023051,"regulation of signaling",10.959%,-2.746, 6.200,3.839,-155.0128,0.830,0.479,23051,0
GO:0044767,"single-organism developmental process",24.005%, 5.802,-4.103,4.180,-207.4651,0.826,0.481,44767,0
GO:0007275,"multicellular organismal development",21.118%,null,null,4.124,-181.0456,0.824,0.725,44767,1
GO:0048856,"anatomical structure development",22.318%,null,null,4.148,-188.0936,0.860,0.739,44767,1
GO:0048731,"system development",19.050%,null,null,4.079,-163.6674,0.817,0.701,44767,1
GO:1901698,"response to nitrogen compound",2.827%, 1.718, 6.138,3.251,-53.9321,0.933,0.481,1901698,0
GO:0044267,"cellular protein metabolic process",16.312%,-6.262,-3.982,4.012,-200.0840,0.771,0.484,44267,0
GO:0051234,"establishment of localization",17.684%, 0.957, 0.919,4.047,-164.6646,0.887,0.486,51234,0
GO:1903506,"regulation of nucleic acid-templated transcription",4.812%,-6.268,-0.401,3.482,-127.4103,0.636,0.489,1903506,0
GO:0006366,"transcription from RNA polymerase II promoter",7.671%,null,null,3.684,-124.6274,0.707,1.645,1903506,1
GO:0006357,"regulation of transcription from RNA polymerase II promoter",7.379%,null,null,3.667,-113.0500,0.609,1.631,1903506,1
GO:0045892,"negative regulation of transcription, DNA-templated",4.152%,null,null,3.418,-61.1174,0.603,1.199,1903506,1
GO:0006355,"regulation of transcription, DNA-templated",13.598%,null,null,3.933,-127.7155,0.563,1.883,1903506,1
GO:0006351,"transcription, DNA-templated",14.037%,null,null,3.947,-142.3767,0.671,1.492,1903506,1
GO:0045893,"positive regulation of transcription, DNA-templated",5.610%,null,null,3.549,-113.9334,0.566,1.539,1903506,1
GO:0045944,"positive regulation of transcription from RNA polymerase II promoter",4.520%,null,null,3.455,-90.4419,0.580,1.216,1903506,1
GO:1903508,"positive regulation of nucleic acid-templated transcription",8.123%,null,null,3.709,-113.9334,0.540,1.666,1903506,1
GO:1903507,"negative regulation of nucleic acid-templated transcription",8.125%,null,null,3.709,-59.4973,0.559,1.666,1903506,1
GO:0009790,"embryo development",5.572%, 5.531,-3.622,3.546,-86.1041,0.852,0.501,9790,0
GO:0035556,"intracellular signal transduction",9.900%,-0.896, 7.055,3.795,-147.0447,0.746,0.513,35556,0
GO:0051098,"regulation of binding",0.933%,-1.296, 0.736,2.770,-50.2392,0.879,0.519,51098,0
GO:0051241,"negative regulation of multicellular organismal process",1.497%, 3.145, 1.464,2.975,-52.5132,0.797,0.528,51241,0
GO:0032879,"regulation of localization",7.172%,-1.925, 4.377,3.655,-159.6360,0.788,0.538,32879,0
GO:0000280,"nuclear division",1.647%, 3.017,-1.554,3.017,-49.5805,0.911,0.538,280,0
GO:0050793,"regulation of developmental process",7.975%, 4.899,-0.185,3.701,-139.7021,0.767,0.547,50793,0
GO:0080134,"regulation of response to stress",3.082%,-0.632, 6.084,3.288,-74.0727,0.828,0.548,80134,0
GO:0071702,"organic substance transport",7.791%, 0.804, 0.954,3.691,-78.7400,0.891,0.548,71702,0
GO:0016043,"cellular component organization",19.647%, 2.906,-1.292,4.093,-300.0000,0.879,0.551,16043,0
GO:0070848,"response to growth factor",1.779%, 1.387, 5.306,3.050,-66.7444,0.931,0.551,70848,0
GO:0033036,"macromolecule localization",8.113%, 0.665, 0.874,3.709,-140.9614,0.900,0.554,33036,0
GO:0035239,"tube morphogenesis",1.997%, 5.530,-3.697,3.100,-48.9776,0.862,0.556,35239,0
GO:0009888,"tissue development",8.636%, 5.337,-3.789,3.736,-107.3797,0.876,0.558,9888,0
GO:0007399,"nervous system development",8.920%, 6.102,-3.999,3.750,-88.8168,0.836,0.563,7399,0
GO:0051246,"regulation of protein metabolic process",7.491%,-6.577,-0.005,3.674,-171.9119,0.709,0.563,51246,0
GO:0048522,"positive regulation of cellular process",15.830%,-2.881, 6.328,3.999,-299.3275,0.722,0.564,48522,0
GO:0070887,"cellular response to chemical stimulus",7.586%, 1.322, 6.250,3.680,-147.7104,0.876,0.565,70887,0
GO:0051641,"cellular localization",9.280%, 0.574, 0.848,3.767,-163.5728,0.898,0.572,51641,0
GO:0034645,"cellular macromolecule biosynthetic process",18.192%,-5.770,-3.566,4.059,-189.9991,0.734,0.575,34645,0
GO:0032774,"RNA biosynthetic process",14.211%,null,null,3.952,-143.0164,0.720,0.745,34645,1
GO:0031326,"regulation of cellular biosynthetic process",15.457%,null,null,3.989,-163.7281,0.630,0.824,34645,1
GO:2001141,"regulation of RNA biosynthetic process",13.727%,null,null,3.937,-129.1042,0.603,0.824,34645,1
GO:0010556,"regulation of macromolecule biosynthetic process",14.987%,null,null,3.975,-163.3786,0.641,0.831,34645,1
GO:2000112,"regulation of cellular macromolecule biosynthetic process",14.529%,null,null,3.962,-159.3489,0.615,0.750,34645,1
GO:0034654,"nucleobase-containing compound biosynthetic process",15.516%,null,null,3.990,-156.9343,0.743,0.814,34645,1
GO:0048585,"negative regulation of response to stimulus",4.379%,-1.106, 7.018,3.441,-71.8655,0.777,0.579,48585,0
GO:0014070,"response to organic cyclic compound",2.900%, 1.274, 5.046,3.262,-62.8178,0.927,0.589,14070,0
GO:0051128,"regulation of cellular component organization",6.575%,-0.759, 3.599,3.617,-149.5870,0.790,0.590,51128,0
GO:0051174,"regulation of phosphorus metabolic process",7.444%,-5.825, 0.610,3.671,-142.7464,0.695,0.592,51174,0
GO:0007165,"signal transduction",24.097%,-0.639, 6.475,4.181,-108.5077,0.702,0.593,7165,0
GO:0044700,"single organism signaling",26.299%,null,null,4.219,-115.9936,0.901,0.714,7165,1
GO:0048729,"tissue morphogenesis",3.098%, 5.270,-3.749,3.291,-68.9076,0.859,0.593,48729,0
GO:0051276,"chromosome organization",3.341%, 2.636,-1.145,3.323,-64.5258,0.902,0.597,51276,0
GO:0033554,"cellular response to stress",5.380%, 1.222, 5.618,3.530,-100.7006,0.893,0.598,33554,0
GO:0009653,"anatomical structure morphogenesis",11.218%, 5.480,-3.955,3.849,-137.4614,0.870,0.599,9653,0
GO:0016070,"RNA metabolic process",16.639%,-6.495,-4.145,4.021,-190.4375,0.748,0.600,16070,0
GO:0044092,"negative regulation of molecular function",3.082%,-2.275, 2.108,3.288,-59.1199,0.859,0.606,44092,0
GO:0010562,"positive regulation of phosphorus metabolic process",3.217%,-5.701, 1.346,3.307,-109.3659,0.657,0.610,10562,0
GO:0048584,"positive regulation of response to stimulus",5.944%,-1.111, 7.085,3.574,-130.2828,0.743,0.611,48584,0
GO:0044085,"cellular component biogenesis",7.655%, 2.404,-1.019,3.683,-192.1525,0.936,0.612,44085,0
GO:0043933,"macromolecular complex subunit organization",7.677%, 2.182,-0.748,3.685,-164.3677,0.896,0.612,43933,0
GO:0010648,"negative regulation of cell communication",3.846%,-2.334, 5.804,3.385,-65.7143,0.755,0.612,10648,0
GO:0023057,"negative regulation of signaling",3.823%,-2.454, 5.949,3.382,-66.2109,0.778,0.613,23057,0
GO:0048523,"negative regulation of cellular process",14.287%,-3.001, 6.183,3.954,-191.1592,0.756,0.618,48523,0
GO:0071407,"cellular response to organic cyclic compound",1.246%, 1.363, 5.624,2.895,-52.4306,0.897,0.619,71407,0
GO:0010468,"regulation of gene expression",16.416%,-6.204, 0.364,4.015,-159.7913,0.671,0.621,10468,0
GO:1901701,"cellular response to oxygen-containing compound",2.765%, 1.696, 6.658,3.241,-47.2129,0.889,0.623,1901701,0
GO:0071310,"cellular response to organic substance",6.150%,null,null,3.588,-136.6264,0.872,0.747,1901701,1
GO:0002009,"morphogenesis of an epithelium",2.473%, 5.481,-4.027,3.193,-58.1868,0.863,0.624,2009,0
GO:0010638,"positive regulation of organelle organization",1.125%,-0.193, 3.486,2.851,-49.1882,0.766,0.628,10638,0
GO:0010647,"positive regulation of cell communication",4.560%,-2.213, 5.970,3.458,-110.5114,0.724,0.629,10647,0
GO:0023056,"positive regulation of signaling",4.536%,-2.351, 6.288,3.456,-111.5922,0.749,0.630,23056,0
GO:1902531,"regulation of intracellular signal transduction",6.150%,null,null,3.588,-106.3144,0.739,0.770,23056,1
GO:0009966,"regulation of signal transduction",9.767%,null,null,3.789,-145.8401,0.722,0.727,23056,1
GO:0019219,"regulation of nucleobase-containing compound metabolic process",17.290%,-6.512, 0.433,4.037,-161.6568,0.631,0.631,19219,0
GO:0051252,"regulation of RNA metabolic process",14.176%,null,null,3.951,-135.5245,0.623,0.775,19219,1
GO:0009887,"organ morphogenesis",4.649%, 5.480,-3.615,3.467,-78.4189,0.840,0.632,9887,0
GO:0051171,"regulation of nitrogen compound metabolic process",17.511%,-5.824, 0.742,4.043,-171.9938,0.689,0.633,51171,0
GO:0010033,"response to organic substance",8.699%, 1.373, 5.912,3.739,-138.4612,0.921,0.637,10033,0
GO:0000902,"cell morphogenesis",4.858%, 5.576,-2.974,3.486,-55.6939,0.769,0.638,902,0
GO:1902580,"single-organism cellular localization",2.670%, 0.588, 0.877,3.226,-96.0263,0.862,0.642,1902580,0
GO:0002684,"positive regulation of immune system process",2.527%,-1.363, 3.597,3.202,-56.4928,0.802,0.644,2684,0
GO:1902578,"single-organism localization",14.879%, 0.769, 0.804,3.972,-119.8236,0.850,0.646,1902578,0
GO:0009968,"negative regulation of signal transduction",3.635%,-0.931, 6.612,3.360,-62.4179,0.720,0.649,9968,0
GO:0048513,"organ development",15.005%, 6.108,-3.988,3.976,-138.0079,0.821,0.651,48513,0
GO:0009889,"regulation of biosynthetic process",15.644%,-5.871, 0.838,3.994,-166.5251,0.680,0.651,9889,0
GO:0032989,"cellular component morphogenesis",5.363%, 5.513,-2.895,3.529,-64.1806,0.766,0.653,32989,0
GO:0030154,"cell differentiation",15.197%, 5.624,-3.166,3.981,-171.9150,0.788,0.653,30154,0
GO:0048468,"cell development",8.894%,null,null,3.749,-107.5691,0.802,0.710,30154,1
GO:0060341,"regulation of cellular localization",3.169%,-1.272, 3.344,3.301,-82.7862,0.747,0.659,60341,0
GO:0051049,"regulation of transport",5.165%,null,null,3.513,-112.1089,0.769,0.763,60341,1
GO:0006464,"cellular protein modification process",12.857%,-5.575,-3.543,3.909,-163.0641,0.764,0.660,6464,0
GO:0036211,"protein modification process",12.857%,null,null,3.909,-163.0641,0.809,0.851,6464,1
GO:0045597,"positive regulation of cell differentiation",2.546%, 4.550, 0.374,3.205,-88.9062,0.682,0.662,45597,0
GO:0010720,"positive regulation of cell development",0.843%,null,null,2.726,-50.2313,0.718,0.800,45597,1
GO:0050767,"regulation of neurogenesis",2.349%,null,null,3.171,-57.4994,0.729,0.726,45597,1
GO:0030182,"neuron differentiation",5.198%,null,null,3.515,-67.2871,0.799,0.897,45597,1
GO:0031175,"neuron projection development",3.242%,null,null,3.310,-52.2700,0.772,0.749,45597,1
GO:0060284,"regulation of cell development",2.970%,null,null,3.272,-67.0819,0.738,0.749,45597,1
GO:0048666,"neuron development",3.981%,null,null,3.400,-54.2817,0.805,0.843,45597,1
GO:0048699,"generation of neurons",5.763%,null,null,3.560,-81.4961,0.796,0.858,45597,1
GO:0045321,"leukocyte activation",3.070%, 1.408,-1.544,3.287,-51.5594,0.910,0.663,45321,0
GO:0006139,"nucleobase-containing compound metabolic process",25.135%,-6.207,-3.846,4.200,-231.7232,0.768,0.664,6139,0
GO:0048869,"cellular developmental process",16.173%, 5.587,-3.129,4.008,-176.5249,0.798,0.666,48869,0
GO:0051960,"regulation of nervous system development",2.722%, 5.203,-1.466,3.235,-57.8703,0.754,0.668,51960,0
GO:1901362,"organic cyclic compound biosynthetic process",16.271%,-5.441,-3.640,4.011,-153.6819,0.797,0.669,1901362,0
GO:0044087,"regulation of cellular component biogenesis",1.933%,-0.224, 2.421,3.086,-51.7604,0.839,0.669,44087,0
GO:0060255,"regulation of macromolecule metabolic process",20.936%,-6.121, 0.451,4.120,-236.6390,0.676,0.670,60255,0
GO:0006810,"transport",17.176%, 0.928, 0.956,4.034,-148.8500,0.878,0.672,6810,0
GO:0044765,"single-organism transport",14.037%,null,null,3.947,-112.2567,0.840,0.766,6810,1
GO:0006996,"organelle organization",11.237%, 2.158,-0.701,3.850,-157.9690,0.889,0.673,6996,0
GO:0018130,"heterocycle biosynthetic process",15.824%,-5.657,-3.907,3.999,-153.7183,0.765,0.674,18130,0
GO:0019438,"aromatic compound biosynthetic process",15.832%,-5.769,-4.070,3.999,-154.8063,0.765,0.674,19438,0
GO:0044271,"cellular nitrogen compound biosynthetic process",16.011%,-5.948,-4.136,4.004,-175.3706,0.759,0.676,44271,0
GO:0034641,"cellular nitrogen compound metabolic process",26.397%,-5.605,-3.535,4.221,-238.5122,0.784,0.678,34641,0
GO:0051050,"positive regulation of transport",2.349%,-1.225, 3.656,3.171,-74.7999,0.729,0.679,51050,0
GO:0051093,"negative regulation of developmental process",3.076%, 4.676,-0.298,3.288,-55.5600,0.738,0.680,51093,0
GO:0009892,"negative regulation of metabolic process",7.336%,-5.292, 1.813,3.665,-116.0420,0.717,0.680,9892,0
GO:0022603,"regulation of anatomical structure morphogenesis",3.089%, 5.287,-1.585,3.289,-73.0221,0.767,0.681,22603,0
GO:0009893,"positive regulation of metabolic process",10.118%,-5.330, 1.999,3.805,-230.6417,0.684,0.682,9893,0
GO:0048534,"hematopoietic or lymphoid organ development",3.881%, 5.910,-3.573,3.388,-50.0619,0.844,0.687,48534,0
GO:0080090,"regulation of primary metabolic process",22.583%,-6.488, 0.986,4.153,-239.3418,0.685,0.687,80090,0
GO:0022008,"neurogenesis",6.209%, 5.761,-3.417,3.593,-88.4121,0.796,0.690,22008,0
GO:0006325,"chromatin organization",2.438%, 2.562,-1.128,3.187,-50.2100,0.900,0.691,6325,0
GO:0002520,"immune system development",4.077%, 5.840,-3.531,3.410,-52.3199,0.844,0.692,2520,0
GO:0032386,"regulation of intracellular transport",1.286%,-1.142, 2.890,2.909,-51.3460,0.766,0.693,32386,0
GO:0097190,"apoptotic signaling pathway",2.504%,-0.824, 6.565,3.198,-62.1095,0.759,0.694,97190,0
GO:0043067,"regulation of programmed cell death",5.190%,null,null,3.515,-116.1503,0.779,0.933,97190,1
GO:0012501,"programmed cell death",6.614%,null,null,3.620,-131.7097,0.868,0.916,97190,1
GO:0010941,"regulation of cell death",5.372%,null,null,3.530,-123.0495,0.781,0.882,97190,1
GO:0042981,"regulation of apoptotic process",5.126%,null,null,3.509,-114.5758,0.779,0.888,97190,1
GO:0008219,"cell death",6.852%,null,null,3.635,-135.1475,0.867,0.923,97190,1
GO:0006915,"apoptotic process",6.464%,null,null,3.610,-132.0704,0.868,0.789,97190,1
GO:1902589,"single-organism organelle organization",8.278%, 3.138,-0.567,3.717,-98.5348,0.853,0.694,1902589,0
GO:0009059,"macromolecule biosynthetic process",18.715%,-6.189,-4.089,4.072,-192.2688,0.784,0.697,9059,0
GO:0044249,"cellular biosynthetic process",21.728%,null,null,4.136,-170.7363,0.765,0.724,9059,1
GO:1901576,"organic substance biosynthetic process",22.066%,null,null,4.143,-170.0811,0.800,0.763,9059,1
GO:0060429,"epithelium development",5.317%, 5.679,-4.135,3.525,-75.7041,0.881,0.698,60429,0
GO:1903827,"regulation of cellular protein localization",0.480%,-0.603, 2.049,2.481,-56.2960,0.785,0.699,1903827,0
GO:0051223,"regulation of protein transport",1.349%,null,null,2.930,-46.7052,0.786,0.909,1903827,1
GO:0070201,"regulation of establishment of protein localization",1.517%,null,null,2.981,-56.2898,0.784,0.811,1903827,1
