term_ID,description,frequency,plot_X,plot_Y,plot_size,log10 p-value,uniqueness,dispensability,representative,eliminated
GO:0000003,"reproduction",1.924%, 0.511,-0.772,2.810,-86.4690,1.000,0.000,3,0
GO:0001101,"response to acid chemical",4.625%, 6.263,-4.428,3.190,-84.5910,0.863,0.000,1101,0
GO:0002376,"immune system process",2.850%, 1.452,-1.026,2.980,-20.4216,0.994,0.000,2376,0
GO:0008152,"metabolic process",70.113%, 0.947,-1.965,4.371,-300.0000,0.998,0.000,8152,0
GO:0009987,"cellular process",60.344%, 1.591,-1.147,4.305,-300.0000,0.998,0.000,9987,0
GO:0022414,"reproductive process",6.127%, 0.248,-0.423,3.312,-86.5737,0.995,0.000,22414,0
GO:0023052,"signaling",9.052%, 2.868,-2.455,3.482,-121.2436,0.995,0.000,23052,0
GO:0032259,"methylation",2.886%, 2.614,-3.571,2.985,-21.9257,0.965,0.000,32259,0
GO:0032501,"multicellular organismal process",10.803%, 0.714,-1.069,3.558,-104.2461,0.995,0.000,32501,0
GO:0032502,"developmental process",11.296%, 0.621,-0.928,3.578,-139.6181,0.995,0.000,32502,0
GO:0040007,"growth",2.725%, 0.105,-0.270,2.960,-20.1703,0.994,0.000,40007,0
GO:0043933,"macromolecular complex subunit organization",4.353%, 0.075, 6.105,3.164,-159.0882,0.847,0.000,43933,0
GO:0044699,"single-organism process",48.042%, 2.684,-3.275,4.206,-300.0000,0.997,0.000,44699,0
GO:0046907,"intracellular transport",4.156%, 1.887, 1.326,3.144,-112.8278,0.888,0.000,46907,0
GO:0070727,"cellular macromolecule localization",3.567%,null,null,3.077,-86.4561,0.883,0.872,46907,1
GO:1902582,"single-organism intracellular transport",3.451%,null,null,3.063,-35.6416,0.841,0.894,46907,1
GO:0071426,"ribonucleoprotein complex export from nucleus",0.012%,null,null,0.699,-19.5655,0.902,0.721,46907,1
GO:1902580,"single-organism cellular localization",2.671%,null,null,2.952,-36.0999,0.849,0.835,46907,1
GO:0048193,"Golgi vesicle transport",0.968%,null,null,2.512,-18.1525,0.860,0.749,46907,1
GO:0006913,"nucleocytoplasmic transport",0.589%,null,null,2.297,-38.8539,0.905,0.704,46907,1
GO:0051168,"nuclear export",0.218%,null,null,1.869,-23.4283,0.913,0.906,46907,1
GO:0051649,"establishment of localization in cell",4.646%,null,null,3.192,-115.5902,0.887,0.909,46907,1
GO:0051169,"nuclear transport",0.589%,null,null,2.297,-38.8539,0.908,0.704,46907,1
GO:0048519,"negative regulation of biological process",3.636%, 2.902, 7.052,3.086,-107.6295,0.857,0.000,48519,0
GO:0050896,"response to stimulus",24.279%, 2.701,-2.383,3.910,-275.6780,0.996,0.000,50896,0
GO:0051179,"localization",14.310%, 0.111,-0.077,3.680,-46.7781,0.995,0.000,51179,0
GO:0065007,"biological regulation",25.919%, 1.160,-1.297,3.938,-300.0000,0.996,0.000,65007,0
GO:0071840,"cellular component organization or biogenesis",13.665%, 2.938,-2.592,3.660,-265.0566,0.995,0.000,71840,0
GO:0071704,"organic substance metabolic process",53.362%,-0.731,-1.594,4.252,-300.0000,0.942,0.051,71704,0
GO:0097659,"nucleic acid-templated transcription",1.807%,-5.970,-4.517,2.782,-146.5773,0.769,0.056,97659,0
GO:0007049,"cell cycle",2.638%,-0.207, 2.026,2.946,-81.6254,0.881,0.059,7049,0
GO:0009056,"catabolic process",9.629%, 2.186,-2.019,3.508,-50.7825,0.959,0.071,9056,0
GO:0015979,"photosynthesis",1.449%,-1.626,-1.336,2.687,-19.0926,0.908,0.087,15979,0
GO:0006732,"coenzyme metabolic process",1.613%,-1.762,-1.908,2.733,-20.5381,0.907,0.088,6732,0
GO:0006091,"generation of precursor metabolites and energy",2.220%,-2.087,-1.483,2.872,-46.6045,0.903,0.091,6091,0
GO:0051186,"cofactor metabolic process",2.121%,-1.790,-1.370,2.852,-34.6005,0.904,0.093,51186,0
GO:1901657,"glycosyl compound metabolic process",3.624%,-2.712,-0.800,3.084,-18.6634,0.843,0.110,1901657,0
GO:0006807,"nitrogen compound metabolic process",27.804%, 0.705,-1.751,3.969,-300.0000,0.950,0.111,6807,0
GO:0009058,"biosynthetic process",28.862%, 0.133,-1.170,3.985,-187.4212,0.950,0.113,9058,0
GO:0022406,"membrane docking",0.075%, 0.083, 0.528,1.415,-25.9604,0.918,0.120,22406,0
GO:0043170,"macromolecule metabolic process",39.315%,-3.962,-2.843,4.119,-300.0000,0.889,0.138,43170,0
GO:0009057,"macromolecule catabolic process",2.841%,-3.754,-3.195,2.979,-51.7153,0.877,0.150,9057,0
GO:0044248,"cellular catabolic process",7.074%,null,null,3.375,-46.3665,0.858,0.828,9057,1
GO:1901575,"organic substance catabolic process",8.529%,null,null,3.456,-55.9412,0.890,0.702,9057,1
GO:0030029,"actin filament-based process",0.783%,-0.068, 1.322,2.420,-19.6124,0.897,0.154,30029,0
GO:1901135,"carbohydrate derivative metabolic process",6.208%,-2.475,-2.009,3.318,-22.4327,0.922,0.158,1901135,0
GO:0044237,"cellular metabolic process",49.404%,-2.843,-2.491,4.218,-300.0000,0.880,0.159,44237,0
GO:0007017,"microtubule-based process",1.243%,-0.006, 1.727,2.620,-24.5289,0.892,0.163,7017,0
GO:0044238,"primary metabolic process",50.975%,-0.437,-2.054,4.232,-300.0000,0.943,0.163,44238,0
GO:0051301,"cell division",2.026%, 0.799, 2.655,2.832,-27.0987,0.885,0.173,51301,0
GO:0006725,"cellular aromatic compound metabolic process",26.287%,-4.486,-2.512,3.944,-300.0000,0.855,0.196,6725,0
GO:0007154,"cell communication",10.062%,-1.126, 2.446,3.528,-124.2150,0.856,0.220,7154,0
GO:0006793,"phosphorus metabolic process",15.454%,-4.350,-3.450,3.714,-88.5489,0.869,0.223,6793,0
GO:0044763,"single-organism cellular process",36.041%,-3.658, 0.539,4.082,-279.2067,0.850,0.232,44763,0
GO:1901566,"organonitrogen compound biosynthetic process",4.072%,-5.236,-5.322,3.135,-40.6548,0.810,0.258,1901566,0
GO:1901360,"organic cyclic compound metabolic process",26.959%,-3.466,-2.354,3.955,-300.0000,0.898,0.261,1901360,0
GO:0046483,"heterocycle metabolic process",25.549%,-4.415,-2.581,3.932,-300.0000,0.855,0.264,46483,0
GO:0031399,"regulation of protein modification process",0.771%,-4.195, 3.526,2.413,-32.6652,0.748,0.270,31399,0
GO:0032268,"regulation of cellular protein metabolic process",1.291%,null,null,2.636,-23.2943,0.738,0.901,31399,1
GO:0051726,"regulation of cell cycle",0.881%, 1.310, 6.968,2.471,-64.0035,0.781,0.274,51726,0
GO:0000278,"mitotic cell cycle",1.374%,null,null,2.664,-41.4576,0.873,0.854,51726,1
GO:1903047,"mitotic cell cycle process",0.980%,null,null,2.517,-31.2924,0.877,0.820,51726,1
GO:0022402,"cell cycle process",1.822%,null,null,2.786,-48.2308,0.869,0.810,51726,1
GO:0006413,"translational initiation",0.556%,-4.940,-3.256,2.272,-30.2021,0.826,0.287,6413,0
GO:0009617,"response to bacterium",1.646%, 5.708,-3.947,2.742,-22.2006,0.901,0.299,9617,0
GO:0098542,"defense response to other organism",3.869%,null,null,3.113,-21.7090,0.878,0.780,9617,1
GO:0044260,"cellular macromolecule metabolic process",35.222%,-6.513,-3.289,4.072,-300.0000,0.792,0.300,44260,0
GO:0009117,"nucleotide metabolic process",4.505%,-5.759,-1.066,3.179,-38.9738,0.684,0.305,9117,0
GO:0009116,"nucleoside metabolic process",3.041%,null,null,3.008,-37.0916,0.707,0.880,9117,1
GO:0009119,"ribonucleoside metabolic process",2.973%,null,null,2.998,-32.3897,0.707,0.957,9117,1
GO:0009123,"nucleoside monophosphate metabolic process",1.718%,null,null,2.760,-34.9943,0.721,0.825,9117,1
GO:0009126,"purine nucleoside monophosphate metabolic process",1.619%,null,null,2.735,-33.2126,0.720,0.974,9117,1
GO:0006163,"purine nucleotide metabolic process",2.904%,null,null,2.988,-36.4634,0.696,0.952,9117,1
GO:0090407,"organophosphate biosynthetic process",3.071%,null,null,3.012,-23.8000,0.788,0.786,9117,1
GO:0009144,"purine nucleoside triphosphate metabolic process",2.596%,null,null,2.940,-31.6582,0.704,0.968,9117,1
GO:0009141,"nucleoside triphosphate metabolic process",2.650%,null,null,2.948,-33.4344,0.706,0.878,9117,1
GO:0009150,"purine ribonucleotide metabolic process",2.814%,null,null,2.975,-34.3242,0.694,0.886,9117,1
GO:0009161,"ribonucleoside monophosphate metabolic process",1.691%,null,null,2.754,-33.9996,0.718,0.966,9117,1
GO:0009167,"purine ribonucleoside monophosphate metabolic process",1.619%,null,null,2.735,-33.2126,0.720,0.976,9117,1
GO:0006753,"nucleoside phosphate metabolic process",4.526%,null,null,3.181,-38.5488,0.685,0.936,9117,1
GO:0046034,"ATP metabolic process",1.512%,null,null,2.705,-32.1732,0.710,0.907,9117,1
GO:0009199,"ribonucleoside triphosphate metabolic process",2.641%,null,null,2.947,-31.3983,0.704,0.970,9117,1
GO:0046128,"purine ribonucleoside metabolic process",2.841%,null,null,2.979,-33.8457,0.708,0.953,9117,1
GO:0042278,"purine nucleoside metabolic process",2.847%,null,null,2.980,-33.1390,0.708,0.954,9117,1
GO:0009205,"purine ribonucleoside triphosphate metabolic process",2.596%,null,null,2.940,-31.3983,0.704,0.875,9117,1
GO:0009259,"ribonucleotide metabolic process",3.226%,null,null,3.034,-36.1113,0.695,0.949,9117,1
GO:0019693,"ribose phosphate metabolic process",3.226%,null,null,3.034,-36.7881,0.810,0.792,9117,1
GO:0006281,"DNA repair",1.374%, 0.598,-5.945,2.664,-52.9019,0.673,0.307,6281,0
GO:0006302,"double-strand break repair",0.308%,null,null,2.017,-24.3856,0.720,0.822,6281,1
GO:0006260,"DNA replication",1.524%,null,null,2.708,-43.6999,0.776,0.723,6281,1
GO:0000725,"recombinational repair",0.194%,null,null,1.820,-17.9908,0.732,0.786,6281,1
GO:0051239,"regulation of multicellular organismal process",2.175%, 2.637, 6.626,2.863,-59.0473,0.817,0.309,51239,0
GO:0048523,"negative regulation of cellular process",2.345%, 2.988, 7.084,2.895,-84.3937,0.775,0.312,48523,0
GO:0031324,"negative regulation of cellular metabolic process",1.362%,null,null,2.660,-48.8325,0.738,0.937,48523,1
GO:1902679,"negative regulation of RNA biosynthetic process",1.058%,null,null,2.550,-51.0772,0.661,0.909,48523,1
GO:0031327,"negative regulation of cellular biosynthetic process",1.150%,null,null,2.587,-42.7847,0.717,0.977,48523,1
GO:0051253,"negative regulation of RNA metabolic process",1.058%,null,null,2.550,-51.9342,0.673,0.979,48523,1
GO:0045934,"negative regulation of nucleobase-containing compound metabolic process",1.108%,null,null,2.571,-54.7375,0.690,0.981,48523,1
GO:0010629,"negative regulation of gene expression",1.556%,null,null,2.718,-41.8522,0.731,0.952,48523,1
GO:0010605,"negative regulation of macromolecule metabolic process",1.790%,null,null,2.778,-52.8138,0.735,0.821,48523,1
GO:0010558,"negative regulation of macromolecule biosynthetic process",1.120%,null,null,2.575,-40.6478,0.723,0.983,48523,1
GO:2000113,"negative regulation of cellular macromolecule biosynthetic process",1.120%,null,null,2.575,-36.1316,0.696,0.983,48523,1
GO:0009892,"negative regulation of metabolic process",1.885%,null,null,2.801,-57.2331,0.787,0.827,48523,1
GO:0009890,"negative regulation of biosynthetic process",1.162%,null,null,2.591,-40.9500,0.760,0.919,48523,1
GO:0051172,"negative regulation of nitrogen compound metabolic process",1.120%,null,null,2.575,-43.0447,0.737,0.915,48523,1
GO:0050793,"regulation of developmental process",2.629%, 2.209, 5.945,2.945,-75.3636,0.796,0.318,50793,0
GO:0065008,"regulation of biological quality",5.064%, 2.348, 5.869,3.229,-21.0149,0.863,0.318,65008,0
GO:0048583,"regulation of response to stimulus",2.656%, 6.572,-0.073,2.949,-71.2815,0.787,0.320,48583,0
GO:0048518,"positive regulation of biological process",2.952%, 2.942, 6.990,2.995,-87.7490,0.861,0.323,48518,0
GO:0018205,"peptidyl-lysine modification",0.137%,-3.841,-2.368,1.672,-22.2960,0.881,0.324,18205,0
GO:0048278,"vesicle docking",0.069%, 1.275, 1.547,1.380,-24.3218,0.870,0.331,48278,0
GO:0048522,"positive regulation of cellular process",2.315%, 2.959, 7.038,2.890,-66.2304,0.776,0.332,48522,0
GO:1902680,"positive regulation of RNA biosynthetic process",1.312%,null,null,2.643,-31.3724,0.658,0.981,48522,1
GO:0031328,"positive regulation of cellular biosynthetic process",1.425%,null,null,2.679,-36.6233,0.716,0.954,48522,1
GO:0031325,"positive regulation of cellular metabolic process",1.580%,null,null,2.724,-44.0249,0.737,0.864,48522,1
GO:0048584,"positive regulation of response to stimulus",0.332%,null,null,2.049,-26.2219,0.787,0.722,48522,1
GO:0051254,"positive regulation of RNA metabolic process",1.314%,null,null,2.644,-34.1200,0.670,0.981,48522,1
GO:0045935,"positive regulation of nucleobase-containing compound metabolic process",1.350%,null,null,2.656,-38.6622,0.688,0.920,48522,1
GO:0010628,"positive regulation of gene expression",1.317%,null,null,2.645,-34.4257,0.738,0.960,48522,1
GO:0010604,"positive regulation of macromolecule metabolic process",1.518%,null,null,2.707,-43.6175,0.744,0.932,48522,1
GO:0010557,"positive regulation of macromolecule biosynthetic process",1.404%,null,null,2.673,-34.8890,0.720,0.924,48522,1
GO:0009893,"positive regulation of metabolic process",1.903%,null,null,2.805,-47.0742,0.787,0.885,48522,1
GO:0009891,"positive regulation of biosynthetic process",1.721%,null,null,2.761,-38.7024,0.753,0.947,48522,1
GO:0051173,"positive regulation of nitrogen compound metabolic process",1.365%,null,null,2.661,-40.9147,0.735,0.921,48522,1
GO:0044281,"small molecule metabolic process",13.043%,-1.609, 0.670,3.640,-58.8304,0.868,0.333,44281,0
GO:0009314,"response to radiation",3.585%, 5.913,-4.284,3.080,-56.5604,0.882,0.335,9314,0
GO:1901564,"organonitrogen compound metabolic process",8.906%,-4.441,-5.103,3.475,-60.2849,0.839,0.335,1901564,0
GO:0044710,"single-organism metabolic process",29.627%,-0.752, 2.724,3.996,-50.9219,0.881,0.341,44710,0
GO:0016050,"vesicle organization",0.063%, 0.301, 6.294,1.342,-20.6247,0.891,0.345,16050,0
GO:0006397,"mRNA processing",1.022%,-5.391,-4.737,2.535,-36.0751,0.797,0.345,6397,0
GO:0000377,"RNA splicing, via transesterification reactions with bulged adenosine as nucleophile",0.487%,null,null,2.215,-20.6235,0.811,0.989,6397,1
GO:0000375,"RNA splicing, via transesterification reactions",0.487%,null,null,2.215,-20.6235,0.812,0.828,6397,1
GO:0000398,"mRNA splicing, via spliceosome",0.454%,null,null,2.185,-25.3760,0.811,0.819,6397,1
GO:0008380,"RNA splicing",1.126%,null,null,2.577,-26.8690,0.796,0.709,6397,1
GO:0006259,"DNA metabolic process",4.108%,-6.195,-4.469,3.139,-99.5833,0.779,0.353,6259,0
GO:0016071,"mRNA metabolic process",1.571%,-6.351,-4.957,2.722,-41.7570,0.799,0.364,16071,0
GO:0018193,"peptidyl-amino acid modification",0.571%,-4.850,-3.245,2.283,-31.2591,0.863,0.370,18193,0
GO:0043412,"macromolecule modification",13.363%,-4.543,-3.161,3.651,-105.0478,0.872,0.371,43412,0
GO:0051246,"regulation of protein metabolic process",1.476%,-4.185, 4.252,2.695,-28.7977,0.767,0.380,51246,0
GO:0046903,"secretion",0.293%, 1.617, 1.223,1.996,-27.2808,0.898,0.385,46903,0
GO:0044249,"cellular biosynthetic process",26.929%,-6.256,-3.642,3.955,-217.1486,0.791,0.392,44249,0
GO:0009966,"regulation of signal transduction",0.893%, 5.813, 0.365,2.477,-34.8256,0.707,0.396,9966,0
GO:0031347,"regulation of defense response",1.598%,null,null,2.729,-22.3465,0.777,0.860,9966,1
GO:0048585,"negative regulation of response to stimulus",1.090%,null,null,2.563,-22.0160,0.759,0.822,9966,1
GO:0080134,"regulation of response to stress",1.697%,null,null,2.755,-31.9873,0.778,0.803,9966,1
GO:0071826,"ribonucleoprotein complex subunit organization",0.254%, 0.285, 6.503,1.934,-28.9040,0.872,0.398,71826,0
GO:0006396,"RNA processing",3.561%,-5.924,-4.483,3.077,-63.6247,0.772,0.404,6396,0
GO:0034660,"ncRNA metabolic process",1.810%,-5.568,-4.587,2.783,-27.6790,0.795,0.404,34660,0
GO:0010467,"gene expression",18.878%,-5.087,-3.198,3.801,-203.4427,0.863,0.418,10467,0
GO:0051716,"cellular response to stimulus",12.891%, 5.592,-5.222,3.635,-199.0069,0.813,0.418,51716,0
GO:0051174,"regulation of phosphorus metabolic process",1.240%,-1.222, 4.826,2.619,-26.6113,0.749,0.422,51174,0
GO:0019220,"regulation of phosphate metabolic process",1.240%,-1.814, 5.597,2.619,-27.4286,0.749,0.426,19220,0
GO:0019538,"protein metabolic process",20.458%,-5.415,-3.144,3.836,-117.8921,0.858,0.431,19538,0
GO:0070647,"protein modification by small protein conjugation or removal",2.495%,-5.754,-3.165,2.922,-29.7924,0.836,0.434,70647,0
GO:0010646,"regulation of cell communication",0.917%, 1.541, 6.338,2.489,-33.7350,0.791,0.439,10646,0
GO:0061025,"membrane fusion",0.741%, 0.191, 6.350,2.396,-20.0336,0.873,0.451,61025,0
GO:0044802,"single-organism membrane organization",1.801%,null,null,2.781,-19.5111,0.811,0.824,61025,1
GO:0050794,"regulation of cellular process",20.709%,-1.181, 5.619,3.841,-300.0000,0.755,0.452,50794,0
GO:0043414,"macromolecule methylation",1.801%,-4.531,-2.918,2.781,-28.5406,0.853,0.452,43414,0
GO:0009605,"response to external stimulus",6.919%, 6.321,-4.310,3.365,-27.5158,0.887,0.454,9605,0
GO:0009719,"response to endogenous stimulus",6.964%, 6.052,-4.137,3.368,-97.6797,0.887,0.455,9719,0
GO:0090304,"nucleic acid metabolic process",20.273%,-6.162,-3.796,3.832,-297.8689,0.727,0.462,90304,0
GO:0023051,"regulation of signaling",0.905%, 3.379, 6.484,2.483,-34.8726,0.870,0.464,23051,0
GO:0044267,"cellular protein metabolic process",17.435%,-6.503,-3.315,3.766,-141.1971,0.791,0.464,44267,0
GO:0071166,"ribonucleoprotein complex localization",0.012%, 2.305, 1.004,0.699,-19.5655,0.935,0.465,71166,0
GO:0009628,"response to abiotic stimulus",7.983%, 6.439,-4.349,3.427,-141.4900,0.884,0.468,9628,0
GO:0006952,"defense response",5.605%, 5.655,-4.216,3.273,-46.5001,0.878,0.471,6952,0
GO:0051128,"regulation of cellular component organization",1.123%, 0.885, 6.840,2.576,-42.9155,0.765,0.475,51128,0
GO:0046686,"response to cadmium ion",1.300%, 5.907,-4.116,2.639,-48.3751,0.878,0.487,46686,0
GO:0010038,"response to metal ion",1.658%,null,null,2.745,-44.6373,0.875,0.719,46686,1
GO:0071824,"protein-DNA complex subunit organization",0.182%, 0.329, 6.478,1.792,-26.3971,0.876,0.488,71824,0
GO:0032446,"protein modification by small protein conjugation",2.130%,-5.183,-2.968,2.854,-22.7810,0.840,0.492,32446,0
GO:0009751,"response to salicylic acid",1.407%, 6.231,-4.204,2.674,-21.1325,0.865,0.493,9751,0
GO:0071407,"cellular response to organic cyclic compound",1.553%,null,null,2.717,-19.0447,0.813,0.856,9751,1
GO:0016192,"vesicle-mediated transport",2.169%, 1.792, 1.219,2.862,-78.3078,0.922,0.494,16192,0
GO:1903506,"regulation of nucleic acid-templated transcription",3.707%,-5.619, 0.664,3.094,-124.6881,0.627,0.498,1903506,0
GO:0006366,"transcription from RNA polymerase II promoter",0.299%,null,null,2.004,-82.0940,0.790,0.865,1903506,1
GO:0006357,"regulation of transcription from RNA polymerase II promoter",0.111%,null,null,1.580,-84.7863,0.745,0.780,1903506,1
GO:0045892,"negative regulation of transcription, DNA-templated",1.058%,null,null,2.550,-45.6996,0.644,1.005,1903506,1
GO:0006355,"regulation of transcription, DNA-templated",11.550%,null,null,3.587,-120.5909,0.558,1.857,1903506,1
GO:0006351,"transcription, DNA-templated",12.428%,null,null,3.619,-142.2801,0.657,1.465,1903506,1
GO:0045893,"positive regulation of transcription, DNA-templated",1.300%,null,null,2.639,-30.9910,0.641,1.032,1903506,1
GO:1903508,"positive regulation of nucleic acid-templated transcription",6.929%,null,null,3.365,-31.3724,0.555,1.658,1903506,1
GO:1903507,"negative regulation of nucleic acid-templated transcription",6.929%,null,null,3.365,-51.0772,0.549,1.658,1903506,1
GO:0044711,"single-organism biosynthetic process",11.290%,-4.120,-1.736,3.577,-18.0878,0.809,0.506,44711,0
GO:0042221,"response to chemical",12.637%, 6.333,-4.440,3.626,-158.1331,0.876,0.521,42221,0
GO:0061024,"membrane organization",2.324%, 0.116, 6.529,2.892,-23.7810,0.858,0.525,61024,0
GO:0006950,"response to stress",14.035%, 5.788,-4.146,3.672,-173.4196,0.874,0.534,6950,0
GO:0051641,"cellular localization",5.025%, 1.022, 1.000,3.226,-125.4061,0.916,0.540,51641,0
GO:0022607,"cellular component assembly",3.026%, 0.092, 6.547,3.006,-95.4461,0.837,0.546,22607,0
GO:0071822,"protein complex subunit organization",2.506%,null,null,2.924,-46.2599,0.838,0.802,22607,1
GO:0022613,"ribonucleoprotein complex biogenesis",1.294%,null,null,2.637,-61.1651,0.897,0.745,22607,1
GO:0022618,"ribonucleoprotein complex assembly",0.254%,null,null,1.934,-26.0026,0.860,0.817,22607,1
GO:0070271,"protein complex biogenesis",2.220%,null,null,2.872,-41.1315,0.891,0.800,22607,1
GO:0043623,"cellular protein complex assembly",1.846%,null,null,2.792,-38.5948,0.830,0.923,22607,1
GO:0065003,"macromolecular complex assembly",2.506%,null,null,2.924,-90.3784,0.826,0.907,22607,1
GO:0042254,"ribosome biogenesis",1.075%,null,null,2.558,-47.6961,0.897,0.728,22607,1
GO:0034622,"cellular macromolecular complex assembly",2.256%,null,null,2.879,-90.5751,0.827,0.801,22607,1
GO:0006461,"protein complex assembly",2.208%,null,null,2.869,-40.6888,0.827,0.954,22607,1
GO:0015031,"protein transport",4.224%, 2.727, 1.173,3.151,-91.1762,0.896,0.546,15031,0
GO:0033365,"protein localization to organelle",1.628%,null,null,2.737,-50.1446,0.890,0.815,15031,1
GO:0006886,"intracellular protein transport",3.310%,null,null,3.045,-78.9186,0.879,0.918,15031,1
GO:0008104,"protein localization",4.478%,null,null,3.176,-97.1397,0.899,0.886,15031,1
GO:0017038,"protein import",0.807%,null,null,2.433,-29.5751,0.872,0.756,15031,1
GO:0006605,"protein targeting",2.614%,null,null,2.943,-50.9479,0.836,0.919,15031,1
GO:0072594,"establishment of protein localization to organelle",1.556%,null,null,2.718,-45.9773,0.890,0.824,15031,1
GO:0034613,"cellular protein localization",3.483%,null,null,3.067,-87.1799,0.880,0.950,15031,1
GO:0045184,"establishment of protein localization",4.275%,null,null,3.156,-91.1762,0.897,0.939,15031,1
GO:0044085,"cellular component biogenesis",4.669%, 0.015, 6.320,3.194,-108.9368,0.900,0.554,44085,0
GO:0033036,"macromolecule localization",5.318%, 1.378, 1.203,3.251,-64.3408,0.915,0.562,33036,0
GO:1902589,"single-organism organelle organization",3.755%,-0.164, 6.419,3.100,-80.5072,0.783,0.565,1902589,0
GO:0051276,"chromosome organization",2.542%,null,null,2.930,-49.5409,0.844,0.721,1902589,1
GO:1901362,"organic cyclic compound biosynthetic process",16.584%,-5.207,-5.019,3.744,-164.7635,0.789,0.569,1901362,0
GO:0019438,"aromatic compound biosynthetic process",15.777%,-6.152,-4.526,3.723,-164.1693,0.759,0.572,19438,0
GO:0009755,"hormone-mediated signaling pathway",4.042%, 5.707, 0.156,3.132,-58.9179,0.626,0.575,9755,0
GO:0071229,"cellular response to acid chemical",2.309%,null,null,2.889,-32.3781,0.803,0.757,9755,1
GO:0044700,"single organism signaling",9.049%,null,null,3.481,-121.1447,0.914,0.904,9755,1
GO:1901701,"cellular response to oxygen-containing compound",3.259%,null,null,3.038,-41.1274,0.797,0.791,9755,1
GO:0097306,"cellular response to alcohol",1.049%,null,null,2.547,-20.8310,0.817,0.876,9755,1
GO:0032870,"cellular response to hormone stimulus",4.168%,null,null,3.145,-56.0458,0.784,0.949,9755,1
GO:0071215,"cellular response to abscisic acid stimulus",0.923%,null,null,2.491,-20.8310,0.812,0.863,9755,1
GO:0071396,"cellular response to lipid",1.314%,null,null,2.644,-27.0171,0.815,0.863,9755,1
GO:0071310,"cellular response to organic substance",5.348%,null,null,3.253,-69.3525,0.784,0.854,9755,1
GO:0007165,"signal transduction",8.813%,null,null,3.470,-126.2826,0.623,0.775,9755,1
GO:0009737,"response to abscisic acid",1.876%,null,null,2.799,-53.0884,0.852,0.720,9755,1
GO:0009725,"response to hormone",6.316%,null,null,3.325,-96.6900,0.843,0.837,9755,1
GO:0071495,"cellular response to endogenous stimulus",4.227%,null,null,3.151,-56.1470,0.877,0.778,9755,1
GO:0033554,"cellular response to stress",5.025%, 6.007,-4.241,3.226,-64.0168,0.811,0.576,33554,0
GO:0048608,"reproductive structure development",4.604%, 0.303, 3.726,3.188,-70.5740,0.837,0.576,48608,0
GO:0044707,"single-multicellular organism process",9.993%,null,null,3.525,-99.0593,0.872,0.860,48608,1
GO:0044702,"single organism reproductive process",5.109%,null,null,3.233,-76.3932,0.899,0.866,48608,1
GO:0003006,"developmental process involved in reproduction",5.769%,null,null,3.286,-74.1968,0.889,0.900,48608,1
GO:0010228,"vegetative to reproductive phase transition of meristem",1.234%,null,null,2.617,-25.1814,0.860,0.786,48608,1
GO:0090567,"reproductive shoot system development",2.731%,null,null,2.961,-54.1138,0.844,0.879,48608,1
GO:0044767,"single-organism developmental process",11.024%,null,null,3.567,-139.0892,0.849,0.732,48608,1
GO:0010154,"fruit development",1.784%,null,null,2.777,-20.7175,0.855,0.827,48608,1
GO:0007275,"multicellular organismal development",9.904%,null,null,3.521,-97.1323,0.840,0.856,48608,1
GO:0048437,"floral organ development",1.667%,null,null,2.747,-19.6829,0.851,0.909,48608,1
GO:0009653,"anatomical structure morphogenesis",5.019%,null,null,3.226,-40.8665,0.905,0.744,48608,1
GO:0048367,"shoot system development",4.057%,null,null,3.133,-57.4663,0.854,0.752,48608,1
GO:0048856,"anatomical structure development",10.140%,null,null,3.531,-115.5504,0.898,0.861,48608,1
GO:0048316,"seed development",1.712%,null,null,2.759,-19.5077,0.855,0.822,48608,1
GO:0009791,"post-embryonic development",5.975%,null,null,3.301,-92.2113,0.852,0.770,48608,1
GO:0009908,"flower development",2.701%,null,null,2.957,-52.9410,0.843,0.878,48608,1
GO:0061458,"reproductive system development",4.604%,null,null,3.188,-70.5740,0.851,0.768,48608,1
GO:0048731,"system development",7.723%,null,null,3.413,-83.1266,0.846,0.812,48608,1
GO:0055086,"nucleobase-containing small molecule metabolic process",4.762%,-6.457,-2.280,3.203,-42.0355,0.728,0.577,55086,0
GO:0010035,"response to inorganic substance",4.200%, 6.296,-4.453,3.148,-72.8904,0.865,0.579,10035,0
GO:0007005,"mitochondrion organization",0.484%, 0.179, 5.925,2.212,-23.2927,0.869,0.582,7005,0
GO:0044271,"cellular nitrogen compound biosynthetic process",15.105%,-6.124,-4.775,3.704,-168.3801,0.748,0.583,44271,0
GO:0007015,"actin filament organization",0.490%, 0.147, 5.692,2.217,-18.2536,0.810,0.583,7015,0
GO:0030036,"actin cytoskeleton organization",0.583%,null,null,2.292,-19.8259,0.821,0.920,7015,1
GO:0018130,"heterocycle biosynthetic process",15.239%,-5.770,-4.603,3.708,-176.3861,0.757,0.584,18130,0
GO:0065004,"protein-DNA complex assembly",0.182%, 0.037, 6.038,1.792,-22.2991,0.865,0.596,65004,0
GO:0034645,"cellular macromolecule biosynthetic process",19.266%,-5.944,-3.459,3.810,-169.9958,0.747,0.598,34645,0
GO:2000026,"regulation of multicellular organismal development",2.109%, 1.620, 5.388,2.849,-63.0808,0.756,0.601,2000026,0
GO:0048581,"negative regulation of post-embryonic development",0.230%,null,null,1.892,-18.5203,0.771,0.754,2000026,1
GO:0048580,"regulation of post-embryonic development",1.371%,null,null,2.663,-53.4056,0.764,0.919,2000026,1
GO:0048831,"regulation of shoot system development",1.073%,null,null,2.556,-32.6338,0.767,0.892,2000026,1
GO:0009909,"regulation of flower development",0.953%,null,null,2.505,-33.8751,0.760,0.880,2000026,1
GO:0009059,"macromolecule biosynthetic process",19.616%,-6.495,-4.171,3.817,-167.9661,0.810,0.601,9059,0
GO:0044265,"cellular macromolecule catabolic process",2.091%,-4.599,-3.726,2.846,-54.4206,0.834,0.606,44265,0
GO:0044257,"cellular protein catabolic process",1.631%,null,null,2.738,-41.1841,0.823,0.969,44265,1
GO:0019941,"modification-dependent protein catabolic process",1.285%,null,null,2.634,-47.9197,0.828,0.984,44265,1
GO:0043632,"modification-dependent macromolecule catabolic process",1.291%,null,null,2.636,-49.5243,0.841,0.869,44265,1
GO:0030163,"protein catabolic process",1.691%,null,null,2.754,-42.3238,0.861,0.871,44265,1
GO:0051603,"proteolysis involved in cellular protein catabolic process",1.551%,null,null,2.716,-39.8775,0.824,0.949,44265,1
GO:0006511,"ubiquitin-dependent protein catabolic process",1.267%,null,null,2.628,-46.6798,0.828,0.840,44265,1
GO:0009888,"tissue development",2.483%, 0.138, 2.207,2.920,-46.4071,0.913,0.607,9888,0
GO:0097305,"response to alcohol",2.187%, 6.537,-4.602,2.865,-54.4810,0.864,0.608,97305,0
GO:0070925,"organelle assembly",0.221%, 0.109, 6.007,1.875,-18.1036,0.863,0.608,70925,0
GO:0034654,"nucleobase-containing compound biosynthetic process",13.975%,-5.803,-4.291,3.670,-163.1359,0.722,0.610,34654,0
GO:0032774,"RNA biosynthetic process",12.515%,null,null,3.622,-147.2418,0.695,0.793,34654,1
GO:0030154,"cell differentiation",3.489%, 0.005, 3.076,3.068,-55.0436,0.811,0.610,30154,0
GO:0006403,"RNA localization",0.269%, 1.173, 1.116,1.959,-19.5655,0.925,0.612,6403,0
GO:0033043,"regulation of organelle organization",0.759%, 0.776, 6.873,2.407,-23.4968,0.763,0.614,33043,0
GO:0060255,"regulation of macromolecule metabolic process",13.563%,-4.456, 2.882,3.657,-181.0461,0.709,0.618,60255,0
GO:0080090,"regulation of primary metabolic process",13.856%,null,null,3.666,-168.0479,0.738,0.782,60255,1
GO:0031323,"regulation of cellular metabolic process",13.829%,null,null,3.666,-174.9460,0.700,0.777,60255,1
GO:0031326,"regulation of cellular biosynthetic process",12.341%,null,null,3.616,-144.2142,0.665,0.861,60255,1
GO:0051252,"regulation of RNA metabolic process",11.630%,null,null,3.590,-131.4238,0.605,0.820,60255,1
GO:2001141,"regulation of RNA biosynthetic process",11.579%,null,null,3.588,-124.6881,0.587,0.866,60255,1
GO:0019219,"regulation of nucleobase-containing compound metabolic process",12.401%,null,null,3.618,-142.4215,0.625,0.859,60255,1
GO:0010556,"regulation of macromolecule biosynthetic process",12.231%,null,null,3.612,-136.8091,0.671,0.862,60255,1
GO:0010468,"regulation of gene expression",12.727%,null,null,3.630,-152.5258,0.694,0.762,60255,1
GO:2000112,"regulation of cellular macromolecule biosynthetic process",12.201%,null,null,3.611,-133.1785,0.634,0.829,60255,1
GO:0009889,"regulation of biosynthetic process",12.643%,null,null,3.627,-145.7985,0.729,0.760,60255,1
GO:0051171,"regulation of nitrogen compound metabolic process",12.479%,null,null,3.621,-149.9951,0.696,0.758,60255,1
GO:0014070,"response to organic cyclic compound",2.471%, 5.700,-4.066,2.918,-39.8539,0.867,0.618,14070,0
GO:0033993,"response to lipid",2.530%, 6.436,-4.426,2.928,-58.1180,0.866,0.620,33993,0
GO:0034641,"cellular nitrogen compound metabolic process",25.561%,-4.982,-4.091,3.932,-300.0000,0.772,0.624,34641,0
GO:0048869,"cellular developmental process",4.299%,-0.032, 2.990,3.158,-55.6384,0.806,0.630,48869,0
GO:0006082,"organic acid metabolic process",7.705%,-4.101,-0.047,3.412,-34.2926,0.767,0.632,6082,0
GO:0009409,"response to cold",1.778%, 5.570,-4.214,2.775,-30.8214,0.883,0.632,9409,0
GO:0006796,"phosphate-containing compound metabolic process",15.245%,-5.401,-1.890,3.708,-86.6156,0.820,0.634,6796,0
GO:0016310,"phosphorylation",8.753%,null,null,3.467,-49.5157,0.835,0.731,6796,1
GO:0044283,"small molecule biosynthetic process",5.067%,-3.546,-1.592,3.230,-22.1588,0.795,0.639,44283,0
GO:0000280,"nuclear division",1.040%, 0.056, 7.092,2.543,-22.5027,0.859,0.639,280,0
GO:0006261,"DNA-dependent DNA replication",0.520%,-6.118,-5.295,2.243,-35.3867,0.802,0.641,6261,0
GO:0009735,"response to cytokinin",0.777%, 5.890,-4.051,2.417,-32.1579,0.878,0.642,9735,0
GO:0016070,"RNA metabolic process",16.790%,-6.325,-4.047,3.750,-223.9971,0.722,0.642,16070,0
GO:0048507,"meristem development",1.428%, 1.151, 3.736,2.680,-22.9374,0.871,0.645,48507,0
GO:0048285,"organelle fission",1.129%, 0.114, 6.143,2.579,-27.4546,0.858,0.646,48285,0
GO:0032940,"secretion by cell",0.281%, 1.778, 2.118,1.978,-30.1369,0.833,0.646,32940,0
GO:0006887,"exocytosis",0.233%,null,null,1.898,-24.8790,0.833,0.975,32940,1
GO:0019222,"regulation of metabolic process",15.911%, 2.482, 6.334,3.726,-198.6704,0.795,0.647,19222,0
GO:0009651,"response to salt stress",2.181%, 6.014,-4.704,2.864,-50.1320,0.880,0.650,9651,0
GO:0044087,"regulation of cellular component biogenesis",0.421%, 0.873, 6.982,2.152,-21.6155,0.809,0.651,44087,0
GO:0006464,"cellular protein modification process",12.105%,-5.846,-3.016,3.608,-122.3384,0.793,0.654,6464,0
GO:0036211,"protein modification process",12.105%,null,null,3.608,-122.3384,0.842,0.826,6464,1
GO:0006468,"protein phosphorylation",6.044%,null,null,3.306,-35.3368,0.773,0.755,6464,1
GO:0006970,"response to osmotic stress",2.330%, 5.603,-4.294,2.893,-54.1301,0.879,0.656,6970,0
GO:0072521,"purine-containing compound metabolic process",3.047%,-4.126,-4.962,3.009,-35.7157,0.804,0.658,72521,0
GO:0050789,"regulation of biological process",23.583%, 2.464, 6.297,3.897,-300.0000,0.825,0.663,50789,0
GO:0010033,"response to organic substance",9.452%, 6.284,-4.478,3.500,-122.4156,0.848,0.665,10033,0
GO:1901700,"response to oxygen-containing compound",7.275%,null,null,3.387,-101.1829,0.854,0.726,10033,1
GO:0070887,"cellular response to chemical stimulus",6.124%,null,null,3.312,-65.7288,0.794,0.702,10033,1
GO:0016043,"cellular component organization",12.586%,-0.925, 6.646,3.625,-250.7842,0.827,0.669,16043,0
GO:0006996,"organelle organization",6.785%,null,null,3.356,-172.4842,0.838,0.722,16043,1
GO:0006974,"cellular response to DNA damage stimulus",1.497%, 5.551,-3.935,2.701,-57.9416,0.835,0.669,6974,0
GO:0007346,"regulation of mitotic cell cycle",0.296%, 1.863, 6.231,2.000,-24.3218,0.803,0.671,7346,0
GO:0010564,"regulation of cell cycle process",0.415%,null,null,2.146,-20.1330,0.796,0.830,7346,1
GO:0006520,"cellular amino acid metabolic process",3.445%,-4.932,-1.169,3.062,-29.2969,0.741,0.671,6520,0
GO:0016053,"organic acid biosynthetic process",4.003%,null,null,3.127,-18.3948,0.745,0.880,6520,1
GO:0046394,"carboxylic acid biosynthetic process",4.003%,null,null,3.127,-18.3948,0.745,0.734,6520,1
GO:0019752,"carboxylic acid metabolic process",7.349%,null,null,3.391,-35.0921,0.765,0.812,6520,1
GO:0043436,"oxoacid metabolic process",7.696%,null,null,3.411,-34.4280,0.763,0.914,6520,1
GO:0042742,"defense response to bacterium",1.174%, 5.463,-4.075,2.595,-21.9168,0.894,0.671,42742,0
GO:0006139,"nucleobase-containing compound metabolic process",23.986%,-6.185,-4.130,3.905,-300.0000,0.745,0.672,6139,0
GO:0007010,"cytoskeleton organization",1.542%, 0.167, 6.010,2.713,-40.6402,0.853,0.673,7010,0
GO:0006810,"transport",13.483%, 2.423, 1.215,3.655,-39.0301,0.902,0.675,6810,0
GO:0051234,"establishment of localization",13.730%,null,null,3.662,-39.5130,0.903,0.835,6810,1
GO:0071702,"organic substance transport",6.534%,null,null,3.340,-18.8080,0.911,0.724,6810,1
GO:0009266,"response to temperature stimulus",2.841%, 6.027,-4.397,2.979,-48.0606,0.885,0.675,9266,0
GO:0006310,"DNA recombination",0.851%,-6.193,-5.317,2.456,-25.6944,0.810,0.676,6310,0
GO:0019637,"organophosphate metabolic process",6.325%,-4.169,-1.331,3.326,-49.9803,0.834,0.680,19637,0
GO:1901576,"organic substance biosynthetic process",27.670%,-5.728,-3.657,3.967,-193.5565,0.828,0.681,1901576,0
GO:0035556,"intracellular signal transduction",3.743%, 5.823, 0.443,3.098,-37.0631,0.665,0.682,35556,0
GO:0009723,"response to ethylene",1.365%, 6.056,-4.117,2.661,-20.5486,0.870,0.690,9723,0
GO:0006325,"chromatin organization",1.864%, 0.070, 6.597,2.796,-75.2398,0.831,0.690,6325,0
GO:0006333,"chromatin assembly or disassembly",0.293%,null,null,1.996,-17.9908,0.859,0.729,6325,1
GO:0016570,"histone modification",1.204%,null,null,2.606,-32.5674,0.705,0.852,6325,1
GO:0016569,"covalent chromatin modification",1.320%,null,null,2.646,-31.5096,0.836,0.930,6325,1
GO:0071103,"DNA conformation change",0.526%,null,null,2.248,-29.9031,0.864,0.775,6325,1
GO:0009414,"response to water deprivation",1.186%, 5.811,-4.392,2.600,-22.0475,0.851,0.692,9414,0
GO:0009753,"response to jasmonic acid",1.410%, 6.259,-4.234,2.675,-29.4466,0.861,0.693,9753,0
GO:0009416,"response to light stimulus",3.403%, 5.691,-4.174,3.057,-49.8370,0.881,0.693,9416,0
GO:0009639,"response to red or far red light",1.267%,null,null,2.628,-18.4986,0.894,0.828,9416,1
GO:0009415,"response to water",1.228%, 5.851,-4.305,2.615,-21.6278,0.858,0.695,9415,0
GO:0048827,"phyllome development",2.435%,-0.290, 2.968,2.912,-34.4786,0.859,0.696,48827,0
GO:2000241,"regulation of reproductive process",1.162%, 2.286, 5.720,2.591,-43.8042,0.843,0.696,2000241,0
