term_ID,description,frequency,plot_X,plot_Y,plot_size,log10 p-value,uniqueness,dispensability,representative,eliminated
GO:0000003,"reproduction",3.774%,-1.449, 1.165,0.477,-6.9309,1.000,0.000,3,0
GO:0008152,"metabolic process",92.453%,-0.695,-1.519,1.699,-68.1105,1.000,0.000,8152,0
GO:0009987,"cellular process",83.019%,-2.614, 3.135,1.653,-168.4399,0.999,0.000,9987,0
GO:0016043,"cellular component organization",1.887%, 4.066,-0.694,0.301,-86.8616,0.628,0.000,16043,0
GO:0000280,"nuclear division",1.887%,null,null,0.301,-43.0603,0.628,0.981,16043,1
GO:0006323,"DNA packaging",1.887%,null,null,0.301,-12.1333,0.628,0.981,16043,1
GO:0071824,"protein-DNA complex subunit organization",1.887%,null,null,0.301,-8.6522,0.628,0.981,16043,1
GO:0071826,"ribonucleoprotein complex subunit organization",1.887%,null,null,0.301,-5.3557,0.628,0.981,16043,1
GO:2001252,"positive regulation of chromosome organization",1.889%,null,null,0.301,-8.4421,0.447,1.092,16043,1
GO:0045840,"positive regulation of mitotic nuclear division",2.055%,null,null,0.301,-8.4752,0.320,1.105,16043,1
GO:0022613,"ribonucleoprotein complex biogenesis",1.887%,null,null,0.301,-25.5498,0.635,0.981,16043,1
GO:0022618,"ribonucleoprotein complex assembly",1.887%,null,null,0.301,-5.7830,0.628,0.981,16043,1
GO:1902589,"single-organism organelle organization",4.218%,null,null,0.477,-38.6329,0.541,1.092,16043,1
GO:0006364,"rRNA processing",1.887%,null,null,0.301,-4.6553,0.497,0.981,16043,1
GO:0061024,"membrane organization",2.244%,null,null,0.301,-4.9310,0.620,1.119,16043,1
GO:0044784,"metaphase/anaphase transition of cell cycle",1.887%,null,null,0.301,-9.1388,0.341,0.981,16043,1
GO:0051276,"chromosome organization",1.887%,null,null,0.301,-49.2148,0.628,0.981,16043,1
GO:0044257,"cellular protein catabolic process",6.604%,null,null,0.602,-11.1794,0.806,1.509,16043,1
GO:0006338,"chromatin remodeling",1.887%,null,null,0.301,-16.8896,0.628,0.981,16043,1
GO:0010639,"negative regulation of organelle organization",2.239%,null,null,0.301,-4.6152,0.460,1.119,16043,1
GO:0006333,"chromatin assembly or disassembly",1.887%,null,null,0.301,-8.6575,0.628,0.981,16043,1
GO:0010638,"positive regulation of organelle organization",1.887%,null,null,0.301,-12.7822,0.447,0.981,16043,1
GO:0006325,"chromatin organization",1.887%,null,null,0.301,-31.1471,0.628,0.981,16043,1
GO:0000819,"sister chromatid segregation",1.887%,null,null,0.301,-26.8579,0.459,0.981,16043,1
GO:0022607,"cellular component assembly",1.887%,null,null,0.301,-28.9905,0.628,0.981,16043,1
GO:0051785,"positive regulation of nuclear division",1.887%,null,null,0.301,-9.8038,0.398,0.981,16043,1
GO:0051306,"mitotic sister chromatid separation",1.887%,null,null,0.301,-10.7878,0.447,0.981,16043,1
GO:0051783,"regulation of nuclear division",1.887%,null,null,0.301,-19.1333,0.433,0.981,16043,1
GO:1902101,"positive regulation of metaphase/anaphase transition of cell cycle",2.334%,null,null,0.301,-8.2798,0.307,1.125,16043,1
GO:1902099,"regulation of metaphase/anaphase transition of cell cycle",2.222%,null,null,0.301,-9.1388,0.331,1.117,16043,1
GO:0044089,"positive regulation of cellular component biogenesis",3.372%,null,null,0.301,-6.2751,0.414,1.188,16043,1
GO:0044085,"cellular component biogenesis",1.887%,null,null,0.301,-42.3953,0.635,0.981,16043,1
GO:0008608,"attachment of spindle microtubules to kinetochore",2.124%,null,null,0.301,-5.1830,0.268,1.110,16043,1
GO:0044087,"regulation of cellular component biogenesis",8.507%,null,null,0.699,-13.6457,0.385,1.384,16043,1
GO:0070828,"heterochromatin organization",1.887%,null,null,0.301,-3.9887,0.628,0.981,16043,1
GO:0065004,"protein-DNA complex assembly",1.887%,null,null,0.301,-5.0350,0.628,0.981,16043,1
GO:0065003,"macromolecular complex assembly",1.887%,null,null,0.301,-18.2521,0.628,0.981,16043,1
GO:0030865,"cortical cytoskeleton organization",2.642%,null,null,0.301,-3.9793,0.613,1.146,16043,1
GO:0010498,"proteasomal protein catabolic process",4.245%,null,null,0.477,-5.5335,0.819,1.162,16043,1
GO:0030071,"regulation of mitotic metaphase/anaphase transition",1.887%,null,null,0.301,-10.1031,0.237,0.981,16043,1
GO:0048285,"organelle fission",1.887%,null,null,0.301,-43.7063,0.628,0.981,16043,1
GO:0051493,"regulation of cytoskeleton organization",2.264%,null,null,0.301,-5.0977,0.473,1.120,16043,1
GO:0033047,"regulation of mitotic sister chromatid segregation",1.887%,null,null,0.301,-13.3720,0.342,1.092,16043,1
GO:0033045,"regulation of sister chromatid segregation",1.899%,null,null,0.301,-12.7906,0.349,1.093,16043,1
GO:0007131,"reciprocal meiotic recombination",7.376%,null,null,0.602,-4.9653,0.279,1.536,16043,1
GO:0007127,"meiosis I",1.887%,null,null,0.301,-10.6867,0.466,0.981,16043,1
GO:0007126,"meiotic nuclear division",1.887%,null,null,0.301,-11.9508,0.466,0.981,16043,1
GO:0031497,"chromatin assembly",1.887%,null,null,0.301,-8.0122,0.628,0.981,16043,1
GO:0043933,"macromolecular complex subunit organization",1.887%,null,null,0.301,-41.2298,0.628,0.981,16043,1
GO:0033044,"regulation of chromosome organization",1.887%,null,null,0.301,-15.9262,0.483,1.092,16043,1
GO:0033043,"regulation of organelle organization",1.887%,null,null,0.301,-29.6506,0.483,1.092,16043,1
GO:1901970,"positive regulation of mitotic sister chromatid separation",1.887%,null,null,0.301,-8.0522,0.321,1.092,16043,1
GO:0042254,"ribosome biogenesis",1.887%,null,null,0.301,-18.2903,0.635,1.092,16043,1
GO:0007080,"mitotic metaphase plate congression",1.971%,null,null,0.301,-4.9653,0.342,1.098,16043,1
GO:0000070,"mitotic sister chromatid segregation",1.887%,null,null,0.301,-26.7303,0.449,0.981,16043,1
GO:0007088,"regulation of mitotic nuclear division",1.887%,null,null,0.301,-17.8767,0.347,0.981,16043,1
GO:0007091,"metaphase/anaphase transition of mitotic cell cycle",2.893%,null,null,0.301,-10.1031,0.247,1.161,16043,1
GO:0016573,"histone acetylation",1.887%,null,null,0.301,-5.6191,0.495,0.981,16043,1
GO:0007067,"mitotic nuclear division",1.887%,null,null,0.301,-32.3699,0.454,1.092,16043,1
GO:0030163,"protein catabolic process",8.679%,null,null,0.699,-10.4187,0.808,1.390,16043,1
GO:0016570,"histone modification",5.660%,null,null,0.477,-11.3080,0.428,1.460,16043,1
GO:0016569,"covalent chromatin modification",1.887%,null,null,0.301,-11.3080,0.628,0.981,16043,1
GO:0007010,"cytoskeleton organization",2.353%,null,null,0.301,-15.0343,0.618,1.127,16043,1
GO:0071103,"DNA conformation change",1.887%,null,null,0.301,-14.1097,0.628,0.981,16043,1
GO:0006996,"organelle organization",1.887%,null,null,0.301,-54.5035,0.628,0.981,16043,1
GO:0030036,"actin cytoskeleton organization",2.830%,null,null,0.301,-6.0514,0.562,1.157,16043,1
GO:0051128,"regulation of cellular component organization",1.887%,null,null,0.301,-34.9794,0.483,0.981,16043,1
GO:0051130,"positive regulation of cellular component organization",1.887%,null,null,0.301,-19.9611,0.447,0.981,16043,1
GO:0034622,"cellular macromolecular complex assembly",1.887%,null,null,0.301,-11.6012,0.628,0.981,16043,1
GO:0051129,"negative regulation of cellular component organization",4.033%,null,null,0.477,-9.1527,0.422,1.222,16043,1
GO:0000226,"microtubule cytoskeleton organization",2.830%,null,null,0.301,-7.0451,0.562,1.157,16043,1
GO:0022414,"reproductive process",3.774%, 0.159,-3.404,0.477,-6.9309,0.994,0.000,22414,0
GO:0023052,"signaling",9.434%, 5.568, 0.360,0.778,-13.6289,0.995,0.000,23052,0
GO:0032502,"developmental process",1.887%,-2.380,-0.673,0.301,-6.3029,0.994,0.000,32502,0
GO:0044699,"single-organism process",49.057%,-1.790, 6.337,1.431,-38.6842,0.997,0.000,44699,0
GO:0050896,"response to stimulus",22.642%, 3.790, 2.370,1.114,-30.7242,0.996,0.000,50896,0
GO:0051179,"localization",5.660%,-0.333, 2.599,0.602,-25.9509,0.995,0.000,51179,0
GO:0065007,"biological regulation",22.642%,-3.423, 0.477,1.114,-72.0499,0.996,0.000,65007,0
GO:0071704,"organic substance metabolic process",66.038%, 0.967,-0.427,1.556,-65.8434,0.994,0.000,71704,0
GO:0071840,"cellular component organization or biogenesis",1.887%, 6.995,-0.124,0.301,-110.6175,0.994,0.000,71840,0
GO:0009056,"catabolic process",13.208%, 2.794, 0.645,0.903,-4.5703,0.993,0.005,9056,0
GO:0006807,"nitrogen compound metabolic process",33.962%,-3.868, 4.984,1.279,-45.8806,0.993,0.008,6807,0
GO:0016071,"mRNA metabolic process",1.887%, 4.568,-6.295,0.301,-26.5600,0.841,0.008,16071,0
GO:0006974,"cellular response to DNA damage stimulus",1.887%,-5.260,-2.084,0.301,-21.3401,0.941,0.009,6974,0
GO:0006302,"double-strand break repair",1.887%,null,null,0.301,-7.1528,0.738,0.981,6974,1
GO:0006310,"DNA recombination",2.516%,null,null,0.301,-9.7817,0.827,0.779,6974,1
GO:0006261,"DNA-dependent DNA replication",1.887%,null,null,0.301,-17.1362,0.826,0.682,6974,1
GO:0006281,"DNA repair",1.887%,null,null,0.301,-17.4908,0.738,0.602,6974,1
GO:0006260,"DNA replication",3.774%,null,null,0.477,-17.1362,0.811,0.748,6974,1
GO:0035825,"reciprocal DNA recombination",7.376%,null,null,0.602,-4.9653,0.793,1.015,6974,1
GO:0051052,"regulation of DNA metabolic process",6.509%,null,null,0.602,-9.1527,0.529,0.902,6974,1
GO:0080135,"regulation of cellular response to stress",4.717%,null,null,0.477,-6.0562,0.699,0.680,6974,1
GO:0080134,"regulation of response to stress",7.547%,null,null,0.699,-6.0562,0.688,0.695,6974,1
GO:0022402,"cell cycle process",3.774%,-2.992,-5.390,0.477,-69.2177,0.722,0.009,22402,0
GO:0000281,"mitotic cytokinesis",1.887%,null,null,0.301,-11.9083,0.649,0.981,22402,1
GO:0090068,"positive regulation of cell cycle process",1.887%,null,null,0.301,-15.5021,0.491,0.981,22402,1
GO:0000278,"mitotic cell cycle",3.145%,null,null,0.301,-68.7037,0.729,0.709,22402,1
GO:0098813,"nuclear chromosome segregation",2.516%,null,null,0.301,-30.5810,0.673,0.824,22402,1
GO:0051726,"regulation of cell cycle",1.887%,null,null,0.301,-38.5630,0.607,0.659,22402,1
GO:0044772,"mitotic cell cycle phase transition",1.887%,null,null,0.301,-25.4452,0.660,0.844,22402,1
GO:0044770,"cell cycle phase transition",2.013%,null,null,0.301,-24.8230,0.691,0.831,22402,1
GO:0045930,"negative regulation of mitotic cell cycle",1.887%,null,null,0.301,-18.7687,0.530,0.981,22402,1
GO:0045931,"positive regulation of mitotic cell cycle",1.887%,null,null,0.301,-14.4457,0.502,0.981,22402,1
GO:0044786,"cell cycle DNA replication",2.945%,null,null,0.301,-12.5714,0.552,1.115,22402,1
GO:0044839,"cell cycle G2/M phase transition",1.899%,null,null,0.301,-5.2132,0.678,0.965,22402,1
GO:0007346,"regulation of mitotic cell cycle",1.887%,null,null,0.301,-36.3207,0.540,0.844,22402,1
GO:0051304,"chromosome separation",2.414%,null,null,0.301,-11.1378,0.674,0.852,22402,1
GO:0051321,"meiotic cell cycle",3.774%,null,null,0.477,-5.2110,0.718,0.884,22402,1
GO:0010564,"regulation of cell cycle process",1.887%,null,null,0.301,-32.6722,0.529,0.981,22402,1
GO:0032954,"regulation of cytokinetic process",1.942%,null,null,0.301,-4.7479,0.515,1.094,22402,1
GO:0032465,"regulation of cytokinesis",1.923%,null,null,0.301,-5.6191,0.516,1.093,22402,1
GO:0000910,"cytokinesis",2.097%,null,null,0.301,-12.1130,0.660,0.994,22402,1
GO:1902749,"regulation of cell cycle G2/M phase transition",1.968%,null,null,0.301,-5.2132,0.525,1.096,22402,1
GO:1902750,"negative regulation of cell cycle G2/M phase transition",1.887%,null,null,0.301,-6.4601,0.517,0.981,22402,1
GO:1901987,"regulation of cell cycle phase transition",1.887%,null,null,0.301,-24.5669,0.527,0.981,22402,1
GO:1901988,"negative regulation of cell cycle phase transition",1.887%,null,null,0.301,-9.1388,0.517,0.981,22402,1
GO:0010965,"regulation of mitotic sister chromatid separation",1.887%,null,null,0.301,-10.3313,0.342,1.090,22402,1
GO:0010972,"negative regulation of G2/M transition of mitotic cell cycle",1.887%,null,null,0.301,-6.4601,0.511,1.090,22402,1
GO:1902412,"regulation of mitotic cytokinesis",1.905%,null,null,0.301,-5.6191,0.510,1.091,22402,1
GO:0032506,"cytokinetic process",2.124%,null,null,0.301,-9.4931,0.659,1.010,22402,1
GO:1902410,"mitotic cytokinetic process",1.978%,null,null,0.301,-9.0784,0.647,1.000,22402,1
GO:1901990,"regulation of mitotic cell cycle phase transition",1.887%,null,null,0.301,-25.2453,0.521,0.981,22402,1
GO:1901989,"positive regulation of cell cycle phase transition",1.950%,null,null,0.301,-8.0475,0.487,1.095,22402,1
GO:1901992,"positive regulation of mitotic cell cycle phase transition",2.157%,null,null,0.301,-7.8424,0.476,1.111,22402,1
GO:1901991,"negative regulation of mitotic cell cycle phase transition",1.887%,null,null,0.301,-10.3313,0.511,0.981,22402,1
GO:0061640,"cytoskeleton-dependent cytokinesis",1.887%,null,null,0.301,-11.9083,0.664,0.981,22402,1
GO:0010948,"negative regulation of cell cycle process",1.962%,null,null,0.301,-14.7995,0.517,1.096,22402,1
GO:0007093,"mitotic cell cycle checkpoint",1.965%,null,null,0.301,-6.7136,0.509,1.096,22402,1
GO:0000075,"cell cycle checkpoint",1.887%,null,null,0.301,-7.1528,0.697,0.824,22402,1
GO:1903436,"regulation of mitotic cytokinetic process",1.887%,null,null,0.301,-4.7479,0.511,1.090,22402,1
GO:0010389,"regulation of G2/M transition of mitotic cell cycle",1.941%,null,null,0.301,-5.2132,0.520,1.094,22402,1
GO:0000086,"G2/M transition of mitotic cell cycle",1.977%,null,null,0.301,-5.2132,0.662,0.987,22402,1
GO:1903047,"mitotic cell cycle process",1.887%,null,null,0.301,-65.2990,0.683,0.659,22402,1
GO:1903046,"meiotic cell cycle process",2.106%,null,null,0.301,-10.8802,0.688,0.836,22402,1
GO:0045787,"positive regulation of cell cycle",2.706%,null,null,0.301,-15.5943,0.491,1.148,22402,1
GO:0045786,"negative regulation of cell cycle",4.170%,null,null,0.477,-18.6640,0.494,1.090,22402,1
GO:0033260,"nuclear DNA replication",3.139%,null,null,0.301,-12.5714,0.549,1.048,22402,1
GO:1902969,"mitotic DNA replication",1.887%,null,null,0.301,-12.0300,0.550,0.981,22402,1
GO:0048522,"positive regulation of cellular process",3.774%,-6.693, 1.016,0.477,-35.7221,0.665,0.010,48522,0
GO:0031328,"positive regulation of cellular biosynthetic process",3.774%,null,null,0.477,-4.6351,0.594,0.962,48522,1
GO:0031325,"positive regulation of cellular metabolic process",3.774%,null,null,0.477,-10.2386,0.607,0.962,48522,1
GO:0048584,"positive regulation of response to stimulus",7.722%,null,null,0.602,-5.8376,0.614,1.080,48522,1
GO:0051254,"positive regulation of RNA metabolic process",3.774%,null,null,0.477,-3.9960,0.523,0.962,48522,1
GO:0045935,"positive regulation of nucleobase-containing compound metabolic process",3.774%,null,null,0.477,-6.5719,0.558,0.962,48522,1
GO:0010604,"positive regulation of macromolecule metabolic process",3.774%,null,null,0.477,-9.7125,0.587,0.962,48522,1
GO:0010557,"positive regulation of macromolecule biosynthetic process",3.774%,null,null,0.477,-4.5542,0.575,0.962,48522,1
GO:0051984,"positive regulation of chromosome segregation",2.768%,null,null,0.301,-8.9174,0.604,0.919,48522,1
GO:0009893,"positive regulation of metabolic process",3.774%,null,null,0.477,-10.2386,0.617,0.962,48522,1
GO:0009891,"positive regulation of biosynthetic process",3.774%,null,null,0.477,-4.6351,0.603,0.962,48522,1
GO:0051173,"positive regulation of nitrogen compound metabolic process",3.774%,null,null,0.477,-5.9383,0.572,0.962,48522,1
GO:0009058,"biosynthetic process",52.830%,-3.985, 2.800,1.462,-12.3921,0.994,0.011,9058,0
GO:0044238,"primary metabolic process",66.038%, 1.825,-3.279,1.556,-65.1680,0.994,0.014,44238,0
GO:0006725,"cellular aromatic compound metabolic process",33.962%, 1.334, 1.572,1.279,-94.5009,0.963,0.027,6725,0
GO:0044237,"cellular metabolic process",75.472%,-4.874, 2.189,1.613,-64.7307,0.972,0.046,44237,0
GO:0016310,"phosphorylation",15.094%,-2.024, 5.191,0.954,-12.6537,0.958,0.046,16310,0
GO:0006796,"phosphate-containing compound metabolic process",26.415%,null,null,1.176,-7.7703,0.954,0.608,16310,1
GO:1901360,"organic cyclic compound metabolic process",33.962%, 4.712, 5.229,1.279,-88.6857,0.948,0.056,1901360,0
GO:0006793,"phosphorus metabolic process",26.415%,-4.639, 5.227,1.176,-8.5295,0.965,0.057,6793,0
GO:0046483,"heterocycle metabolic process",33.962%, 0.799, 4.210,1.279,-90.6794,0.963,0.064,46483,0
GO:0044265,"cellular macromolecule catabolic process",1.887%, 0.260, 6.683,0.301,-20.6128,0.851,0.076,44265,0
GO:0045842,"positive regulation of mitotic metaphase/anaphase transition",1.887%,null,null,0.301,-8.0522,0.226,0.981,44265,1
GO:0043161,"proteasome-mediated ubiquitin-dependent protein catabolic process",1.887%,null,null,0.301,-5.5335,0.839,0.981,44265,1
GO:0019941,"modification-dependent protein catabolic process",1.887%,null,null,0.301,-11.1413,0.839,0.981,44265,1
GO:0043632,"modification-dependent macromolecule catabolic process",1.887%,null,null,0.301,-14.1092,0.851,0.981,44265,1
GO:0006401,"RNA catabolic process",1.887%,null,null,0.301,-7.2116,0.766,0.981,44265,1
GO:0051603,"proteolysis involved in cellular protein catabolic process",1.887%,null,null,0.301,-11.4025,0.839,0.981,44265,1
GO:0006511,"ubiquitin-dependent protein catabolic process",1.887%,null,null,0.301,-11.1413,0.839,0.981,44265,1
GO:0044249,"cellular biosynthetic process",50.943%, 7.580,-2.055,1.447,-11.9074,0.924,0.079,44249,0
GO:0006464,"cellular protein modification process",3.774%, 2.658, 5.918,0.477,-23.1679,0.845,0.083,6464,0
GO:0018193,"peptidyl-amino acid modification",2.830%,null,null,0.301,-13.0443,0.851,0.922,6464,1
GO:0001932,"regulation of protein phosphorylation",1.887%,null,null,0.301,-5.1973,0.599,0.981,6464,1
GO:0032268,"regulation of cellular protein metabolic process",1.887%,null,null,0.301,-10.8949,0.649,0.981,6464,1
GO:0018205,"peptidyl-lysine modification",2.830%,null,null,0.301,-9.4770,0.849,0.922,6464,1
GO:0070647,"protein modification by small protein conjugation or removal",2.830%,null,null,0.301,-11.6469,0.851,0.922,6464,1
GO:0043543,"protein acylation",3.396%,null,null,0.301,-3.9919,0.847,0.947,6464,1
GO:0032446,"protein modification by small protein conjugation",2.830%,null,null,0.301,-6.5719,0.850,0.922,6464,1
GO:0031399,"regulation of protein modification process",1.887%,null,null,0.301,-12.1428,0.604,0.870,6464,1
GO:0018394,"peptidyl-lysine acetylation",3.774%,null,null,0.477,-5.8376,0.842,1.013,6464,1
GO:0018393,"internal peptidyl-lysine acetylation",2.830%,null,null,0.301,-5.8376,0.849,1.013,6464,1
GO:0016567,"protein ubiquitination",2.830%,null,null,0.301,-4.9996,0.850,0.972,6464,1
GO:0036211,"protein modification process",3.774%,null,null,0.477,-23.1679,0.854,0.962,6464,1
GO:0006473,"protein acetylation",3.774%,null,null,0.477,-5.0142,0.844,0.997,6464,1
GO:0006475,"internal protein amino acid acetylation",3.774%,null,null,0.477,-5.8376,0.844,0.962,6464,1
GO:0006468,"protein phosphorylation",3.774%,null,null,0.477,-9.8656,0.838,0.962,6464,1
GO:0043412,"macromolecule modification",3.774%, 3.484, 5.353,0.477,-17.3573,0.936,0.092,43412,0
GO:0051301,"cell division",1.887%,-0.886,-6.968,0.301,-12.2048,0.905,0.142,51301,0
GO:0051310,"metaphase plate congression",3.190%,-2.198,-7.502,0.301,-5.6191,0.679,0.153,51310,0
GO:0015031,"protein transport",5.660%,null,null,0.602,-26.7761,0.798,0.943,51310,1
GO:0051234,"establishment of localization",5.660%,null,null,0.602,-13.7494,0.798,0.943,51310,1
GO:0051236,"establishment of RNA localization",5.660%,null,null,0.602,-4.4059,0.798,0.943,51310,1
GO:0006810,"transport",5.660%,null,null,0.602,-8.0698,0.798,0.943,51310,1
GO:0070727,"cellular macromolecule localization",5.660%,null,null,0.602,-47.1103,0.798,0.943,51310,1
GO:0071166,"ribonucleoprotein complex localization",5.660%,null,null,0.602,-6.8225,0.798,0.943,51310,1
GO:1902582,"single-organism intracellular transport",5.189%,null,null,0.477,-11.1511,0.743,0.929,51310,1
GO:0033365,"protein localization to organelle",5.660%,null,null,0.602,-16.9742,0.798,0.943,51310,1
GO:0045324,"late endosome to vacuole transport",5.660%,null,null,0.602,-4.3139,0.739,0.962,51310,1
GO:0006886,"intracellular protein transport",5.660%,null,null,0.602,-26.9905,0.798,0.943,51310,1
GO:0051303,"establishment of chromosome localization",5.660%,null,null,0.602,-7.3692,0.798,0.943,51310,1
GO:0071702,"organic substance transport",5.660%,null,null,0.602,-6.0928,0.798,0.943,51310,1
GO:0046907,"intracellular transport",5.660%,null,null,0.602,-39.7306,0.798,0.943,51310,1
GO:0016192,"vesicle-mediated transport",5.660%,null,null,0.602,-14.7267,0.798,0.943,51310,1
GO:0016197,"endosomal transport",5.189%,null,null,0.477,-5.3600,0.742,0.948,51310,1
GO:0008104,"protein localization",5.660%,null,null,0.602,-46.1153,0.798,0.943,51310,1
GO:0050658,"RNA transport",5.660%,null,null,0.602,-4.4059,0.798,0.943,51310,1
GO:0050657,"nucleic acid transport",5.660%,null,null,0.602,-4.4059,0.798,0.943,51310,1
GO:0033036,"macromolecule localization",5.660%,null,null,0.602,-48.9271,0.798,0.943,51310,1
GO:0006605,"protein targeting",5.189%,null,null,0.477,-11.1319,0.742,0.929,51310,1
GO:0051983,"regulation of chromosome segregation",5.063%,null,null,0.477,-13.0101,0.633,0.894,51310,1
GO:0007034,"vacuolar transport",5.189%,null,null,0.477,-3.9549,0.742,0.948,51310,1
GO:0072594,"establishment of protein localization to organelle",5.660%,null,null,0.602,-7.2303,0.798,0.943,51310,1
GO:0006405,"RNA export from nucleus",5.189%,null,null,0.477,-4.1971,0.800,0.945,51310,1
GO:0050000,"chromosome localization",5.660%,null,null,0.602,-7.7976,0.798,0.943,51310,1
GO:0006403,"RNA localization",5.660%,null,null,0.602,-5.0350,0.798,0.943,51310,1
GO:0071426,"ribonucleoprotein complex export from nucleus",5.189%,null,null,0.477,-6.8225,0.742,0.948,51310,1
GO:1902580,"single-organism cellular localization",5.660%,null,null,0.602,-12.7072,0.740,0.943,51310,1
GO:0034613,"cellular protein localization",5.660%,null,null,0.602,-46.5189,0.798,0.943,51310,1
GO:0051656,"establishment of organelle localization",5.660%,null,null,0.602,-16.0576,0.798,0.943,51310,1
GO:0048193,"Golgi vesicle transport",5.189%,null,null,0.477,-11.0809,0.742,0.948,51310,1
GO:0051641,"cellular localization",5.660%,null,null,0.602,-71.4149,0.798,0.858,51310,1
GO:0006913,"nucleocytoplasmic transport",5.660%,null,null,0.602,-9.6731,0.797,0.943,51310,1
GO:0051640,"organelle localization",5.660%,null,null,0.602,-18.0023,0.798,0.943,51310,1
GO:0051168,"nuclear export",5.425%,null,null,0.477,-8.4588,0.799,0.953,51310,1
GO:0051649,"establishment of localization in cell",5.660%,null,null,0.602,-49.2537,0.798,0.943,51310,1
GO:0045184,"establishment of protein localization",5.660%,null,null,0.602,-26.5884,0.798,0.943,51310,1
GO:0051169,"nuclear transport",5.425%,null,null,0.477,-9.6731,0.799,0.936,51310,1
GO:0007059,"chromosome segregation",4.883%,-3.099,-6.818,0.477,-30.5810,0.892,0.163,7059,0
GO:0044260,"cellular macromolecule metabolic process",52.830%, 6.006, 2.313,1.462,-68.4805,0.876,0.164,44260,0
GO:0048869,"cellular developmental process",4.721%,-2.290,-6.545,0.477,-6.1520,0.837,0.169,48869,0
GO:0044767,"single-organism developmental process",1.887%,null,null,0.301,-6.3029,0.884,1.109,48869,1
GO:0022603,"regulation of anatomical structure morphogenesis",1.887%,null,null,0.301,-5.2836,0.724,1.109,48869,1
GO:0022604,"regulation of cell morphogenesis",2.602%,null,null,0.301,-4.7260,0.420,1.162,48869,1
GO:0050793,"regulation of developmental process",9.327%,null,null,0.699,-6.4149,0.651,1.436,48869,1
GO:0000902,"cell morphogenesis",1.887%,null,null,0.301,-4.9112,0.555,1.109,48869,1
GO:0009653,"anatomical structure morphogenesis",5.607%,null,null,0.477,-4.0124,0.930,1.483,48869,1
GO:0048856,"anatomical structure development",5.607%,null,null,0.477,-4.0124,0.930,1.483,48869,1
GO:0071963,"establishment or maintenance of cell polarity regulating cell shape",1.887%,null,null,0.301,-4.9930,0.440,1.109,48869,1
GO:0008360,"regulation of cell shape",1.887%,null,null,0.301,-4.3575,0.440,1.109,48869,1
GO:0007163,"establishment or maintenance of cell polarity",4.878%,-1.543,-7.542,0.477,-4.1438,0.892,0.170,7163,0
GO:0030029,"actin filament-based process",4.878%,-3.108,-5.919,0.477,-5.8698,0.892,0.170,30029,0
GO:0007017,"microtubule-based process",4.887%,-4.177,-5.640,0.477,-9.6778,0.892,0.170,7017,0
GO:0006508,"proteolysis",1.887%, 1.837, 6.108,0.301,-10.6421,0.925,0.182,6508,0
GO:0007049,"cell cycle",7.547%,-4.295,-6.136,0.699,-59.1143,0.885,0.184,7049,0
GO:0044763,"single-organism cellular process",41.509%,-3.435,-7.077,1.362,-47.5141,0.881,0.210,44763,0
GO:0043170,"macromolecule metabolic process",52.830%, 5.512, 4.510,1.462,-72.0015,0.942,0.221,43170,0
GO:0007154,"cell communication",9.434%,-4.043,-6.496,0.778,-13.7198,0.881,0.224,7154,0
GO:0006139,"nucleobase-containing compound metabolic process",33.962%, 5.633,-4.477,1.279,-101.3331,0.834,0.282,6139,0
GO:0090304,"nucleic acid metabolic process",22.642%,null,null,1.114,-104.1463,0.827,0.556,6139,1
GO:0034641,"cellular nitrogen compound metabolic process",33.962%,null,null,1.279,-47.2973,0.858,0.660,6139,1
GO:0090305,"nucleic acid phosphodiester bond hydrolysis",1.887%, 4.261,-6.381,0.301,-4.9112,0.856,0.289,90305,0
GO:0051302,"regulation of cell division",1.887%,-5.958,-2.927,0.301,-6.7136,0.647,0.317,51302,0
GO:0065009,"regulation of molecular function",1.887%,-6.490, 1.435,0.301,-10.8148,0.765,0.317,65009,0
GO:2000241,"regulation of reproductive process",1.887%,-6.317, 1.125,0.301,-4.4754,0.760,0.317,2000241,0
GO:0044702,"single organism reproductive process",12.972%,null,null,0.845,-5.0550,0.904,1.049,2000241,1
GO:0044267,"cellular protein metabolic process",33.962%, 5.190, 3.386,1.279,-6.4702,0.864,0.350,44267,0
GO:0048518,"positive regulation of biological process",3.774%,-6.823, 0.669,0.477,-34.4797,0.742,0.351,48518,0
GO:0065008,"regulation of biological quality",3.774%,-6.495, 0.468,0.477,-10.2233,0.742,0.351,65008,0
GO:0006259,"DNA metabolic process",5.660%, 5.435,-4.915,0.602,-32.4519,0.831,0.361,6259,0
GO:0019538,"protein metabolic process",35.849%, 5.921, 2.884,1.301,-6.2500,0.902,0.362,19538,0
GO:0016458,"gene silencing",4.943%,-3.946,-3.342,0.477,-11.3549,0.584,0.366,16458,0
GO:0048523,"negative regulation of cellular process",14.151%,null,null,0.903,-41.0069,0.665,0.668,16458,1
GO:0048519,"negative regulation of biological process",20.231%,null,null,1.041,-41.1112,0.660,0.745,16458,1
GO:0080090,"regulation of primary metabolic process",11.321%,null,null,0.845,-37.7559,0.600,0.887,16458,1
GO:0031324,"negative regulation of cellular metabolic process",16.771%,null,null,0.954,-20.0586,0.564,1.246,16458,1
GO:0031323,"regulation of cellular metabolic process",11.321%,null,null,0.845,-37.2935,0.603,0.887,16458,1
GO:0045814,"negative regulation of gene expression, epigenetic",5.391%,null,null,0.477,-12.1178,0.615,0.780,16458,1
GO:1902679,"negative regulation of RNA biosynthetic process",7.285%,null,null,0.602,-13.8639,0.513,0.932,16458,1
GO:0031327,"negative regulation of cellular biosynthetic process",11.815%,null,null,0.845,-16.0795,0.573,1.119,16458,1
GO:0031326,"regulation of cellular biosynthetic process",9.434%,null,null,0.778,-27.1553,0.598,0.906,16458,1
GO:0051252,"regulation of RNA metabolic process",9.434%,null,null,0.778,-22.2122,0.514,0.906,16458,1
GO:0051246,"regulation of protein metabolic process",1.887%,null,null,0.301,-11.2674,0.663,0.554,16458,1
GO:2001141,"regulation of RNA biosynthetic process",9.434%,null,null,0.778,-21.1639,0.505,0.906,16458,1
GO:0019220,"regulation of phosphate metabolic process",1.887%,null,null,0.301,-5.2307,0.688,0.554,16458,1
GO:0019219,"regulation of nucleobase-containing compound metabolic process",9.434%,null,null,0.778,-29.2067,0.555,0.851,16458,1
GO:0006366,"transcription from RNA polymerase II promoter",7.547%,null,null,0.699,-17.6712,0.767,1.176,16458,1
GO:0048583,"regulation of response to stimulus",11.053%,null,null,0.778,-14.1920,0.679,0.623,16458,1
GO:0051253,"negative regulation of RNA metabolic process",6.126%,null,null,0.602,-14.2345,0.537,0.777,16458,1
GO:0006357,"regulation of transcription from RNA polymerase II promoter",7.547%,null,null,0.699,-8.3400,0.509,1.176,16458,1
GO:0045934,"negative regulation of nucleobase-containing compound metabolic process",11.590%,null,null,0.845,-17.6467,0.531,1.113,16458,1
GO:0045892,"negative regulation of transcription, DNA-templated",5.391%,null,null,0.477,-13.8639,0.525,1.096,16458,1
GO:0010629,"negative regulation of gene expression",11.017%,null,null,0.778,-12.3507,0.569,0.881,16458,1
GO:0006355,"regulation of transcription, DNA-templated",9.434%,null,null,0.778,-21.0011,0.492,1.236,16458,1
GO:0006352,"DNA-templated transcription, initiation",6.230%,null,null,0.602,-5.1830,0.775,1.129,16458,1
GO:0006351,"transcription, DNA-templated",13.208%,null,null,0.903,-37.8364,0.742,1.077,16458,1
GO:0006342,"chromatin silencing",5.391%,null,null,0.477,-12.1178,0.495,1.096,16458,1
GO:0019222,"regulation of metabolic process",11.321%,null,null,0.845,-37.7825,0.692,0.627,16458,1
GO:0050794,"regulation of cellular process",22.642%,null,null,1.114,-71.0187,0.643,0.512,16458,1
GO:0050790,"regulation of catalytic activity",1.887%,null,null,0.301,-8.1814,0.701,0.554,16458,1
GO:0050789,"regulation of biological process",22.642%,null,null,1.114,-70.7857,0.652,0.774,16458,1
GO:0010605,"negative regulation of macromolecule metabolic process",18.718%,null,null,1.000,-18.7909,0.535,1.292,16458,1
GO:0010556,"regulation of macromolecule biosynthetic process",9.434%,null,null,0.778,-26.6297,0.575,0.906,16458,1
GO:0010558,"negative regulation of macromolecule biosynthetic process",14.087%,null,null,0.903,-15.5788,0.542,1.180,16458,1
GO:0044093,"positive regulation of molecular function",1.887%,null,null,0.301,-4.4135,0.761,0.981,16458,1
GO:0010468,"regulation of gene expression",9.434%,null,null,0.778,-21.7388,0.586,0.851,16458,1
GO:2000112,"regulation of cellular macromolecule biosynthetic process",9.434%,null,null,0.778,-26.6297,0.571,0.851,16458,1
GO:2000113,"negative regulation of cellular macromolecule biosynthetic process",12.579%,null,null,0.845,-15.5788,0.540,1.140,16458,1
GO:0060255,"regulation of macromolecule metabolic process",11.321%,null,null,0.845,-38.0380,0.577,0.745,16458,1
GO:0030702,"chromatin silencing at centromere",4.943%,null,null,0.477,-8.0337,0.501,0.711,16458,1
GO:1903507,"negative regulation of nucleic acid-templated transcription",10.377%,null,null,0.778,-13.8639,0.477,1.263,16458,1
GO:1903506,"regulation of nucleic acid-templated transcription",8.491%,null,null,0.699,-21.0011,0.502,1.207,16458,1
GO:0040029,"regulation of gene expression, epigenetic",8.075%,null,null,0.699,-12.3199,0.593,0.906,16458,1
GO:0009892,"negative regulation of metabolic process",26.828%,null,null,1.176,-19.8583,0.543,1.106,16458,1
GO:0009890,"negative regulation of biosynthetic process",17.434%,null,null,1.000,-16.0795,0.560,1.262,16458,1
GO:0009889,"regulation of biosynthetic process",9.434%,null,null,0.778,-26.7356,0.615,0.851,16458,1
GO:0051174,"regulation of phosphorus metabolic process",1.887%,null,null,0.301,-5.2307,0.690,0.554,16458,1
GO:0051172,"negative regulation of nitrogen compound metabolic process",14.773%,null,null,0.903,-16.9983,0.536,1.197,16458,1
GO:0051171,"regulation of nitrogen compound metabolic process",9.434%,null,null,0.778,-29.4972,0.578,0.851,16458,1
GO:1902531,"regulation of intracellular signal transduction",4.717%,-5.491,-2.872,0.477,-10.0002,0.653,0.385,1902531,0
GO:0044700,"single organism signaling",9.434%,null,null,0.778,-13.3127,0.887,0.906,1902531,1
GO:0023051,"regulation of signaling",10.082%,null,null,0.778,-9.9156,0.682,0.919,1902531,1
GO:0035556,"intracellular signal transduction",9.434%,null,null,0.778,-13.2355,0.621,0.790,1902531,1
GO:0010646,"regulation of cell communication",5.318%,null,null,0.477,-9.1981,0.670,0.808,1902531,1
GO:0007265,"Ras protein signal transduction",1.887%,null,null,0.301,-5.2455,0.698,0.609,1902531,1
GO:0007264,"small GTPase mediated signal transduction",1.887%,null,null,0.301,-6.9041,0.698,0.609,1902531,1
GO:0007165,"signal transduction",9.434%,null,null,0.778,-13.3127,0.621,0.906,1902531,1
GO:1902532,"negative regulation of intracellular signal transduction",4.717%,null,null,0.477,-4.1905,0.635,0.910,1902531,1
GO:0009966,"regulation of signal transduction",9.434%,null,null,0.778,-9.7175,0.613,1.026,1902531,1
GO:0010467,"gene expression",41.509%, 6.018, 2.570,1.362,-27.1336,0.899,0.397,10467,0
GO:0034645,"cellular macromolecule biosynthetic process",41.509%, 6.684,-0.663,1.362,-12.5574,0.855,0.397,34645,0
GO:0006396,"RNA processing",3.774%, 4.584,-5.449,0.477,-21.7064,0.822,0.406,6396,0
GO:0006397,"mRNA processing",1.887%, 3.851,-6.260,0.301,-17.2121,0.813,0.406,6397,0
GO:0016072,"rRNA metabolic process",1.887%,null,null,0.301,-4.0684,0.831,0.981,6397,1
GO:0000956,"nuclear-transcribed mRNA catabolic process",1.887%,null,null,0.301,-5.4666,0.757,0.981,6397,1
GO:0000377,"RNA splicing, via transesterification reactions with bulged adenosine as nucleophile",1.887%,null,null,0.301,-11.7733,0.818,0.794,6397,1
GO:0000375,"RNA splicing, via transesterification reactions",1.887%,null,null,0.301,-11.9594,0.818,0.981,6397,1
GO:0000398,"mRNA splicing, via spliceosome",1.887%,null,null,0.301,-11.7733,0.811,0.981,6397,1
GO:0034470,"ncRNA processing",1.887%,null,null,0.301,-5.5480,0.814,0.794,6397,1
GO:0045292,"mRNA cis splicing, via spliceosome",1.887%,null,null,0.301,-11.1151,0.811,0.981,6397,1
GO:0006402,"mRNA catabolic process",1.887%,null,null,0.301,-7.6447,0.757,0.981,6397,1
GO:0008380,"RNA splicing",1.887%,null,null,0.301,-12.2828,0.821,0.794,6397,1
GO:0006399,"tRNA metabolic process",1.887%,null,null,0.301,-4.3009,0.831,0.981,6397,1
GO:0031123,"RNA 3'-end processing",1.887%,null,null,0.301,-4.2238,0.821,0.794,6397,1
GO:0034660,"ncRNA metabolic process",1.887%, 4.316,-6.005,0.301,-7.8727,0.841,0.406,34660,0
GO:0009059,"macromolecule biosynthetic process",41.509%, 6.629, 0.336,1.362,-12.6462,0.880,0.413,9059,0
GO:1901576,"organic substance biosynthetic process",49.057%, 7.503, 0.428,1.431,-11.3155,0.915,0.434,1901576,0
GO:0009057,"macromolecule catabolic process",1.887%, 0.010, 6.662,0.301,-18.4349,0.901,0.443,9057,0
GO:0044248,"cellular catabolic process",11.321%,null,null,0.845,-5.0174,0.909,0.571,9057,1
GO:1901575,"organic substance catabolic process",13.208%,null,null,0.903,-4.5521,0.898,0.836,9057,1
GO:0034655,"nucleobase-containing compound catabolic process",11.321%,null,null,0.845,-4.5251,0.812,0.807,9057,1
GO:0018130,"heterocycle biosynthetic process",13.208%, 5.000,-4.860,0.903,-30.8377,0.877,0.459,18130,0
GO:0019438,"aromatic compound biosynthetic process",13.208%, 6.024,-5.165,0.903,-34.4964,0.877,0.459,19438,0
GO:0044271,"cellular nitrogen compound biosynthetic process",13.208%, 5.350,-5.724,0.903,-5.8946,0.869,0.459,44271,0
GO:1901362,"organic cyclic compound biosynthetic process",13.208%, 6.103,-4.042,0.903,-29.7122,0.875,0.459,1901362,0
GO:0051716,"cellular response to stimulus",18.868%,-6.508,-1.711,1.041,-33.6359,0.930,0.487,51716,0
GO:0009628,"response to abiotic stimulus",12.197%,null,null,0.845,-6.8461,0.950,0.609,51716,1
GO:0033554,"cellular response to stress",7.547%,null,null,0.699,-26.4410,0.931,0.541,51716,1
GO:0006950,"response to stress",13.208%,null,null,0.903,-23.8677,0.949,0.622,51716,1
GO:0016070,"RNA metabolic process",16.981%, 5.469,-3.970,1.000,-74.4317,0.795,0.500,16070,0
GO:0032774,"RNA biosynthetic process",13.208%,null,null,0.903,-39.1344,0.764,0.605,16070,1
GO:0097659,"nucleic acid-templated transcription",5.660%,null,null,0.602,-37.8364,0.797,0.718,16070,1
GO:0034654,"nucleobase-containing compound biosynthetic process",13.208%,null,null,0.903,-39.8286,0.821,0.868,16070,1
