term_ID,description,frequency,plot_X,plot_Y,plot_size,log10 p-value,uniqueness,dispensability,representative,eliminated
GO:0000003,"reproduction",2.285%, 0.703, 0.536,1.255,-31.2324,1.000,0.000,3,0
GO:0006950,"response to stress",3.360%, 0.291, 2.955,1.415,-71.0965,0.938,0.000,6950,0
GO:0006996,"organelle organization",2.957%, 6.138, 0.328,1.362,-158.4343,0.811,0.000,6996,0
GO:0008152,"metabolic process",80.780%, 1.154, 0.865,2.780,-169.0984,0.999,0.000,8152,0
GO:0009987,"cellular process",75.538%, 0.906, 1.041,2.751,-300.0000,0.999,0.000,9987,0
GO:0022414,"reproductive process",2.285%, 0.403,-0.288,1.255,-29.3707,0.994,0.000,22414,0
GO:0023052,"signaling",4.301%, 2.265, 1.372,1.519,-35.5792,0.995,0.000,23052,0
GO:0040007,"growth",21.579%, 0.262, 0.053,2.207,-14.8024,0.996,0.000,40007,0
GO:0044699,"single-organism process",58.871%, 2.221, 0.128,2.642,-183.1181,0.998,0.000,44699,0
GO:0050896,"response to stimulus",7.930%, 2.061, 0.965,1.778,-95.1877,0.995,0.000,50896,0
GO:0051179,"localization",16.263%,-0.092, 0.066,2.086,-75.2731,0.995,0.000,51179,0
GO:0051641,"cellular localization",0.538%, 2.496,-3.857,0.699,-111.7190,0.913,0.000,51641,0
GO:0065007,"biological regulation",12.097%, 0.771, 0.190,1.959,-202.5955,0.995,0.000,65007,0
GO:0071840,"cellular component organization or biogenesis",11.290%, 2.121, 2.004,1.929,-234.9090,0.995,0.000,71840,0
GO:0007049,"cell cycle",0.403%, 0.574, 0.585,0.602,-80.6298,0.951,0.015,7049,0
GO:0097659,"nucleic acid-templated transcription",4.032%,-6.732, 2.511,1.491,-81.2828,0.724,0.020,97659,0
GO:0044238,"primary metabolic process",64.651%, 2.336,-0.992,2.683,-162.2988,0.970,0.022,44238,0
GO:0009056,"catabolic process",19.489%, 1.638, 1.340,2.164,-19.9540,0.977,0.040,9056,0
GO:0009058,"biosynthetic process",32.258%, 1.939, 0.448,2.382,-54.1167,0.975,0.052,9058,0
GO:0007017,"microtubule-based process",0.134%, 0.418,-0.522,0.301,-16.9746,0.956,0.053,7017,0
GO:0022402,"cell cycle process",0.134%, 0.987,-1.199,0.301,-73.5330,0.842,0.053,22402,0
GO:0030029,"actin filament-based process",0.134%, 0.059,-0.132,0.301,-16.4803,0.956,0.053,30029,0
GO:0016310,"phosphorylation",3.226%,-1.948,-3.684,1.398,-40.9954,0.909,0.061,16310,0
GO:1901360,"organic cyclic compound metabolic process",40.457%,-0.386,-0.424,2.480,-155.6294,0.946,0.061,1901360,0
GO:0006807,"nitrogen compound metabolic process",44.086%, 1.845, 1.625,2.517,-76.7993,0.973,0.065,6807,0
GO:0007059,"chromosome segregation",2.554%,-0.626,-1.258,1.301,-35.4028,0.941,0.070,7059,0
GO:0007154,"cell communication",4.301%,-0.699,-2.196,1.519,-34.1900,0.937,0.095,7154,0
GO:0051301,"cell division",2.688%,-0.533,-2.031,1.322,-16.2666,0.940,0.095,51301,0
GO:0007163,"establishment or maintenance of cell polarity",2.883%,-0.849,-1.744,1.342,-15.9856,0.940,0.096,7163,0
GO:0030010,"establishment of cell polarity",2.883%,-0.617,-1.019,1.342,-10.1977,0.940,0.096,30010,0
GO:0006725,"cellular aromatic compound metabolic process",39.919%,-3.499,-3.329,2.474,-154.5479,0.903,0.098,6725,0
GO:0071704,"organic substance metabolic process",68.548%, 1.801,-0.658,2.708,-160.6457,0.970,0.101,71704,0
GO:0044763,"single-organism cellular process",51.478%,-0.375,-4.811,2.584,-178.6623,0.919,0.114,44763,0
GO:0006091,"generation of precursor metabolites and energy",7.661%,-0.264,-1.094,1.763,-11.7236,0.930,0.116,6091,0
GO:0044237,"cellular metabolic process",60.215%, 2.245,-1.474,2.652,-159.2949,0.944,0.117,44237,0
GO:0043170,"macromolecule metabolic process",37.769%, 0.395,-1.129,2.450,-138.8186,0.947,0.126,43170,0
GO:0043412,"macromolecule modification",0.672%,-2.887, 3.734,0.778,-37.7673,0.906,0.148,43412,0
GO:0006793,"phosphorus metabolic process",19.758%,-2.674,-4.104,2.170,-47.7736,0.917,0.159,6793,0
GO:0006464,"cellular protein modification process",0.403%,-4.011, 4.328,0.602,-67.9513,0.815,0.182,6464,0
GO:0018193,"peptidyl-amino acid modification",2.038%,null,null,1.204,-15.4170,0.778,1.168,6464,1
GO:0018205,"peptidyl-lysine modification",0.403%,null,null,0.602,-11.1422,0.815,0.996,6464,1
GO:0070647,"protein modification by small protein conjugation or removal",0.134%,null,null,0.301,-26.9905,0.833,0.906,6464,1
GO:0032446,"protein modification by small protein conjugation",0.134%,null,null,0.301,-23.4481,0.832,0.906,6464,1
GO:0016567,"protein ubiquitination",0.134%,null,null,0.301,-18.1750,0.832,0.999,6464,1
GO:0036211,"protein modification process",0.403%,null,null,0.602,-67.9513,0.851,0.901,6464,1
GO:0006468,"protein phosphorylation",0.269%,null,null,0.477,-33.9618,0.801,0.961,6464,1
GO:0044702,"single organism reproductive process",19.288%, 0.165,-4.521,2.158,-19.5362,0.950,0.189,44702,0
GO:0046483,"heterocycle metabolic process",40.457%,-3.584,-3.475,2.480,-151.6586,0.902,0.221,46483,0
GO:0006261,"DNA-dependent DNA replication",0.134%,-7.199, 2.493,0.301,-23.2525,0.840,0.237,6261,0
GO:0044281,"small molecule metabolic process",31.586%,-1.667,-3.552,2.373,-13.3549,0.926,0.240,44281,0
GO:0044265,"cellular macromolecule catabolic process",3.360%,-5.880, 4.021,1.415,-43.2080,0.789,0.240,44265,0
GO:0044257,"cellular protein catabolic process",3.781%,null,null,1.462,-24.1047,0.756,0.959,44265,1
GO:0043632,"modification-dependent macromolecule catabolic process",3.571%,null,null,1.431,-22.9798,0.787,0.993,44265,1
GO:0030163,"protein catabolic process",2.823%,null,null,1.342,-23.4914,0.807,0.918,44265,1
GO:0006401,"RNA catabolic process",5.050%,null,null,1.580,-17.4092,0.692,1.047,44265,1
GO:0019538,"protein metabolic process",16.667%,-4.991, 5.347,2.097,-27.5164,0.849,0.242,19538,0
GO:0015931,"nucleobase-containing compound transport",0.134%, 2.648,-4.206,0.301,-10.4936,0.887,0.257,15931,0
GO:0006897,"endocytosis",0.179%, 2.877,-4.342,0.301,-11.3944,0.918,0.263,6897,0
GO:0006139,"nucleobase-containing compound metabolic process",37.634%,-6.852,-1.240,2.449,-165.3172,0.821,0.263,6139,0
GO:0044711,"single-organism biosynthetic process",9.677%,-4.639,-0.224,1.863,-12.4540,0.870,0.276,44711,0
GO:0055114,"oxidation-reduction process",12.634%,-1.548,-4.068,1.978,-11.3867,0.938,0.279,55114,0
GO:0016192,"vesicle-mediated transport",0.403%, 2.787,-4.255,0.602,-34.7948,0.915,0.283,16192,0
GO:0051649,"establishment of localization in cell",0.403%, 2.506,-3.907,0.602,-87.2255,0.820,0.283,51649,0
GO:0070727,"cellular macromolecule localization",0.403%,null,null,0.602,-64.0072,0.790,0.943,51649,1
GO:0071166,"ribonucleoprotein complex localization",0.314%,null,null,0.477,-21.8094,0.824,0.922,51649,1
GO:1902582,"single-organism intracellular transport",2.567%,null,null,1.301,-36.9158,0.749,1.232,51649,1
GO:0006886,"intracellular protein transport",0.269%,null,null,0.477,-40.9846,0.782,0.961,51649,1
GO:0044743,"intracellular protein transmembrane import",0.254%,null,null,0.301,-9.5848,0.750,0.993,51649,1
GO:0034504,"protein localization to nucleus",0.403%,null,null,0.602,-10.0010,0.786,1.145,51649,1
GO:0046907,"intracellular transport",0.269%,null,null,0.477,-76.8537,0.822,0.909,51649,1
GO:0065002,"intracellular protein transmembrane transport",0.254%,null,null,0.301,-12.3714,0.750,0.993,51649,1
GO:0006605,"protein targeting",0.269%,null,null,0.477,-32.1903,0.766,1.232,51649,1
GO:0072594,"establishment of protein localization to organelle",0.403%,null,null,0.602,-34.3669,0.786,0.996,51649,1
GO:0006405,"RNA export from nucleus",0.269%,null,null,0.477,-15.4573,0.776,1.232,51649,1
GO:0006406,"mRNA export from nucleus",6.228%,null,null,1.672,-9.5848,0.553,1.847,51649,1
GO:0071426,"ribonucleoprotein complex export from nucleus",0.269%,null,null,0.477,-21.3976,0.800,1.232,51649,1
GO:0071427,"mRNA-containing ribonucleoprotein complex export from nucleus",6.228%,null,null,1.672,-9.5848,0.721,2.126,51649,1
GO:0071428,"rRNA-containing ribonucleoprotein complex export from nucleus",6.228%,null,null,1.672,-9.3760,0.721,2.126,51649,1
GO:0034613,"cellular protein localization",0.403%,null,null,0.602,-59.3970,0.788,0.943,51649,1
GO:0051656,"establishment of organelle localization",5.780%,null,null,1.643,-23.3085,0.760,1.596,51649,1
GO:0048193,"Golgi vesicle transport",0.224%,null,null,0.301,-19.9442,0.800,0.982,51649,1
GO:0006913,"nucleocytoplasmic transport",0.269%,null,null,0.477,-29.4554,0.817,1.232,51649,1
GO:0051640,"organelle localization",0.314%,null,null,0.477,-33.3952,0.824,0.922,51649,1
GO:0051168,"nuclear export",0.269%,null,null,0.477,-21.4132,0.817,1.232,51649,1
GO:0051169,"nuclear transport",1.418%,null,null,1.041,-29.6595,0.785,1.491,51649,1
GO:0044710,"single-organism metabolic process",44.489%,-0.509,-5.037,2.521,-24.6814,0.931,0.296,44710,0
GO:0033036,"macromolecule localization",0.806%, 2.669,-4.154,0.845,-83.4658,0.910,0.303,33036,0
GO:0008104,"protein localization",0.806%, 2.722,-4.359,0.845,-70.5989,0.837,0.316,8104,0
GO:0015031,"protein transport",0.672%,null,null,0.778,-44.8763,0.834,0.974,8104,1
GO:0051236,"establishment of RNA localization",5.780%,null,null,1.643,-16.8857,0.794,1.468,8104,1
GO:0071806,"protein transmembrane transport",1.938%,null,null,1.176,-12.3714,0.769,1.307,8104,1
GO:0017038,"protein import",2.567%,null,null,1.301,-21.4132,0.785,1.127,8104,1
GO:0006403,"RNA localization",0.605%,null,null,0.699,-21.6035,0.841,0.963,8104,1
GO:0045184,"establishment of protein localization",0.806%,null,null,0.845,-49.3660,0.837,0.992,8104,1
GO:0071702,"organic substance transport",1.210%, 2.969,-4.444,1.000,-27.8732,0.906,0.329,71702,0
GO:0006508,"proteolysis",3.226%,-3.999, 4.679,1.398,-27.4282,0.854,0.334,6508,0
GO:0006310,"DNA recombination",0.403%,-7.757, 2.415,0.602,-22.6240,0.837,0.367,6310,0
GO:0019438,"aromatic compound biosynthetic process",13.172%,-6.650, 0.196,1.996,-81.9091,0.827,0.367,19438,0
GO:2000113,"negative regulation of cellular macromolecule biosynthetic process",4.620%,-2.347, 6.941,1.544,-47.1288,0.541,0.371,2000113,0
GO:0090501,"RNA phosphodiester bond hydrolysis",0.134%,-7.011, 2.649,0.301,-12.2589,0.831,0.375,90501,0
GO:1901362,"organic cyclic compound biosynthetic process",13.710%,-5.881, 0.667,2.013,-80.0631,0.847,0.382,1901362,0
GO:0022607,"cellular component assembly",0.134%, 6.385, 0.033,0.301,-95.2802,0.782,0.382,22607,0
GO:0022613,"ribonucleoprotein complex biogenesis",2.142%,null,null,1.204,-23.7305,0.734,1.502,22607,1
GO:0022618,"ribonucleoprotein complex assembly",0.134%,null,null,0.301,-23.7743,0.778,0.999,22607,1
GO:0051258,"protein polymerization",0.134%,null,null,0.301,-9.3760,0.778,0.999,22607,1
GO:0070271,"protein complex biogenesis",0.134%,null,null,0.301,-35.2965,0.793,0.999,22607,1
GO:0043623,"cellular protein complex assembly",0.134%,null,null,0.301,-27.7677,0.778,0.999,22607,1
GO:0044087,"regulation of cellular component biogenesis",6.156%,null,null,1.663,-26.2413,0.457,2.014,22607,1
GO:0065004,"protein-DNA complex assembly",0.134%,null,null,0.301,-18.5225,0.777,0.999,22607,1
GO:0065003,"macromolecular complex assembly",0.134%,null,null,0.301,-83.9652,0.778,0.999,22607,1
GO:0000462,"maturation of SSU-rRNA from tricistronic rRNA transcript (SSU-rRNA, 5.8S rRNA, LSU-rRNA)",0.134%,null,null,0.301,-10.6583,0.639,0.999,22607,1
GO:0000466,"maturation of 5.8S rRNA from tricistronic rRNA transcript (SSU-rRNA, 5.8S rRNA, LSU-rRNA)",0.134%,null,null,0.301,-10.1282,0.639,0.999,22607,1
GO:0000460,"maturation of 5.8S rRNA",0.134%,null,null,0.301,-10.3210,0.639,0.999,22607,1
GO:0042273,"ribosomal large subunit biogenesis",0.134%,null,null,0.301,-21.2182,0.793,1.143,22607,1
GO:0042274,"ribosomal small subunit biogenesis",0.134%,null,null,0.301,-15.8416,0.793,1.143,22607,1
GO:0042255,"ribosome assembly",0.134%,null,null,0.301,-10.5914,0.743,1.143,22607,1
GO:0042254,"ribosome biogenesis",0.134%,null,null,0.301,-14.1448,0.793,1.143,22607,1
GO:0070925,"organelle assembly",0.710%,null,null,0.778,-25.5933,0.706,1.143,22607,1
GO:0030490,"maturation of SSU-rRNA",0.134%,null,null,0.301,-10.9244,0.639,0.999,22607,1
GO:0034622,"cellular macromolecular complex assembly",0.134%,null,null,0.301,-73.7043,0.778,0.999,22607,1
GO:0006461,"protein complex assembly",0.134%,null,null,0.301,-36.9550,0.778,0.999,22607,1
GO:0043254,"regulation of protein complex assembly",2.304%,null,null,1.230,-14.1397,0.495,1.734,22607,1
GO:0044085,"cellular component biogenesis",0.134%, 6.237, 0.096,0.301,-94.5350,0.871,0.382,44085,0
GO:0044802,"single-organism membrane organization",0.134%, 6.474, 0.000,0.301,-28.9141,0.828,0.382,44802,0
GO:0061025,"membrane fusion",0.134%,null,null,0.301,-10.5136,0.844,0.999,44802,1
GO:0044801,"single-organism membrane fusion",0.134%,null,null,0.301,-9.7574,0.828,0.999,44802,1
GO:0072657,"protein localization to membrane",0.134%,null,null,0.301,-13.3872,0.664,0.999,44802,1
GO:0090150,"establishment of protein localization to membrane",0.134%,null,null,0.301,-12.6302,0.664,0.999,44802,1
GO:0061024,"membrane organization",0.134%, 6.508,-0.099,0.301,-32.7354,0.859,0.382,61024,0
GO:0042592,"homeostatic process",0.134%, 1.936, 8.027,0.301,-12.3333,0.793,0.383,42592,0
GO:0065008,"regulation of biological quality",0.134%, 1.826, 7.831,0.301,-26.8554,0.793,0.383,65008,0
GO:0009057,"macromolecule catabolic process",3.629%,-5.151, 3.775,1.447,-40.4528,0.853,0.392,9057,0
GO:0018130,"heterocycle biosynthetic process",13.710%,-6.311, 0.180,2.013,-76.8862,0.827,0.395,18130,0
GO:0072521,"purine-containing compound metabolic process",16.398%,-6.251,-1.217,2.090,-9.9245,0.849,0.396,72521,0
GO:0006397,"mRNA processing",0.269%,-6.518, 3.106,0.477,-20.2187,0.795,0.404,6397,0
GO:1902589,"single-organism organelle organization",0.269%, 6.671, 0.061,0.477,-84.4079,0.792,0.410,1902589,0
GO:0006399,"tRNA metabolic process",0.403%,-6.667, 2.496,0.602,-9.5928,0.799,0.423,6399,0
GO:0034660,"ncRNA metabolic process",0.403%,-6.388, 2.417,0.602,-18.1269,0.811,0.423,34660,0
GO:0016070,"RNA metabolic process",12.231%,-7.384, 2.290,1.964,-111.4022,0.754,0.429,16070,0
GO:0002181,"cytoplasmic translation",2.184%,-5.503, 4.923,1.230,-15.7595,0.774,0.429,2181,0
GO:0065009,"regulation of molecular function",0.403%, 1.781, 7.903,0.602,-27.9971,0.769,0.432,65009,0
GO:0090304,"nucleic acid metabolic process",22.849%,-6.821, 1.375,2.233,-149.3163,0.784,0.450,90304,0
GO:0044260,"cellular macromolecule metabolic process",31.452%,-6.413, 3.792,2.371,-126.7425,0.801,0.460,44260,0
GO:0010467,"gene expression",23.253%,-5.129, 5.374,2.241,-38.0950,0.841,0.463,10467,0
GO:0090305,"nucleic acid phosphodiester bond hydrolysis",6.317%,-7.089, 2.212,1.681,-18.8309,0.786,0.468,90305,0
GO:0006260,"DNA replication",2.016%,-6.981, 2.528,1.204,-21.5616,0.785,0.472,6260,0
GO:0051234,"establishment of localization",16.263%, 3.104,-4.916,2.086,-55.7530,0.872,0.488,51234,0
GO:1901576,"organic substance biosynthetic process",31.855%,-3.359, 2.147,2.377,-51.6807,0.862,0.490,1901576,0
GO:0051246,"regulation of protein metabolic process",0.134%,-0.033, 8.193,0.301,-30.8767,0.704,0.490,51246,0
GO:0034641,"cellular nitrogen compound metabolic process",41.129%,-5.780,-1.281,2.487,-72.5988,0.849,0.491,34641,0
GO:0044271,"cellular nitrogen compound biosynthetic process",14.382%,-6.745,-0.025,2.033,-23.8433,0.822,0.497,44271,0
GO:0009966,"regulation of signal transduction",0.269%, 1.297, 7.241,0.477,-14.7613,0.707,0.501,9966,0
GO:1902531,"regulation of intracellular signal transduction",0.269%,null,null,0.477,-9.3760,0.707,0.997,9966,1
GO:0048583,"regulation of response to stimulus",0.269%, 1.351, 7.587,0.477,-23.3713,0.745,0.501,48583,0
GO:0006259,"DNA metabolic process",8.737%,-7.119, 2.372,1.820,-63.7386,0.767,0.502,6259,0
GO:0006396,"RNA processing",1.747%,-6.811, 2.913,1.146,-21.0428,0.772,0.508,6396,0
GO:0010646,"regulation of cell communication",0.269%, 1.912, 8.051,0.477,-16.1633,0.744,0.509,10646,0
GO:0023051,"regulation of signaling",0.269%, 1.956, 8.295,0.477,-15.7622,0.769,0.509,23051,0
GO:0006796,"phosphate-containing compound metabolic process",19.758%,-3.471,-4.721,2.170,-46.0079,0.875,0.515,6796,0
GO:0044248,"cellular catabolic process",16.667%,-3.784,-3.183,2.097,-22.0819,0.871,0.516,44248,0
GO:0019220,"regulation of phosphate metabolic process",0.269%, 1.038, 7.564,0.477,-23.8719,0.697,0.523,19220,0
GO:0042325,"regulation of phosphorylation",0.565%,null,null,0.699,-14.7625,0.671,1.064,19220,1
GO:0051174,"regulation of phosphorus metabolic process",0.269%, 0.999, 7.131,0.477,-23.8719,0.703,0.523,51174,0
GO:0044267,"cellular protein metabolic process",10.618%,-5.704, 5.348,1.903,-24.5215,0.785,0.526,44267,0
GO:0050790,"regulation of catalytic activity",0.403%, 1.699, 8.043,0.602,-24.1844,0.720,0.543,50790,0
GO:0051338,"regulation of transferase activity",0.269%,null,null,0.477,-11.8589,0.731,0.961,50790,1
GO:0043085,"positive regulation of catalytic activity",0.269%,null,null,0.477,-10.7887,0.731,0.961,50790,1
GO:0044093,"positive regulation of molecular function",0.269%,null,null,0.477,-13.1660,0.769,0.961,50790,1
GO:0007010,"cytoskeleton organization",0.134%, 6.111, 0.362,0.301,-38.3543,0.819,0.545,7010,0
GO:0030036,"actin cytoskeleton organization",0.134%, 6.007, 0.423,0.301,-15.5068,0.780,0.545,30036,0
GO:0051493,"regulation of cytoskeleton organization",0.549%,null,null,0.602,-10.1884,0.592,1.374,30036,1
GO:0007015,"actin filament organization",3.599%,null,null,1.431,-9.7859,0.691,1.708,30036,1
GO:0000226,"microtubule cytoskeleton organization",1.217%,null,null,0.954,-15.3615,0.730,1.198,30036,1
GO:0051276,"chromosome organization",0.134%, 6.577, 0.152,0.301,-59.3793,0.819,0.545,51276,0
GO:0051783,"regulation of nuclear division",0.134%, 4.180, 5.707,0.301,-20.5749,0.628,0.545,51783,0
GO:0016071,"mRNA metabolic process",3.585%,-7.516, 2.642,1.431,-37.1448,0.755,0.564,16071,0
GO:0034645,"cellular macromolecule biosynthetic process",21.909%,-5.861, 3.251,2.215,-34.7871,0.737,0.576,34645,0
GO:0009059,"macromolecule biosynthetic process",22.312%,-6.051, 5.042,2.223,-35.5724,0.801,0.580,9059,0
GO:0071824,"protein-DNA complex subunit organization",4.913%, 6.703,-0.035,1.568,-29.8859,0.789,0.592,71824,0
GO:0033554,"cellular response to stress",1.210%, 0.482, 3.156,1.000,-67.8203,0.916,0.598,33554,0
GO:0006366,"transcription from RNA polymerase II promoter",2.957%,-7.224, 3.032,1.362,-56.1674,0.706,0.609,6366,0
GO:0051129,"negative regulation of cellular component organization",4.137%, 3.811, 5.749,1.491,-21.9631,0.553,0.624,51129,0
GO:0006914,"autophagy",10.726%,-2.931,-1.559,1.903,-12.5978,0.876,0.654,6914,0
GO:0010033,"response to organic substance",2.419%, 0.651, 3.258,1.279,-20.6251,0.936,0.656,10033,0
GO:0070887,"cellular response to chemical stimulus",2.419%,null,null,1.279,-17.4588,0.910,0.932,10033,1
GO:0071310,"cellular response to organic substance",2.285%,null,null,1.255,-15.2556,0.910,0.924,10033,1
GO:0044249,"cellular biosynthetic process",31.452%,-4.836,-0.447,2.371,-49.7955,0.831,0.666,44249,0
GO:0034654,"nucleobase-containing compound biosynthetic process",12.634%,-6.357, 0.274,1.978,-91.7773,0.771,0.667,34654,0
GO:0042221,"response to chemical",2.823%, 0.691, 3.285,1.342,-21.8406,0.939,0.670,42221,0
GO:0031123,"RNA 3'-end processing",0.269%,-6.307, 3.044,0.477,-11.4447,0.797,0.672,31123,0
GO:0009628,"response to abiotic stimulus",2.991%, 1.034, 3.503,1.362,-14.0191,0.938,0.676,9628,0
GO:0000956,"nuclear-transcribed mRNA catabolic process",0.269%,-7.162, 1.880,0.477,-14.4100,0.780,0.686,956,0
GO:0006402,"mRNA catabolic process",0.269%,-6.691, 1.918,0.477,-15.3937,0.780,0.686,6402,0
GO:0006352,"DNA-templated transcription, initiation",0.538%,-7.072, 3.230,0.699,-10.1884,0.760,0.705,6352,0
GO:0016458,"gene silencing",2.901%,-1.453, 7.426,1.342,-25.1885,0.573,0.717,16458,0
GO:0050794,"regulation of cellular process",11.828%, 1.702, 8.054,1.949,-189.9934,0.621,0.718,50794,0
GO:0048523,"negative regulation of cellular process",15.685%,null,null,2.068,-90.9899,0.601,0.938,50794,1
GO:0048522,"positive regulation of cellular process",15.685%,null,null,2.068,-74.6211,0.601,1.035,50794,1
GO:0048519,"negative regulation of biological process",17.219%,null,null,2.111,-91.3449,0.613,1.035,50794,1
GO:0048518,"positive regulation of biological process",17.219%,null,null,2.111,-76.7727,0.613,1.063,50794,1
GO:0007165,"signal transduction",4.301%, 1.083, 7.304,1.519,-34.6439,0.603,0.724,7165,0
GO:0044700,"single organism signaling",4.301%,null,null,1.519,-34.6439,0.945,0.957,7165,1
GO:0045814,"negative regulation of gene expression, epigenetic",3.147%,-1.383, 7.816,1.380,-23.7745,0.591,0.726,45814,0
GO:0006281,"DNA repair",1.075%,-6.307, 3.723,0.954,-42.8494,0.749,0.733,6281,0
GO:0006974,"cellular response to DNA damage stimulus",1.075%,null,null,0.954,-47.0971,0.912,0.962,6281,1
GO:0006325,"chromatin organization",3.522%, 6.564, 0.176,1.431,-55.5277,0.712,0.738,6325,0
GO:0006338,"chromatin remodeling",0.134%,null,null,0.301,-12.6124,0.791,1.326,6325,1
GO:0006333,"chromatin assembly or disassembly",2.733%,null,null,1.322,-10.4099,0.720,1.901,6325,1
GO:0000819,"sister chromatid segregation",0.901%,null,null,0.845,-24.2642,0.613,1.639,6325,1
GO:0034728,"nucleosome organization",2.733%,null,null,1.322,-12.0661,0.720,1.901,6325,1
GO:0000070,"mitotic sister chromatid segregation",0.134%,null,null,0.301,-21.8094,0.670,1.326,6325,1
GO:0016570,"histone modification",5.711%,null,null,1.633,-18.3767,0.480,2.127,6325,1
GO:0016569,"covalent chromatin modification",0.134%,null,null,0.301,-18.3767,0.791,1.326,6325,1
GO:0007005,"mitochondrion organization",2.688%,null,null,1.322,-14.2119,0.761,0.981,6325,1
GO:0071103,"DNA conformation change",1.344%,null,null,1.041,-15.8013,0.746,1.725,6325,1
GO:0016043,"cellular component organization",11.290%, 6.714,-0.011,1.929,-230.6104,0.777,0.745,16043,0
GO:0051052,"regulation of DNA metabolic process",3.953%,-3.290, 6.215,1.477,-14.0175,0.534,0.752,51052,0
GO:0009150,"purine ribonucleotide metabolic process",16.263%,-5.870,-1.822,2.086,-11.2824,0.776,0.757,9150,0
GO:0019637,"organophosphate metabolic process",17.070%,-2.847,-3.223,2.107,-12.4315,0.873,0.768,19637,0
GO:0051128,"regulation of cellular component organization",5.736%, 3.741, 5.770,1.633,-65.5380,0.540,0.768,51128,0
GO:0071826,"ribonucleoprotein complex subunit organization",4.913%, 6.712,-0.078,1.568,-26.0896,0.789,0.768,71826,0
GO:0034655,"nucleobase-containing compound catabolic process",16.667%,-6.438,-0.790,2.097,-13.2149,0.797,0.768,34655,0
GO:1901575,"organic substance catabolic process",19.489%,-2.949,-1.790,2.164,-19.6465,0.899,0.768,1901575,0
GO:0051716,"cellular response to stimulus",5.511%, 1.502, 3.932,1.623,-96.0252,0.910,0.772,51716,0
GO:0051253,"negative regulation of RNA metabolic process",4.799%,-3.473, 6.262,1.556,-37.2418,0.509,0.776,51253,0
GO:0044765,"single-organism transport",12.634%, 2.476,-5.238,1.978,-17.1863,0.843,0.783,44765,0
GO:0032268,"regulation of cellular protein metabolic process",4.928%,-1.961, 7.521,1.568,-29.3859,0.500,0.785,32268,0
GO:0001932,"regulation of protein phosphorylation",0.134%,null,null,0.301,-11.8589,0.620,1.372,32268,1
GO:0032269,"negative regulation of cellular protein metabolic process",4.803%,null,null,1.556,-10.5914,0.501,2.184,32268,1
GO:0051248,"negative regulation of protein metabolic process",4.016%,null,null,1.477,-10.5914,0.541,2.122,32268,1
GO:0051247,"positive regulation of protein metabolic process",4.010%,null,null,1.477,-9.5043,0.541,2.121,32268,1
GO:0031399,"regulation of protein modification process",2.038%,null,null,1.204,-18.3644,0.524,1.913,32268,1
GO:0051254,"positive regulation of RNA metabolic process",4.691%,-3.466, 6.274,1.544,-36.1965,0.510,0.785,51254,0
GO:1902578,"single-organism localization",12.769%, 2.212,-4.575,1.982,-22.1929,0.849,0.785,1902578,0
GO:0006511,"ubiquitin-dependent protein catabolic process",0.941%,-4.932, 3.348,0.903,-18.9419,0.791,0.793,6511,0
GO:0043161,"proteasome-mediated ubiquitin-dependent protein catabolic process",0.941%,null,null,0.903,-16.3980,0.791,0.991,6511,1
GO:0019941,"modification-dependent protein catabolic process",0.941%,null,null,0.903,-19.1152,0.791,0.991,6511,1
GO:0010498,"proteasomal protein catabolic process",2.361%,null,null,1.255,-17.1426,0.765,1.099,6511,1
GO:0051603,"proteolysis involved in cellular protein catabolic process",0.941%,-5.090, 3.690,0.903,-22.4664,0.795,0.793,51603,0
GO:0032879,"regulation of localization",7.639%, 2.554, 6.690,1.756,-14.0979,0.574,0.794,32879,0
GO:0035556,"intracellular signal transduction",1.210%, 1.265, 7.627,1.000,-21.6164,0.660,0.796,35556,0
GO:0000377,"RNA splicing, via transesterification reactions with bulged adenosine as nucleophile",1.747%,-7.055, 3.046,1.146,-13.2515,0.746,0.798,377,0
GO:0000375,"RNA splicing, via transesterification reactions",1.747%,null,null,1.146,-13.2702,0.746,1.459,377,1
GO:0000398,"mRNA splicing, via spliceosome",0.269%,null,null,0.477,-13.0648,0.791,1.185,377,1
GO:0008380,"RNA splicing",0.269%,-6.476, 3.135,0.477,-12.5537,0.797,0.798,8380,0
GO:0019222,"regulation of metabolic process",7.930%, 1.714, 8.034,1.778,-119.9161,0.653,0.801,19222,0
GO:0000725,"recombinational repair",0.134%,-4.716, 3.211,0.301,-11.0307,0.795,0.805,725,0
GO:0032774,"RNA biosynthetic process",10.215%,-7.288, 2.567,1.886,-81.6759,0.689,0.809,32774,0
GO:0009141,"nucleoside triphosphate metabolic process",15.860%,-5.849,-1.820,2.076,-10.5665,0.779,0.816,9141,0
GO:0009205,"purine ribonucleoside triphosphate metabolic process",15.860%,-5.748,-1.746,2.076,-9.5690,0.779,0.816,9205,0
GO:0019693,"ribose phosphate metabolic process",16.263%,-2.714,-2.978,2.086,-10.6888,0.871,0.817,19693,0
GO:0022411,"cellular component disassembly",7.930%, 5.851,-0.180,1.778,-11.9678,0.761,0.821,22411,0
GO:0043933,"macromolecular complex subunit organization",8.065%, 6.255, 0.322,1.785,-142.8764,0.786,0.824,43933,0
GO:0010639,"negative regulation of organelle organization",0.710%, 4.095, 5.808,0.778,-15.7622,0.592,0.827,10639,0
GO:0000278,"mitotic cell cycle",0.134%, 3.052,-1.928,0.301,-61.4737,0.842,0.830,278,0
GO:0000724,"double-strand break repair via homologous recombination",0.134%,-4.670, 3.189,0.301,-9.3760,0.795,0.830,724,0
GO:1903047,"mitotic cell cycle process",0.134%, 0.954,-1.159,0.301,-58.7960,0.824,0.830,1903047,0
GO:0098813,"nuclear chromosome segregation",1.148%,null,null,0.954,-30.2158,0.789,1.192,1903047,1
GO:0051726,"regulation of cell cycle",6.218%,null,null,1.672,-44.1161,0.514,1.740,1903047,1
GO:0044772,"mitotic cell cycle phase transition",0.134%,null,null,0.301,-28.6378,0.824,0.999,1903047,1
GO:0044770,"cell cycle phase transition",0.388%,null,null,0.477,-28.6378,0.810,1.318,1903047,1
GO:0045930,"negative regulation of mitotic cell cycle",0.158%,null,null,0.301,-12.8951,0.663,1.011,1903047,1
GO:0007346,"regulation of mitotic cell cycle",0.134%,null,null,0.301,-25.6122,0.668,0.999,1903047,1
GO:0051321,"meiotic cell cycle",2.140%,null,null,1.204,-15.5443,0.797,1.489,1903047,1
GO:0010564,"regulation of cell cycle process",0.134%,null,null,0.301,-31.0412,0.659,0.999,1903047,1
GO:0000910,"cytokinesis",0.376%,null,null,0.477,-11.8698,0.805,1.314,1903047,1
GO:1901987,"regulation of cell cycle phase transition",0.134%,null,null,0.301,-15.1779,0.659,1.192,1903047,1
GO:0007127,"meiosis I",0.134%,null,null,0.301,-12.8191,0.684,1.192,1903047,1
GO:0007126,"meiotic nuclear division",0.288%,null,null,0.477,-20.3102,0.664,1.280,1903047,1
GO:1901990,"regulation of mitotic cell cycle phase transition",0.134%,null,null,0.301,-15.1779,0.658,1.192,1903047,1
GO:0061640,"cytoskeleton-dependent cytokinesis",0.134%,null,null,0.301,-9.7433,0.821,1.192,1903047,1
GO:0010948,"negative regulation of cell cycle process",0.322%,null,null,0.477,-13.4235,0.632,1.294,1903047,1
GO:0007093,"mitotic cell cycle checkpoint",0.138%,null,null,0.301,-9.9962,0.657,1.195,1903047,1
GO:0000075,"cell cycle checkpoint",0.134%,null,null,0.301,-15.3857,0.831,1.192,1903047,1
GO:0007088,"regulation of mitotic nuclear division",0.134%,null,null,0.301,-13.5172,0.541,1.192,1903047,1
GO:0007067,"mitotic nuclear division",0.134%,null,null,0.301,-28.7739,0.683,1.192,1903047,1
GO:1903046,"meiotic cell cycle process",0.371%,null,null,0.477,-15.2495,0.810,1.312,1903047,1
GO:0045786,"negative regulation of cell cycle",2.922%,null,null,1.342,-20.5749,0.558,1.373,1903047,1
GO:0006163,"purine nucleotide metabolic process",16.263%,-5.923,-1.835,2.086,-11.8214,0.776,0.832,6163,0
GO:0019439,"aromatic compound catabolic process",16.667%,-6.734,-1.356,2.097,-10.8588,0.817,0.833,19439,0
GO:0044270,"cellular nitrogen compound catabolic process",16.667%,-6.682,-1.589,2.097,-10.8065,0.817,0.833,44270,0
GO:0046700,"heterocycle catabolic process",16.667%,-6.304,-1.277,2.097,-10.2956,0.819,0.833,46700,0
GO:0016050,"vesicle organization",0.782%, 6.698, 0.047,0.778,-10.2120,0.789,0.834,16050,0
GO:0048284,"organelle fusion",0.782%, 6.271, 0.370,0.778,-13.4299,0.789,0.834,48284,0
GO:0006810,"transport",16.129%, 3.112,-4.873,2.083,-48.3303,0.872,0.835,6810,0
GO:0050658,"RNA transport",0.134%, 2.643,-4.327,0.301,-16.8857,0.847,0.836,50658,0
GO:0050657,"nucleic acid transport",0.134%,null,null,0.301,-17.2944,0.882,0.999,50658,1
GO:0051028,"mRNA transport",0.269%,null,null,0.477,-9.5848,0.838,1.054,50658,1
GO:0000280,"nuclear division",0.806%, 6.828, 0.123,0.845,-42.5506,0.780,0.837,280,0
GO:0033043,"regulation of organelle organization",0.806%, 4.000, 5.667,0.845,-38.2503,0.591,0.837,33043,0
GO:0048285,"organelle fission",0.806%, 6.293, 0.351,0.845,-44.5351,0.789,0.837,48285,0
GO:0071822,"protein complex subunit organization",8.065%, 6.752,-0.002,1.785,-44.4357,0.776,0.837,71822,0
GO:0032984,"macromolecular complex disassembly",7.930%,null,null,1.778,-11.1835,0.751,0.916,71822,1
GO:0009259,"ribonucleotide metabolic process",16.263%,-5.734,-1.709,2.086,-11.0878,0.778,0.837,9259,0
GO:0031323,"regulation of cellular metabolic process",7.796%, 1.585, 8.211,1.771,-118.6361,0.578,0.839,31323,0
GO:0080090,"regulation of primary metabolic process",7.930%,null,null,1.778,-114.9847,0.594,0.918,31323,1
GO:0031324,"negative regulation of cellular metabolic process",11.333%,null,null,1.929,-59.3759,0.551,1.286,31323,1
GO:0031325,"positive regulation of cellular metabolic process",11.339%,null,null,1.929,-53.6986,0.550,1.287,31323,1
GO:0051252,"regulation of RNA metabolic process",7.527%,null,null,1.756,-69.3227,0.478,0.908,31323,1
GO:0045934,"negative regulation of nucleobase-containing compound metabolic process",10.187%,null,null,1.881,-43.3518,0.522,1.250,31323,1
GO:0045935,"positive regulation of nucleobase-containing compound metabolic process",10.555%,null,null,1.898,-40.8285,0.519,1.262,31323,1
GO:0010604,"positive regulation of macromolecule metabolic process",10.854%,null,null,1.908,-51.2448,0.527,1.271,31323,1
GO:0010605,"negative regulation of macromolecule metabolic process",10.845%,null,null,1.908,-55.3350,0.527,1.271,31323,1
GO:0010557,"positive regulation of macromolecule biosynthetic process",8.787%,null,null,1.820,-37.9220,0.520,1.202,31323,1
GO:0010558,"negative regulation of macromolecule biosynthetic process",8.759%,null,null,1.820,-47.1288,0.520,1.201,31323,1
GO:0060255,"regulation of macromolecule metabolic process",7.661%,null,null,1.763,-113.6503,0.554,0.911,31323,1
GO:0009893,"positive regulation of metabolic process",23.448%,null,null,2.243,-54.4583,0.522,1.609,31323,1
GO:0009892,"negative regulation of metabolic process",23.448%,null,null,2.243,-58.5866,0.522,1.171,31323,1
GO:0009891,"positive regulation of biosynthetic process",13.266%,null,null,1.996,-40.3068,0.539,1.345,31323,1
GO:0009890,"negative regulation of biosynthetic process",13.251%,null,null,1.996,-50.7201,0.539,1.344,31323,1
GO:0009889,"regulation of biosynthetic process",7.527%,null,null,1.756,-89.4183,0.582,0.908,31323,1
GO:0051173,"positive regulation of nitrogen compound metabolic process",14.650%,null,null,2.037,-43.2154,0.527,1.384,31323,1
GO:0051172,"negative regulation of nitrogen compound metabolic process",14.631%,null,null,2.037,-51.1219,0.527,1.384,31323,1
GO:0051171,"regulation of nitrogen compound metabolic process",7.796%,null,null,1.771,-94.7246,0.574,0.918,31323,1
GO:0009144,"purine nucleoside triphosphate metabolic process",15.860%,-5.877,-1.833,2.076,-9.9461,0.779,0.841,9144,0
GO:0009199,"ribonucleoside triphosphate metabolic process",15.860%,-5.788,-1.779,2.076,-9.9461,0.779,0.841,9199,0
GO:0051130,"positive regulation of cellular component organization",4.137%, 3.806, 5.763,1.491,-16.7699,0.553,0.846,51130,0
GO:0051784,"negative regulation of nuclear division",0.173%, 4.158, 5.729,0.301,-9.7859,0.619,0.855,51784,0
GO:1902580,"single-organism cellular localization",0.134%, 2.552,-4.021,0.301,-43.9947,0.820,0.857,1902580,0
GO:0006302,"double-strand break repair",0.269%,-6.122, 3.834,0.477,-18.9325,0.783,0.858,6302,0
GO:0050789,"regulation of biological process",11.962%, 1.703, 8.035,1.954,-195.3526,0.640,0.872,50789,0
GO:0006342,"chromatin silencing",2.901%,-3.507, 6.025,1.342,-23.7745,0.498,0.873,6342,0
GO:0006348,"chromatin silencing at telomere",2.901%,null,null,1.342,-10.7887,0.498,0.971,6342,1
GO:0006357,"regulation of transcription from RNA polymerase II promoter",2.957%,-3.582, 6.093,1.362,-44.6238,0.510,0.875,6357,0
GO:0006368,"transcription elongation from RNA polymerase II promoter",2.951%,null,null,1.342,-15.1779,0.705,0.970,6357,1
GO:0045944,"positive regulation of transcription from RNA polymerase II promoter",2.957%,null,null,1.362,-28.3858,0.509,0.970,6357,1
GO:0000122,"negative regulation of transcription from RNA polymerase II promoter",2.938%,null,null,1.342,-16.2123,0.512,0.970,6357,1
GO:0033365,"protein localization to organelle",0.179%, 2.973,-4.765,0.301,-43.9472,0.802,0.878,33365,0
GO:0010629,"negative regulation of gene expression",6.608%,-1.587, 7.607,1.699,-42.9572,0.549,0.886,10629,0
GO:0010628,"positive regulation of gene expression",6.612%,null,null,1.699,-37.3809,0.549,0.903,10629,1
GO:0040029,"regulation of gene expression, epigenetic",6.781%,null,null,1.708,-24.5820,0.547,0.908,10629,1
GO:0045892,"negative regulation of transcription, DNA-templated",3.394%,-3.560, 6.026,1.415,-36.4618,0.502,0.893,45892,0
GO:1902680,"positive regulation of RNA biosynthetic process",5.443%,null,null,1.613,-34.5493,0.487,0.927,45892,1
GO:1902679,"negative regulation of RNA biosynthetic process",5.306%,null,null,1.602,-36.4618,0.488,0.915,45892,1
GO:0006360,"transcription from RNA polymerase I promoter",3.636%,null,null,1.431,-10.4099,0.698,0.958,45892,1
GO:0006355,"regulation of transcription, DNA-templated",7.124%,null,null,1.732,-65.1246,0.451,1.242,45892,1
GO:0006354,"DNA-templated transcription, elongation",4.413%,null,null,1.519,-17.0491,0.689,0.948,45892,1
GO:0006351,"transcription, DNA-templated",9.812%,null,null,1.869,-81.2828,0.648,1.132,45892,1
GO:0045893,"positive regulation of transcription, DNA-templated",3.394%,null,null,1.415,-34.5493,0.502,0.911,45892,1
GO:1903508,"positive regulation of nucleic acid-templated transcription",8.916%,null,null,1.826,-34.5493,0.433,1.300,45892,1
GO:1903507,"negative regulation of nucleic acid-templated transcription",8.916%,null,null,1.826,-36.4618,0.433,1.300,45892,1
GO:1903506,"regulation of nucleic acid-templated transcription",9.812%,null,null,1.869,-65.1246,0.426,1.327,45892,1
GO:0010468,"regulation of gene expression",7.124%,-1.630, 7.485,1.732,-77.1488,0.545,0.899,10468,0
GO:2000112,"regulation of cellular macromolecule biosynthetic process",7.124%,-2.464, 6.824,1.732,-83.0376,0.514,0.899,2000112,0
GO:0031328,"positive regulation of cellular biosynthetic process",7.104%,null,null,1.724,-40.3068,0.559,0.905,2000112,1
GO:0031326,"regulation of cellular biosynthetic process",7.527%,null,null,1.756,-89.9560,0.555,0.915,2000112,1
GO:2001141,"regulation of RNA biosynthetic process",7.527%,null,null,1.756,-65.1246,0.466,0.925,2000112,1
GO:0019219,"regulation of nucleobase-containing compound metabolic process",7.796%,null,null,1.771,-83.0019,0.542,0.916,2000112,1
GO:0010556,"regulation of macromolecule biosynthetic process",7.527%,null,null,1.756,-84.4020,0.531,0.925,2000112,1
GO:0031327,"negative regulation of cellular biosynthetic process",6.874%,-0.105, 7.863,1.716,-50.7201,0.561,0.899,31327,0
